sample_uid,class_uid,slug,label_original,language,dialect,source_type,user_id,session_id,fps_original,fps_processed,seq_len,augment_id,completeness,file_path,storage_key,storage_url,checksum,created_at,sample_id,class_idx,folder_name,file,label_slug,label_key
ce799f62ba,a447f40e-4e68-42c2-b20d-08ac5b12c451,d,D,vn,bang-chu-cai,camera,Trân,1778824957715,,,60,0,None,https://drive.google.com/file/d/1t91tQix0XYvQYFaHWvF6XSv7llBMEW6h/view,features/vn/bang-chu-cai/class_d_a447f40e/sample_ce799f62ba.npz,https://drive.google.com/file/d/1t91tQix0XYvQYFaHWvF6XSv7llBMEW6h/view,,2026-05-15T07:06:01.340021Z,ce799f62ba,12,class_d_a447f40e,sample_ce799f62ba.npz,d,vn/bang-chu-cai/d
83a9da38a6,a447f40e-4e68-42c2-b20d-08ac5b12c451,d,D,vn,bang-chu-cai,camera,ha,1778772990754,,,60,0,None,https://drive.google.com/file/d/1SJI5sdeOSsPNN34fT5YZHDkO2kovGtgM/view,features/vn/bang-chu-cai/class_d_a447f40e/sample_83a9da38a6.npz,https://drive.google.com/file/d/1SJI5sdeOSsPNN34fT5YZHDkO2kovGtgM/view,,2026-05-14T15:38:04.051354Z,83a9da38a6,12,class_d_a447f40e,sample_83a9da38a6.npz,d,vn/bang-chu-cai/d
767b77dce2,a447f40e-4e68-42c2-b20d-08ac5b12c451,d,D,vn,bang-chu-cai,camera,ha,1778772990754,,,60,0,None,https://drive.google.com/file/d/1iHmYY1PeSj7kkk9JlXosnUbEcjOHvF3T/view,features/vn/bang-chu-cai/class_d_a447f40e/sample_767b77dce2.npz,https://drive.google.com/file/d/1iHmYY1PeSj7kkk9JlXosnUbEcjOHvF3T/view,,2026-05-14T15:39:53.729183Z,767b77dce2,12,class_d_a447f40e,sample_767b77dce2.npz,d,vn/bang-chu-cai/d
e4754f50c6,a447f40e-4e68-42c2-b20d-08ac5b12c451,d,D,vn,bang-chu-cai,camera,Hoàng Anh,1778773741460,,,60,0,None,https://drive.google.com/file/d/1nkUsJknEJp1uSWlwBy86FWoNey2St6xO/view,features/vn/bang-chu-cai/class_d_a447f40e/sample_e4754f50c6.npz,https://drive.google.com/file/d/1nkUsJknEJp1uSWlwBy86FWoNey2St6xO/view,,2026-05-14T15:49:54.337569Z,e4754f50c6,12,class_d_a447f40e,sample_e4754f50c6.npz,d,vn/bang-chu-cai/d
d51477111c,a447f40e-4e68-42c2-b20d-08ac5b12c451,d,D,vn,bang-chu-cai,camera,ha,1778772990754,,,60,0,None,https://drive.google.com/file/d/178z26HU0i5cB8gg0SO3YyvHk9EsHE4FV/view,features/vn/bang-chu-cai/class_d_a447f40e/sample_d51477111c.npz,https://drive.google.com/file/d/178z26HU0i5cB8gg0SO3YyvHk9EsHE4FV/view,,2026-05-14T15:40:09.308001Z,d51477111c,12,class_d_a447f40e,sample_d51477111c.npz,d,vn/bang-chu-cai/d
42fee3d866,a447f40e-4e68-42c2-b20d-08ac5b12c451,d,D,vn,bang-chu-cai,camera,ha,1778772990754,,,60,0,None,https://drive.google.com/file/d/14e3N4ciAGt6epoGEct97DdsZygAF-73H/view,features/vn/bang-chu-cai/class_d_a447f40e/sample_42fee3d866.npz,https://drive.google.com/file/d/14e3N4ciAGt6epoGEct97DdsZygAF-73H/view,,2026-05-14T15:39:08.700308Z,42fee3d866,12,class_d_a447f40e,sample_42fee3d866.npz,d,vn/bang-chu-cai/d
2c037ed07c,a447f40e-4e68-42c2-b20d-08ac5b12c451,d,D,vn,bang-chu-cai,camera,Hoàng Anh,1778773741460,,,60,0,None,https://drive.google.com/file/d/1XHt3PV_uwXNFnHTV6nHcK3_1v5xm5cdk/view,features/vn/bang-chu-cai/class_d_a447f40e/sample_2c037ed07c.npz,https://drive.google.com/file/d/1XHt3PV_uwXNFnHTV6nHcK3_1v5xm5cdk/view,,2026-05-14T15:50:52.631357Z,2c037ed07c,12,class_d_a447f40e,sample_2c037ed07c.npz,d,vn/bang-chu-cai/d
822eb2ae1c,a447f40e-4e68-42c2-b20d-08ac5b12c451,d,D,vn,bang-chu-cai,camera,Trân,1778824957715,,,60,0,None,https://drive.google.com/file/d/18gsFwOMNH5r6JH0j76O6uqdowoIHLMdZ/view,features/vn/bang-chu-cai/class_d_a447f40e/sample_822eb2ae1c.npz,https://drive.google.com/file/d/18gsFwOMNH5r6JH0j76O6uqdowoIHLMdZ/view,,2026-05-15T07:06:24.217611Z,822eb2ae1c,12,class_d_a447f40e,sample_822eb2ae1c.npz,d,vn/bang-chu-cai/d
cd71cd35c5,a447f40e-4e68-42c2-b20d-08ac5b12c451,d,D,vn,bang-chu-cai,camera,Hoàng Anh,1778773741460,,,60,0,None,https://drive.google.com/file/d/1RVu3MESxgzjAm5ld0jXtuAiteO4Pvdn6/view,features/vn/bang-chu-cai/class_d_a447f40e/sample_cd71cd35c5.npz,https://drive.google.com/file/d/1RVu3MESxgzjAm5ld0jXtuAiteO4Pvdn6/view,,2026-05-14T15:51:32.760465Z,cd71cd35c5,12,class_d_a447f40e,sample_cd71cd35c5.npz,d,vn/bang-chu-cai/d
f894d1cd2e,a447f40e-4e68-42c2-b20d-08ac5b12c451,d,D,vn,bang-chu-cai,camera,Hoàng Anh,1778773741460,,,60,0,None,https://drive.google.com/file/d/1p9SHHLzpg0Lik1wO0ChWsVlfutjlQyR_/view,features/vn/bang-chu-cai/class_d_a447f40e/sample_f894d1cd2e.npz,https://drive.google.com/file/d/1p9SHHLzpg0Lik1wO0ChWsVlfutjlQyR_/view,,2026-05-14T15:50:21.644967Z,f894d1cd2e,12,class_d_a447f40e,sample_f894d1cd2e.npz,d,vn/bang-chu-cai/d
831589bb26,a447f40e-4e68-42c2-b20d-08ac5b12c451,d,D,vn,bang-chu-cai,camera,Hoàng Anh,1778773741460,,,60,0,None,https://drive.google.com/file/d/196DLwGkTCOBgMrbpPRNPCkDmun9rpeF7/view,features/vn/bang-chu-cai/class_d_a447f40e/sample_831589bb26.npz,https://drive.google.com/file/d/196DLwGkTCOBgMrbpPRNPCkDmun9rpeF7/view,,2026-05-14T15:49:27.773806Z,831589bb26,12,class_d_a447f40e,sample_831589bb26.npz,d,vn/bang-chu-cai/d
d02dad1008,a447f40e-4e68-42c2-b20d-08ac5b12c451,d,D,vn,bang-chu-cai,camera,Hoàng Anh,1778773741460,,,60,0,None,https://drive.google.com/file/d/14ml03MfbZj2YZP9dq5kiZi4WgxicI192/view,features/vn/bang-chu-cai/class_d_a447f40e/sample_d02dad1008.npz,https://drive.google.com/file/d/14ml03MfbZj2YZP9dq5kiZi4WgxicI192/view,,2026-05-14T15:49:40.741383Z,d02dad1008,12,class_d_a447f40e,sample_d02dad1008.npz,d,vn/bang-chu-cai/d
188aa9e297,a447f40e-4e68-42c2-b20d-08ac5b12c451,d,D,vn,bang-chu-cai,camera,ha,1778772990754,,,60,0,None,https://drive.google.com/file/d/15enMAos-eQkM9TFF56jfDSGXKGdGSJUM/view,features/vn/bang-chu-cai/class_d_a447f40e/sample_188aa9e297.npz,https://drive.google.com/file/d/15enMAos-eQkM9TFF56jfDSGXKGdGSJUM/view,,2026-05-14T15:37:21.133088Z,188aa9e297,12,class_d_a447f40e,sample_188aa9e297.npz,d,vn/bang-chu-cai/d
bbd4858e46,a447f40e-4e68-42c2-b20d-08ac5b12c451,d,D,vn,bang-chu-cai,camera,ha,1778772990754,,,60,0,None,https://drive.google.com/file/d/11Hmfu8KbKxShCztBi0fzCpONgZGWAYpH/view,features/vn/bang-chu-cai/class_d_a447f40e/sample_bbd4858e46.npz,https://drive.google.com/file/d/11Hmfu8KbKxShCztBi0fzCpONgZGWAYpH/view,,2026-05-14T15:37:07.281624Z,bbd4858e46,12,class_d_a447f40e,sample_bbd4858e46.npz,d,vn/bang-chu-cai/d
fa1bbedf3d,a447f40e-4e68-42c2-b20d-08ac5b12c451,d,D,vn,bang-chu-cai,camera,Trân,1778824957715,,,60,0,None,https://drive.google.com/file/d/1vtj25ROmiFoq9_AkYVjJQIx2bAB7T9cK/view,features/vn/bang-chu-cai/class_d_a447f40e/sample_fa1bbedf3d.npz,https://drive.google.com/file/d/1vtj25ROmiFoq9_AkYVjJQIx2bAB7T9cK/view,,2026-05-15T07:06:12.998528Z,fa1bbedf3d,12,class_d_a447f40e,sample_fa1bbedf3d.npz,d,vn/bang-chu-cai/d
96e1a0a6e1,a447f40e-4e68-42c2-b20d-08ac5b12c451,d,D,vn,bang-chu-cai,camera,Trân,1778824957715,,,60,0,None,https://drive.google.com/file/d/1r2_SE8ysoAnODuU2MlbS49_HjTt8shfQ/view,features/vn/bang-chu-cai/class_d_a447f40e/sample_96e1a0a6e1.npz,https://drive.google.com/file/d/1r2_SE8ysoAnODuU2MlbS49_HjTt8shfQ/view,,2026-05-15T07:05:50.034546Z,96e1a0a6e1,12,class_d_a447f40e,sample_96e1a0a6e1.npz,d,vn/bang-chu-cai/d
1dd83f1a3b,a447f40e-4e68-42c2-b20d-08ac5b12c451,d,D,vn,bang-chu-cai,camera,Hoàng Anh,1778773741460,,,60,0,None,https://drive.google.com/file/d/1V_xf5SwImoVJsk-D6RMYj4js1XQG6Qm_/view,features/vn/bang-chu-cai/class_d_a447f40e/sample_1dd83f1a3b.npz,https://drive.google.com/file/d/1V_xf5SwImoVJsk-D6RMYj4js1XQG6Qm_/view,,2026-05-14T15:50:07.953989Z,1dd83f1a3b,12,class_d_a447f40e,sample_1dd83f1a3b.npz,d,vn/bang-chu-cai/d
fd8604afd1,a447f40e-4e68-42c2-b20d-08ac5b12c451,d,D,vn,bang-chu-cai,camera,ha,1778772990754,,,60,0,None,https://drive.google.com/file/d/1dQCUhKtWdfdCN9NV6l9laj1bL0QXKgcy/view,features/vn/bang-chu-cai/class_d_a447f40e/sample_fd8604afd1.npz,https://drive.google.com/file/d/1dQCUhKtWdfdCN9NV6l9laj1bL0QXKgcy/view,,2026-05-14T15:39:23.950606Z,fd8604afd1,12,class_d_a447f40e,sample_fd8604afd1.npz,d,vn/bang-chu-cai/d
3885b88a22,c09fc8ba-781d-434a-844c-ab57902e06ed,e,E,vn,bang-chu-cai,camera,Minh,1778824957715,,,60,0,None,https://drive.google.com/file/d/1D-DZS7qzCOvgFTEawcjLEmdDfP0tAzlD/view,features/vn/bang-chu-cai/class_e_c09fc8ba/sample_3885b88a22.npz,https://drive.google.com/file/d/1D-DZS7qzCOvgFTEawcjLEmdDfP0tAzlD/view,,2026-05-15T07:17:26.256266Z,3885b88a22,13,class_e_c09fc8ba,sample_3885b88a22.npz,e,vn/bang-chu-cai/e
58b05b77e0,c09fc8ba-781d-434a-844c-ab57902e06ed,e,E,vn,bang-chu-cai,camera,Hoàng Anh,1778774409279,,,60,0,None,https://drive.google.com/file/d/17GsR6R5gG9LMkbMVJBhOmLsmYPjsn4I4/view,features/vn/bang-chu-cai/class_e_c09fc8ba/sample_58b05b77e0.npz,https://drive.google.com/file/d/17GsR6R5gG9LMkbMVJBhOmLsmYPjsn4I4/view,,2026-05-14T16:01:01.228541Z,58b05b77e0,13,class_e_c09fc8ba,sample_58b05b77e0.npz,e,vn/bang-chu-cai/e
2259d66651,c09fc8ba-781d-434a-844c-ab57902e06ed,e,E,vn,bang-chu-cai,camera,Trân,1778824957715,,,60,0,None,https://drive.google.com/file/d/1nKUbExl8F3bzVC-5B58kvMnmSJIrxMFs/view,features/vn/bang-chu-cai/class_e_c09fc8ba/sample_2259d66651.npz,https://drive.google.com/file/d/1nKUbExl8F3bzVC-5B58kvMnmSJIrxMFs/view,,2026-05-15T07:14:28.690198Z,2259d66651,13,class_e_c09fc8ba,sample_2259d66651.npz,e,vn/bang-chu-cai/e
7ea09524d3,c09fc8ba-781d-434a-844c-ab57902e06ed,e,E,vn,bang-chu-cai,camera,Hoàng Anh,1778774409279,,,60,0,None,https://drive.google.com/file/d/1YFGAUnaN5FOW2Uq2s5EQmkxcbHc5sCZZ/view,features/vn/bang-chu-cai/class_e_c09fc8ba/sample_7ea09524d3.npz,https://drive.google.com/file/d/1YFGAUnaN5FOW2Uq2s5EQmkxcbHc5sCZZ/view,,2026-05-14T16:02:22.061583Z,7ea09524d3,13,class_e_c09fc8ba,sample_7ea09524d3.npz,e,vn/bang-chu-cai/e
e0289d8785,c09fc8ba-781d-434a-844c-ab57902e06ed,e,E,vn,bang-chu-cai,camera,Minh,1778824957715,,,60,0,None,https://drive.google.com/file/d/18kXEjhplss-AEUltK4yaekeHK2jWP4Or/view,features/vn/bang-chu-cai/class_e_c09fc8ba/sample_e0289d8785.npz,https://drive.google.com/file/d/18kXEjhplss-AEUltK4yaekeHK2jWP4Or/view,,2026-05-15T07:18:51.470031Z,e0289d8785,13,class_e_c09fc8ba,sample_e0289d8785.npz,e,vn/bang-chu-cai/e
8870908630,c09fc8ba-781d-434a-844c-ab57902e06ed,e,E,vn,bang-chu-cai,camera,Trân,1778824957715,,,60,0,None,https://drive.google.com/file/d/19BgTXAkuGKnz3EkOiQyoMoKbK9LDk1Eh/view,features/vn/bang-chu-cai/class_e_c09fc8ba/sample_8870908630.npz,https://drive.google.com/file/d/19BgTXAkuGKnz3EkOiQyoMoKbK9LDk1Eh/view,,2026-05-15T07:14:39.887863Z,8870908630,13,class_e_c09fc8ba,sample_8870908630.npz,e,vn/bang-chu-cai/e
cfdfdf1427,c09fc8ba-781d-434a-844c-ab57902e06ed,e,E,vn,bang-chu-cai,camera,Hoàng Anh,1778774409279,,,60,0,None,https://drive.google.com/file/d/1LCL4rz_X8FtZjd4aYfumE0TI-WKZ0lHP/view,features/vn/bang-chu-cai/class_e_c09fc8ba/sample_cfdfdf1427.npz,https://drive.google.com/file/d/1LCL4rz_X8FtZjd4aYfumE0TI-WKZ0lHP/view,,2026-05-14T16:02:50.104432Z,cfdfdf1427,13,class_e_c09fc8ba,sample_cfdfdf1427.npz,e,vn/bang-chu-cai/e
6f4f1a8a3c,c09fc8ba-781d-434a-844c-ab57902e06ed,e,E,vn,bang-chu-cai,camera,Trân,1778824957715,,,60,0,None,https://drive.google.com/file/d/1WqbqrKjxq4ndMbVGvuVll_r0Ucm0wK_Q/view,features/vn/bang-chu-cai/class_e_c09fc8ba/sample_6f4f1a8a3c.npz,https://drive.google.com/file/d/1WqbqrKjxq4ndMbVGvuVll_r0Ucm0wK_Q/view,,2026-05-15T07:12:19.931035Z,6f4f1a8a3c,13,class_e_c09fc8ba,sample_6f4f1a8a3c.npz,e,vn/bang-chu-cai/e
c84b4598c6,c09fc8ba-781d-434a-844c-ab57902e06ed,e,E,vn,bang-chu-cai,camera,Hoàng Anh,1778774409279,,,60,0,None,https://drive.google.com/file/d/1uv_e-o6m2EdEgHnAIjEJ6Mz7b7V9KuZd/view,features/vn/bang-chu-cai/class_e_c09fc8ba/sample_c84b4598c6.npz,https://drive.google.com/file/d/1uv_e-o6m2EdEgHnAIjEJ6Mz7b7V9KuZd/view,,2026-05-14T16:00:47.463360Z,c84b4598c6,13,class_e_c09fc8ba,sample_c84b4598c6.npz,e,vn/bang-chu-cai/e
9947f46e65,c09fc8ba-781d-434a-844c-ab57902e06ed,e,E,vn,bang-chu-cai,camera,Trân,1778824957715,,,60,0,None,https://drive.google.com/file/d/1yLBvuIlDGdA1Ecb7MtUbQPWKtL9v1olU/view,features/vn/bang-chu-cai/class_e_c09fc8ba/sample_9947f46e65.npz,https://drive.google.com/file/d/1yLBvuIlDGdA1Ecb7MtUbQPWKtL9v1olU/view,,2026-05-15T07:13:33.621007Z,9947f46e65,13,class_e_c09fc8ba,sample_9947f46e65.npz,e,vn/bang-chu-cai/e
5bf6ae59dd,c09fc8ba-781d-434a-844c-ab57902e06ed,e,E,vn,bang-chu-cai,camera,Hoàng Anh,1778774409279,,,60,0,None,https://drive.google.com/file/d/17BJjspoDby-5-_sP2yy5_v8W8QSCiKAh/view,features/vn/bang-chu-cai/class_e_c09fc8ba/sample_5bf6ae59dd.npz,https://drive.google.com/file/d/17BJjspoDby-5-_sP2yy5_v8W8QSCiKAh/view,,2026-05-14T16:01:28.144794Z,5bf6ae59dd,13,class_e_c09fc8ba,sample_5bf6ae59dd.npz,e,vn/bang-chu-cai/e
46cdd3765b,c09fc8ba-781d-434a-844c-ab57902e06ed,e,E,vn,bang-chu-cai,camera,Minh,1778824957715,,,60,0,None,https://drive.google.com/file/d/13gKGFbqNs_3Xu_7lRK4879UI_EBYnc81/view,features/vn/bang-chu-cai/class_e_c09fc8ba/sample_46cdd3765b.npz,https://drive.google.com/file/d/13gKGFbqNs_3Xu_7lRK4879UI_EBYnc81/view,,2026-05-15T07:17:50.059709Z,46cdd3765b,13,class_e_c09fc8ba,sample_46cdd3765b.npz,e,vn/bang-chu-cai/e
500c7d925d,c09fc8ba-781d-434a-844c-ab57902e06ed,e,E,vn,bang-chu-cai,camera,Trân,1778824957715,,,60,0,None,https://drive.google.com/file/d/12B2C4Qwx0gV4_FhTSI7GBHmwvFoJNd3z/view,features/vn/bang-chu-cai/class_e_c09fc8ba/sample_500c7d925d.npz,https://drive.google.com/file/d/12B2C4Qwx0gV4_FhTSI7GBHmwvFoJNd3z/view,,2026-05-15T07:14:05.885562Z,500c7d925d,13,class_e_c09fc8ba,sample_500c7d925d.npz,e,vn/bang-chu-cai/e
c88abe8e45,c09fc8ba-781d-434a-844c-ab57902e06ed,e,E,vn,bang-chu-cai,camera,Minh,1778824957715,,,60,0,None,https://drive.google.com/file/d/1o7hfRnClTSHP5zUi1mLIsPDl_936s1d2/view,features/vn/bang-chu-cai/class_e_c09fc8ba/sample_c88abe8e45.npz,https://drive.google.com/file/d/1o7hfRnClTSHP5zUi1mLIsPDl_936s1d2/view,,2026-05-15T07:17:37.987544Z,c88abe8e45,13,class_e_c09fc8ba,sample_c88abe8e45.npz,e,vn/bang-chu-cai/e
2cfbcd2e8d,c09fc8ba-781d-434a-844c-ab57902e06ed,e,E,vn,bang-chu-cai,camera,Hoàng Anh,1778774409279,,,60,0,None,https://drive.google.com/file/d/1Fxr_GzxWizyw-sb01iJv2msCqQTwpRjT/view,features/vn/bang-chu-cai/class_e_c09fc8ba/sample_2cfbcd2e8d.npz,https://drive.google.com/file/d/1Fxr_GzxWizyw-sb01iJv2msCqQTwpRjT/view,,2026-05-14T16:03:04.428763Z,2cfbcd2e8d,13,class_e_c09fc8ba,sample_2cfbcd2e8d.npz,e,vn/bang-chu-cai/e
7872a5d5f6,c09fc8ba-781d-434a-844c-ab57902e06ed,e,E,vn,bang-chu-cai,camera,Trân,1778824957715,,,60,0,None,https://drive.google.com/file/d/1-QcHCZvLrQmQ9o6PWI694xg4Aa0uMuwG/view,features/vn/bang-chu-cai/class_e_c09fc8ba/sample_7872a5d5f6.npz,https://drive.google.com/file/d/1-QcHCZvLrQmQ9o6PWI694xg4Aa0uMuwG/view,,2026-05-15T07:12:43.073104Z,7872a5d5f6,13,class_e_c09fc8ba,sample_7872a5d5f6.npz,e,vn/bang-chu-cai/e
d53cbd5c14,c09fc8ba-781d-434a-844c-ab57902e06ed,e,E,vn,bang-chu-cai,camera,Minh,1778824957715,,,60,0,None,https://drive.google.com/file/d/1td3MARtRaSh3hMY7_CTGclefkWqZZdDM/view,features/vn/bang-chu-cai/class_e_c09fc8ba/sample_d53cbd5c14.npz,https://drive.google.com/file/d/1td3MARtRaSh3hMY7_CTGclefkWqZZdDM/view,,2026-05-15T07:18:40.354756Z,d53cbd5c14,13,class_e_c09fc8ba,sample_d53cbd5c14.npz,e,vn/bang-chu-cai/e
2758d29f61,c09fc8ba-781d-434a-844c-ab57902e06ed,e,E,vn,bang-chu-cai,camera,Trân,1778824957715,,,60,0,None,https://drive.google.com/file/d/1S9WDjlTf0ve4sd71hvxuAs0JEf1jPBHJ/view,features/vn/bang-chu-cai/class_e_c09fc8ba/sample_2758d29f61.npz,https://drive.google.com/file/d/1S9WDjlTf0ve4sd71hvxuAs0JEf1jPBHJ/view,,2026-05-15T07:13:45.083799Z,2758d29f61,13,class_e_c09fc8ba,sample_2758d29f61.npz,e,vn/bang-chu-cai/e
a8ccbfd8d9,c09fc8ba-781d-434a-844c-ab57902e06ed,e,E,vn,bang-chu-cai,camera,Minh,1778824957715,,,60,0,None,https://drive.google.com/file/d/1eADkaie5yT0_982BQVVr-RFJQ-hYjO3h/view,features/vn/bang-chu-cai/class_e_c09fc8ba/sample_a8ccbfd8d9.npz,https://drive.google.com/file/d/1eADkaie5yT0_982BQVVr-RFJQ-hYjO3h/view,,2026-05-15T07:18:01.974575Z,a8ccbfd8d9,13,class_e_c09fc8ba,sample_a8ccbfd8d9.npz,e,vn/bang-chu-cai/e
023dba6e41,c09fc8ba-781d-434a-844c-ab57902e06ed,e,E,vn,bang-chu-cai,camera,Trân,1778824957715,,,60,0,None,https://drive.google.com/file/d/14CVleVG62lrQDRQDQfPu2Mm7m4VHzrhP/view,features/vn/bang-chu-cai/class_e_c09fc8ba/sample_023dba6e41.npz,https://drive.google.com/file/d/14CVleVG62lrQDRQDQfPu2Mm7m4VHzrhP/view,,2026-05-15T07:13:22.087827Z,023dba6e41,13,class_e_c09fc8ba,sample_023dba6e41.npz,e,vn/bang-chu-cai/e
e9842a8483,c09fc8ba-781d-434a-844c-ab57902e06ed,e,E,vn,bang-chu-cai,camera,Trân,1778824957715,,,60,0,None,https://drive.google.com/file/d/1oIw4Gq_BTKd7QB5iqtVxB43ExpwuS8TI/view,features/vn/bang-chu-cai/class_e_c09fc8ba/sample_e9842a8483.npz,https://drive.google.com/file/d/1oIw4Gq_BTKd7QB5iqtVxB43ExpwuS8TI/view,,2026-05-15T07:12:58.977966Z,e9842a8483,13,class_e_c09fc8ba,sample_e9842a8483.npz,e,vn/bang-chu-cai/e
596f8c351e,c09fc8ba-781d-434a-844c-ab57902e06ed,e,E,vn,bang-chu-cai,camera,Trân,1778824957715,,,60,0,None,https://drive.google.com/file/d/1xjhbA07_NrchuHg9Zah8nMCQ9nEuywPh/view,features/vn/bang-chu-cai/class_e_c09fc8ba/sample_596f8c351e.npz,https://drive.google.com/file/d/1xjhbA07_NrchuHg9Zah8nMCQ9nEuywPh/view,,2026-05-15T07:12:31.659420Z,596f8c351e,13,class_e_c09fc8ba,sample_596f8c351e.npz,e,vn/bang-chu-cai/e
746492a68e,c09fc8ba-781d-434a-844c-ab57902e06ed,e,E,vn,bang-chu-cai,camera,Trân,1778824957715,,,60,0,None,https://drive.google.com/file/d/1xKcWWDHgM_eyCUhR8PnxVBosjPXmv2QG/view,features/vn/bang-chu-cai/class_e_c09fc8ba/sample_746492a68e.npz,https://drive.google.com/file/d/1xKcWWDHgM_eyCUhR8PnxVBosjPXmv2QG/view,,2026-05-15T07:12:08.401216Z,746492a68e,13,class_e_c09fc8ba,sample_746492a68e.npz,e,vn/bang-chu-cai/e
135da61b85,c09fc8ba-781d-434a-844c-ab57902e06ed,e,E,vn,bang-chu-cai,camera,Minh,1778824957715,,,60,0,None,https://drive.google.com/file/d/1x1FmiDx3348EDKqOiTxHtNl3vV82H-V2/view,features/vn/bang-chu-cai/class_e_c09fc8ba/sample_135da61b85.npz,https://drive.google.com/file/d/1x1FmiDx3348EDKqOiTxHtNl3vV82H-V2/view,,2026-05-15T07:17:13.996647Z,135da61b85,13,class_e_c09fc8ba,sample_135da61b85.npz,e,vn/bang-chu-cai/e
bb34299aac,6a698d04-19f5-4742-94dd-419deab85c49,m,M,vn,bang-chu-cai,camera,Minh,1778824957715,,,60,0,None,https://drive.google.com/file/d/1C6M1nPUgOTNIw6rvbs7meYzyeu_0jq9Z/view,features/vn/bang-chu-cai/class_m_6a698d04/sample_bb34299aac.npz,https://drive.google.com/file/d/1C6M1nPUgOTNIw6rvbs7meYzyeu_0jq9Z/view,,2026-05-15T08:03:11.765205Z,bb34299aac,15,class_m_6a698d04,sample_bb34299aac.npz,m,vn/bang-chu-cai/m
9ec3cc5244,6a698d04-19f5-4742-94dd-419deab85c49,m,M,vn,bang-chu-cai,camera,Minh,1778824957715,,,60,0,None,https://drive.google.com/file/d/136csFTYyUcMp0e3U7UyOs7dw8R7o0pTT/view,features/vn/bang-chu-cai/class_m_6a698d04/sample_9ec3cc5244.npz,https://drive.google.com/file/d/136csFTYyUcMp0e3U7UyOs7dw8R7o0pTT/view,,2026-05-15T08:02:37.151770Z,9ec3cc5244,15,class_m_6a698d04,sample_9ec3cc5244.npz,m,vn/bang-chu-cai/m
92f5fe6c81,6a698d04-19f5-4742-94dd-419deab85c49,m,M,vn,bang-chu-cai,camera,Trân,1778824957715,,,60,0,None,https://drive.google.com/file/d/1eUBYI7yziFhPHeVNFwhGrse4Znr_exmf/view,features/vn/bang-chu-cai/class_m_6a698d04/sample_92f5fe6c81.npz,https://drive.google.com/file/d/1eUBYI7yziFhPHeVNFwhGrse4Znr_exmf/view,,2026-05-15T08:00:31.587973Z,92f5fe6c81,15,class_m_6a698d04,sample_92f5fe6c81.npz,m,vn/bang-chu-cai/m
f2a6d6c4e1,6a698d04-19f5-4742-94dd-419deab85c49,m,M,vn,bang-chu-cai,camera,Ảnh,1778779201800,,,60,0,None,https://drive.google.com/file/d/1ybuA8mqCWIwTVpj76ujLV5OfWS3qyiAM/view,features/vn/bang-chu-cai/class_m_6a698d04/sample_f2a6d6c4e1.npz,https://drive.google.com/file/d/1ybuA8mqCWIwTVpj76ujLV5OfWS3qyiAM/view,,2026-05-14T18:36:28.855715Z,f2a6d6c4e1,15,class_m_6a698d04,sample_f2a6d6c4e1.npz,m,vn/bang-chu-cai/m
dbc5b6774f,6a698d04-19f5-4742-94dd-419deab85c49,m,M,vn,bang-chu-cai,camera,Trân,1778824957715,,,60,0,None,https://drive.google.com/file/d/1BoaO4LYX9gkV7VvduORFPAiyZo9WTcQ7/view,features/vn/bang-chu-cai/class_m_6a698d04/sample_dbc5b6774f.npz,https://drive.google.com/file/d/1BoaO4LYX9gkV7VvduORFPAiyZo9WTcQ7/view,,2026-05-15T07:59:25.226807Z,dbc5b6774f,15,class_m_6a698d04,sample_dbc5b6774f.npz,m,vn/bang-chu-cai/m
62251aeedb,6a698d04-19f5-4742-94dd-419deab85c49,m,M,vn,bang-chu-cai,camera,Minh,1778824957715,,,60,0,None,https://drive.google.com/file/d/1BiKX88Bm_drKdDdPfVsFjrCvRqbbRILr/view,features/vn/bang-chu-cai/class_m_6a698d04/sample_62251aeedb.npz,https://drive.google.com/file/d/1BiKX88Bm_drKdDdPfVsFjrCvRqbbRILr/view,,2026-05-15T08:04:17.962900Z,62251aeedb,15,class_m_6a698d04,sample_62251aeedb.npz,m,vn/bang-chu-cai/m
57bd308ac1,6a698d04-19f5-4742-94dd-419deab85c49,m,M,vn,bang-chu-cai,camera,Trân,1778824957715,,,60,0,None,https://drive.google.com/file/d/1ZxnRkbEp0iQdy2Mabj7v6v2k67Luzx6n/view,features/vn/bang-chu-cai/class_m_6a698d04/sample_57bd308ac1.npz,https://drive.google.com/file/d/1ZxnRkbEp0iQdy2Mabj7v6v2k67Luzx6n/view,,2026-05-15T08:01:45.219948Z,57bd308ac1,15,class_m_6a698d04,sample_57bd308ac1.npz,m,vn/bang-chu-cai/m
99588a2987,6a698d04-19f5-4742-94dd-419deab85c49,m,M,vn,bang-chu-cai,camera,Trân,1778824957715,,,60,0,None,https://drive.google.com/file/d/1PQeHwHNUd-qTGXQekUlT8GfPI1Epn_cL/view,features/vn/bang-chu-cai/class_m_6a698d04/sample_99588a2987.npz,https://drive.google.com/file/d/1PQeHwHNUd-qTGXQekUlT8GfPI1Epn_cL/view,,2026-05-15T08:00:20.262035Z,99588a2987,15,class_m_6a698d04,sample_99588a2987.npz,m,vn/bang-chu-cai/m
9775e79f4d,6a698d04-19f5-4742-94dd-419deab85c49,m,M,vn,bang-chu-cai,camera,Ảnh,1778779201800,,,60,0,None,https://drive.google.com/file/d/1ws0g7VSwDhEBe1GJlPEiVNCBJDyiCHwl/view,features/vn/bang-chu-cai/class_m_6a698d04/sample_9775e79f4d.npz,https://drive.google.com/file/d/1ws0g7VSwDhEBe1GJlPEiVNCBJDyiCHwl/view,,2026-05-14T18:35:56.687399Z,9775e79f4d,15,class_m_6a698d04,sample_9775e79f4d.npz,m,vn/bang-chu-cai/m
a32b373010,6a698d04-19f5-4742-94dd-419deab85c49,m,M,vn,bang-chu-cai,camera,Minh,1778824957715,,,60,0,None,https://drive.google.com/file/d/19eXnVswIkUc7SrGJKeTmGKj8oxD9ulUH/view,features/vn/bang-chu-cai/class_m_6a698d04/sample_a32b373010.npz,https://drive.google.com/file/d/19eXnVswIkUc7SrGJKeTmGKj8oxD9ulUH/view,,2026-05-15T08:03:54.713968Z,a32b373010,15,class_m_6a698d04,sample_a32b373010.npz,m,vn/bang-chu-cai/m
8841a96d17,6a698d04-19f5-4742-94dd-419deab85c49,m,M,vn,bang-chu-cai,camera,Trân,1778824957715,,,60,0,None,https://drive.google.com/file/d/1Y0WUoxZAKJVlOAL8-qhoAiDbwmqQ2Jbu/view,features/vn/bang-chu-cai/class_m_6a698d04/sample_8841a96d17.npz,https://drive.google.com/file/d/1Y0WUoxZAKJVlOAL8-qhoAiDbwmqQ2Jbu/view,,2026-05-15T08:00:43.258410Z,8841a96d17,15,class_m_6a698d04,sample_8841a96d17.npz,m,vn/bang-chu-cai/m
ed61346d0d,6a698d04-19f5-4742-94dd-419deab85c49,m,M,vn,bang-chu-cai,camera,Minh,1778824957715,,,60,0,None,https://drive.google.com/file/d/1-BhEPE76ghGBMdzqNAHGTNDuxw5ECpU2/view,features/vn/bang-chu-cai/class_m_6a698d04/sample_ed61346d0d.npz,https://drive.google.com/file/d/1-BhEPE76ghGBMdzqNAHGTNDuxw5ECpU2/view,,2026-05-15T08:04:06.361836Z,ed61346d0d,15,class_m_6a698d04,sample_ed61346d0d.npz,m,vn/bang-chu-cai/m
fc66eb410d,6a698d04-19f5-4742-94dd-419deab85c49,m,M,vn,bang-chu-cai,camera,Trân,1778824957715,,,60,0,None,https://drive.google.com/file/d/1ucO9VR0c50Eb3lJAJnQj_Pbr_gbxt8Rk/view,features/vn/bang-chu-cai/class_m_6a698d04/sample_fc66eb410d.npz,https://drive.google.com/file/d/1ucO9VR0c50Eb3lJAJnQj_Pbr_gbxt8Rk/view,,2026-05-15T07:59:37.578539Z,fc66eb410d,15,class_m_6a698d04,sample_fc66eb410d.npz,m,vn/bang-chu-cai/m
d1a433b96f,6a698d04-19f5-4742-94dd-419deab85c49,m,M,vn,bang-chu-cai,camera,Minh,1778824957715,,,60,0,None,https://drive.google.com/file/d/1kaMj_uu_TniF-7X_RksCPfNDAgw15LxE/view,features/vn/bang-chu-cai/class_m_6a698d04/sample_d1a433b96f.npz,https://drive.google.com/file/d/1kaMj_uu_TniF-7X_RksCPfNDAgw15LxE/view,,2026-05-15T08:02:25.624106Z,d1a433b96f,15,class_m_6a698d04,sample_d1a433b96f.npz,m,vn/bang-chu-cai/m
ab81f1e93c,6a698d04-19f5-4742-94dd-419deab85c49,m,M,vn,bang-chu-cai,camera,Trân,1778824957715,,,60,0,None,https://drive.google.com/file/d/1_ms76rst4R6_m0hb-NfUlkh2f6km4aZ6/view,features/vn/bang-chu-cai/class_m_6a698d04/sample_ab81f1e93c.npz,https://drive.google.com/file/d/1_ms76rst4R6_m0hb-NfUlkh2f6km4aZ6/view,,2026-05-15T07:59:49.441800Z,ab81f1e93c,15,class_m_6a698d04,sample_ab81f1e93c.npz,m,vn/bang-chu-cai/m
f5680dcaf6,6a698d04-19f5-4742-94dd-419deab85c49,m,M,vn,bang-chu-cai,camera,Minh,1778824957715,,,60,0,None,https://drive.google.com/file/d/1LbTnT2bhfKx777Wa-L4qVt3jNFEGvZX8/view,features/vn/bang-chu-cai/class_m_6a698d04/sample_f5680dcaf6.npz,https://drive.google.com/file/d/1LbTnT2bhfKx777Wa-L4qVt3jNFEGvZX8/view,,2026-05-15T08:03:31.269855Z,f5680dcaf6,15,class_m_6a698d04,sample_f5680dcaf6.npz,m,vn/bang-chu-cai/m
162c0bc204,6a698d04-19f5-4742-94dd-419deab85c49,m,M,vn,bang-chu-cai,camera,Minh,1778824957715,,,60,0,None,https://drive.google.com/file/d/1vDJN5FZx4NejgrAKR5ZR69TBUzlUQxeI/view,features/vn/bang-chu-cai/class_m_6a698d04/sample_162c0bc204.npz,https://drive.google.com/file/d/1vDJN5FZx4NejgrAKR5ZR69TBUzlUQxeI/view,,2026-05-15T08:02:48.946615Z,162c0bc204,15,class_m_6a698d04,sample_162c0bc204.npz,m,vn/bang-chu-cai/m
9e1cb9f574,6a698d04-19f5-4742-94dd-419deab85c49,m,M,vn,bang-chu-cai,camera,Trân,1778824957715,,,60,0,None,https://drive.google.com/file/d/1ITPTQx9R3B3Xs1sVYkbCjLFEXkscjh4M/view,features/vn/bang-chu-cai/class_m_6a698d04/sample_9e1cb9f574.npz,https://drive.google.com/file/d/1ITPTQx9R3B3Xs1sVYkbCjLFEXkscjh4M/view,,2026-05-15T08:01:33.899353Z,9e1cb9f574,15,class_m_6a698d04,sample_9e1cb9f574.npz,m,vn/bang-chu-cai/m
b6478434a5,6a698d04-19f5-4742-94dd-419deab85c49,m,M,vn,bang-chu-cai,camera,Minh,1778824957715,,,60,0,None,https://drive.google.com/file/d/1QxZx04kNIEJ5GLA1z04Q8GMDE87s83_a/view,features/vn/bang-chu-cai/class_m_6a698d04/sample_b6478434a5.npz,https://drive.google.com/file/d/1QxZx04kNIEJ5GLA1z04Q8GMDE87s83_a/view,,2026-05-15T08:03:00.465476Z,b6478434a5,15,class_m_6a698d04,sample_b6478434a5.npz,m,vn/bang-chu-cai/m
1f5ddcbf9e,6a698d04-19f5-4742-94dd-419deab85c49,m,M,vn,bang-chu-cai,camera,Ảnh,1778779201800,,,60,0,None,https://drive.google.com/file/d/1L4lX2vOWATZrfO6etKqsB2GVGONOqVRA/view,features/vn/bang-chu-cai/class_m_6a698d04/sample_1f5ddcbf9e.npz,https://drive.google.com/file/d/1L4lX2vOWATZrfO6etKqsB2GVGONOqVRA/view,,2026-05-14T18:35:23.978457Z,1f5ddcbf9e,15,class_m_6a698d04,sample_1f5ddcbf9e.npz,m,vn/bang-chu-cai/m
ac1f6750e4,6a698d04-19f5-4742-94dd-419deab85c49,m,M,vn,bang-chu-cai,camera,Ảnh,1778779201800,,,60,0,None,https://drive.google.com/file/d/1o1WzuMp47Gn9qa0JfQF5cxvtpKdX41L7/view,features/vn/bang-chu-cai/class_m_6a698d04/sample_ac1f6750e4.npz,https://drive.google.com/file/d/1o1WzuMp47Gn9qa0JfQF5cxvtpKdX41L7/view,,2026-05-14T18:35:39.864051Z,ac1f6750e4,15,class_m_6a698d04,sample_ac1f6750e4.npz,m,vn/bang-chu-cai/m
bfd534d5a0,07ab9408-4fc6-42ac-a41f-9ad289b91969,n,N,vn,bang-chu-cai,camera,Ảnh,1778779201800,,,60,0,None,https://drive.google.com/file/d/1p7lKZ9SAoFmUShcCM6RekteW097ZQavn/view,features/vn/bang-chu-cai/class_n_07ab9408/sample_bfd534d5a0.npz,https://drive.google.com/file/d/1p7lKZ9SAoFmUShcCM6RekteW097ZQavn/view,,2026-05-14T18:38:08.895035Z,bfd534d5a0,16,class_n_07ab9408,sample_bfd534d5a0.npz,n,vn/bang-chu-cai/n
9be2e3a897,07ab9408-4fc6-42ac-a41f-9ad289b91969,n,N,vn,bang-chu-cai,camera,Trân,1778824957715,,,60,0,None,https://drive.google.com/file/d/1TZJlSXFZKu9gMHjb8L6T-gSbzWDHPOlQ/view,features/vn/bang-chu-cai/class_n_07ab9408/sample_9be2e3a897.npz,https://drive.google.com/file/d/1TZJlSXFZKu9gMHjb8L6T-gSbzWDHPOlQ/view,,2026-05-15T08:06:59.718265Z,9be2e3a897,16,class_n_07ab9408,sample_9be2e3a897.npz,n,vn/bang-chu-cai/n
6b2f9332aa,07ab9408-4fc6-42ac-a41f-9ad289b91969,n,N,vn,bang-chu-cai,camera,Trân,1778824957715,,,60,0,None,https://drive.google.com/file/d/1vXcPUIsara_IbYKggKYPazUANiB7bZ1D/view,features/vn/bang-chu-cai/class_n_07ab9408/sample_6b2f9332aa.npz,https://drive.google.com/file/d/1vXcPUIsara_IbYKggKYPazUANiB7bZ1D/view,,2026-05-15T08:05:38.359012Z,6b2f9332aa,16,class_n_07ab9408,sample_6b2f9332aa.npz,n,vn/bang-chu-cai/n
df1c5403f2,07ab9408-4fc6-42ac-a41f-9ad289b91969,n,N,vn,bang-chu-cai,camera,Trân,1778824957715,,,60,0,None,https://drive.google.com/file/d/114IFjOkqy94jfehhhi-z-L73BseKRzVA/view,features/vn/bang-chu-cai/class_n_07ab9408/sample_df1c5403f2.npz,https://drive.google.com/file/d/114IFjOkqy94jfehhhi-z-L73BseKRzVA/view,,2026-05-15T08:06:18.495561Z,df1c5403f2,16,class_n_07ab9408,sample_df1c5403f2.npz,n,vn/bang-chu-cai/n
c6a0527077,07ab9408-4fc6-42ac-a41f-9ad289b91969,n,N,vn,bang-chu-cai,camera,Trân,1778824957715,,,60,0,None,https://drive.google.com/file/d/1cMOtpki3AdFV44Ur9H9aPE1UyJYo6b1B/view,features/vn/bang-chu-cai/class_n_07ab9408/sample_c6a0527077.npz,https://drive.google.com/file/d/1cMOtpki3AdFV44Ur9H9aPE1UyJYo6b1B/view,,2026-05-15T08:05:02.018740Z,c6a0527077,16,class_n_07ab9408,sample_c6a0527077.npz,n,vn/bang-chu-cai/n
4e2b2cc3db,07ab9408-4fc6-42ac-a41f-9ad289b91969,n,N,vn,bang-chu-cai,camera,Trân,1778824957715,,,60,0,None,https://drive.google.com/file/d/1fautFrpcCttzkBblW9JkHxOe-owDdLW6/view,features/vn/bang-chu-cai/class_n_07ab9408/sample_4e2b2cc3db.npz,https://drive.google.com/file/d/1fautFrpcCttzkBblW9JkHxOe-owDdLW6/view,,2026-05-15T08:07:47.914171Z,4e2b2cc3db,16,class_n_07ab9408,sample_4e2b2cc3db.npz,n,vn/bang-chu-cai/n
49e3610c74,07ab9408-4fc6-42ac-a41f-9ad289b91969,n,N,vn,bang-chu-cai,camera,Trân,1778824957715,,,60,0,None,https://drive.google.com/file/d/1uoeZmuRxsO5sMO7CPkSvp0EulEUHG3oW/view,features/vn/bang-chu-cai/class_n_07ab9408/sample_49e3610c74.npz,https://drive.google.com/file/d/1uoeZmuRxsO5sMO7CPkSvp0EulEUHG3oW/view,,2026-05-15T08:06:07.249529Z,49e3610c74,16,class_n_07ab9408,sample_49e3610c74.npz,n,vn/bang-chu-cai/n
7291903847,07ab9408-4fc6-42ac-a41f-9ad289b91969,n,N,vn,bang-chu-cai,camera,Ảnh,1778779201800,,,60,0,None,https://drive.google.com/file/d/1-xnl6oOay0_8hjmNbbO8ydUm7BhfI8hj/view,features/vn/bang-chu-cai/class_n_07ab9408/sample_7291903847.npz,https://drive.google.com/file/d/1-xnl6oOay0_8hjmNbbO8ydUm7BhfI8hj/view,,2026-05-14T18:37:53.472764Z,7291903847,16,class_n_07ab9408,sample_7291903847.npz,n,vn/bang-chu-cai/n
b0faf35450,07ab9408-4fc6-42ac-a41f-9ad289b91969,n,N,vn,bang-chu-cai,camera,Minh,1778824957715,,,60,0,None,https://drive.google.com/file/d/1ZqiFOn_cTnFpW6DOLub2sSygRJa_nqr0/view,features/vn/bang-chu-cai/class_n_07ab9408/sample_b0faf35450.npz,https://drive.google.com/file/d/1ZqiFOn_cTnFpW6DOLub2sSygRJa_nqr0/view,,2026-05-15T08:08:52.317277Z,b0faf35450,16,class_n_07ab9408,sample_b0faf35450.npz,n,vn/bang-chu-cai/n
ea9d3284df,07ab9408-4fc6-42ac-a41f-9ad289b91969,n,N,vn,bang-chu-cai,camera,Ảnh,1778779201800,,,60,0,None,https://drive.google.com/file/d/1P4JFHOZJXs4DDNWRXHXQcdWUGYVEgBTj/view,features/vn/bang-chu-cai/class_n_07ab9408/sample_ea9d3284df.npz,https://drive.google.com/file/d/1P4JFHOZJXs4DDNWRXHXQcdWUGYVEgBTj/view,,2026-05-14T18:37:37.061784Z,ea9d3284df,16,class_n_07ab9408,sample_ea9d3284df.npz,n,vn/bang-chu-cai/n
7bd345ed2a,07ab9408-4fc6-42ac-a41f-9ad289b91969,n,N,vn,bang-chu-cai,camera,Ảnh,1778779201800,,,60,0,None,https://drive.google.com/file/d/1_FM_Dg65mATx0Go9CEMpJoU7-_UUxkhS/view,features/vn/bang-chu-cai/class_n_07ab9408/sample_7bd345ed2a.npz,https://drive.google.com/file/d/1_FM_Dg65mATx0Go9CEMpJoU7-_UUxkhS/view,,2026-05-14T18:38:41.282354Z,7bd345ed2a,16,class_n_07ab9408,sample_7bd345ed2a.npz,n,vn/bang-chu-cai/n
c50aeb9116,07ab9408-4fc6-42ac-a41f-9ad289b91969,n,N,vn,bang-chu-cai,camera,Trân,1778824957715,,,60,0,None,https://drive.google.com/file/d/1X9GdSCgs1DVr57KdmreGJenmtCSQ__Em/view,features/vn/bang-chu-cai/class_n_07ab9408/sample_c50aeb9116.npz,https://drive.google.com/file/d/1X9GdSCgs1DVr57KdmreGJenmtCSQ__Em/view,,2026-05-15T08:07:24.284284Z,c50aeb9116,16,class_n_07ab9408,sample_c50aeb9116.npz,n,vn/bang-chu-cai/n
0af07345b7,07ab9408-4fc6-42ac-a41f-9ad289b91969,n,N,vn,bang-chu-cai,camera,Minh,1778824957715,,,60,0,None,https://drive.google.com/file/d/1xjKyBhwY-bXzu8Ud-2trptS17mhjffRH/view,features/vn/bang-chu-cai/class_n_07ab9408/sample_0af07345b7.npz,https://drive.google.com/file/d/1xjKyBhwY-bXzu8Ud-2trptS17mhjffRH/view,,2026-05-15T08:08:29.735157Z,0af07345b7,16,class_n_07ab9408,sample_0af07345b7.npz,n,vn/bang-chu-cai/n
a0ef03744c,07ab9408-4fc6-42ac-a41f-9ad289b91969,n,N,vn,bang-chu-cai,camera,Minh,1778824957715,,,60,0,None,https://drive.google.com/file/d/1HNIUfOvTiutDmsiKnVMEQA-wpr-2Eivx/view,features/vn/bang-chu-cai/class_n_07ab9408/sample_a0ef03744c.npz,https://drive.google.com/file/d/1HNIUfOvTiutDmsiKnVMEQA-wpr-2Eivx/view,,2026-05-15T08:08:06.623518Z,a0ef03744c,16,class_n_07ab9408,sample_a0ef03744c.npz,n,vn/bang-chu-cai/n
ef2cb61124,07ab9408-4fc6-42ac-a41f-9ad289b91969,n,N,vn,bang-chu-cai,camera,Trân,1778824957715,,,60,0,None,https://drive.google.com/file/d/1_m7-rTeTentQZjwZg3SzNQZ1uU4BttFT/view,features/vn/bang-chu-cai/class_n_07ab9408/sample_ef2cb61124.npz,https://drive.google.com/file/d/1_m7-rTeTentQZjwZg3SzNQZ1uU4BttFT/view,,2026-05-15T08:05:13.741422Z,ef2cb61124,16,class_n_07ab9408,sample_ef2cb61124.npz,n,vn/bang-chu-cai/n
9f2a277009,07ab9408-4fc6-42ac-a41f-9ad289b91969,n,N,vn,bang-chu-cai,camera,Minh,1778824957715,,,60,0,None,https://drive.google.com/file/d/1bbDkMQg53SHny1b6F4ZAD99nSsSHUfps/view,features/vn/bang-chu-cai/class_n_07ab9408/sample_9f2a277009.npz,https://drive.google.com/file/d/1bbDkMQg53SHny1b6F4ZAD99nSsSHUfps/view,,2026-05-15T08:08:40.839825Z,9f2a277009,16,class_n_07ab9408,sample_9f2a277009.npz,n,vn/bang-chu-cai/n
0f262c34c2,07ab9408-4fc6-42ac-a41f-9ad289b91969,n,N,vn,bang-chu-cai,camera,Trân,1778824957715,,,60,0,None,https://drive.google.com/file/d/1kERehhTQSaOVsjVsAlLNmywP0Q-PkbQS/view,features/vn/bang-chu-cai/class_n_07ab9408/sample_0f262c34c2.npz,https://drive.google.com/file/d/1kERehhTQSaOVsjVsAlLNmywP0Q-PkbQS/view,,2026-05-15T08:07:36.041530Z,0f262c34c2,16,class_n_07ab9408,sample_0f262c34c2.npz,n,vn/bang-chu-cai/n
f2488dc722,07ab9408-4fc6-42ac-a41f-9ad289b91969,n,N,vn,bang-chu-cai,camera,Trân,1778824957715,,,60,0,None,https://drive.google.com/file/d/18TcbkzMKCw6vz0dBwIV07t9E9x4nQ0do/view,features/vn/bang-chu-cai/class_n_07ab9408/sample_f2488dc722.npz,https://drive.google.com/file/d/18TcbkzMKCw6vz0dBwIV07t9E9x4nQ0do/view,,2026-05-15T08:06:41.886083Z,f2488dc722,16,class_n_07ab9408,sample_f2488dc722.npz,n,vn/bang-chu-cai/n
9d656d8f94,0cebb97d-5300-4297-952e-601fde506004,o,O,vn,bang-chu-cai,camera,Trân,1778824957715,,,60,0,None,https://drive.google.com/file/d/10qmNBc7dtt7K1ydVOIS8dMpPj7Al_Hfi/view,features/vn/bang-chu-cai/class_o_0cebb97d/sample_9d656d8f94.npz,https://drive.google.com/file/d/10qmNBc7dtt7K1ydVOIS8dMpPj7Al_Hfi/view,,2026-05-15T08:09:13.622502Z,9d656d8f94,17,class_o_0cebb97d,sample_9d656d8f94.npz,o,vn/bang-chu-cai/o
98db7e8232,0cebb97d-5300-4297-952e-601fde506004,o,O,vn,bang-chu-cai,camera,Trân,1778824957715,,,60,0,None,https://drive.google.com/file/d/10_dUXp01sGIHxwkZ_MNaHiGPrVACUjso/view,features/vn/bang-chu-cai/class_o_0cebb97d/sample_98db7e8232.npz,https://drive.google.com/file/d/10_dUXp01sGIHxwkZ_MNaHiGPrVACUjso/view,,2026-05-15T08:11:38.677482Z,98db7e8232,17,class_o_0cebb97d,sample_98db7e8232.npz,o,vn/bang-chu-cai/o
76a3e98b4f,0cebb97d-5300-4297-952e-601fde506004,o,O,vn,bang-chu-cai,camera,Ảnh,1778779201800,,,60,0,None,https://drive.google.com/file/d/1KnhNXyzeFPjuUw3ywaoGvOQIeLIcpps7/view,features/vn/bang-chu-cai/class_o_0cebb97d/sample_76a3e98b4f.npz,https://drive.google.com/file/d/1KnhNXyzeFPjuUw3ywaoGvOQIeLIcpps7/view,,2026-05-14T18:41:50.728878Z,76a3e98b4f,17,class_o_0cebb97d,sample_76a3e98b4f.npz,o,vn/bang-chu-cai/o
ccf0a35a78,0cebb97d-5300-4297-952e-601fde506004,o,O,vn,bang-chu-cai,camera,Trân,1778824957715,,,60,0,None,https://drive.google.com/file/d/1-f0TEzW8UAEE5SroGV6bp5ET5fjM84ck/view,features/vn/bang-chu-cai/class_o_0cebb97d/sample_ccf0a35a78.npz,https://drive.google.com/file/d/1-f0TEzW8UAEE5SroGV6bp5ET5fjM84ck/view,,2026-05-15T08:21:41.589174Z,ccf0a35a78,17,class_o_0cebb97d,sample_ccf0a35a78.npz,o,vn/bang-chu-cai/o
fc8dafce73,0cebb97d-5300-4297-952e-601fde506004,o,O,vn,bang-chu-cai,camera,Trân,1778824957715,,,60,0,None,https://drive.google.com/file/d/1DA9QwEkbTbVRDfNUtBg9aefDz-_2SVOK/view,features/vn/bang-chu-cai/class_o_0cebb97d/sample_fc8dafce73.npz,https://drive.google.com/file/d/1DA9QwEkbTbVRDfNUtBg9aefDz-_2SVOK/view,,2026-05-15T08:20:53.926738Z,fc8dafce73,17,class_o_0cebb97d,sample_fc8dafce73.npz,o,vn/bang-chu-cai/o
4f5e277dc3,0cebb97d-5300-4297-952e-601fde506004,o,O,vn,bang-chu-cai,camera,Ảnh,1778779201800,,,60,0,None,https://drive.google.com/file/d/18--UlzwOc1C-egeA86p8Do8HZrpt84gN/view,features/vn/bang-chu-cai/class_o_0cebb97d/sample_4f5e277dc3.npz,https://drive.google.com/file/d/18--UlzwOc1C-egeA86p8Do8HZrpt84gN/view,,2026-05-14T18:41:02.637532Z,4f5e277dc3,17,class_o_0cebb97d,sample_4f5e277dc3.npz,o,vn/bang-chu-cai/o
4d0becb155,0cebb97d-5300-4297-952e-601fde506004,o,O,vn,bang-chu-cai,camera,Trân,1778824957715,,,60,0,None,https://drive.google.com/file/d/1A9_-tBEDfHLSOsLD_gx2HYwrhCQmV8xl/view,features/vn/bang-chu-cai/class_o_0cebb97d/sample_4d0becb155.npz,https://drive.google.com/file/d/1A9_-tBEDfHLSOsLD_gx2HYwrhCQmV8xl/view,,2026-05-15T08:09:47.655359Z,4d0becb155,17,class_o_0cebb97d,sample_4d0becb155.npz,o,vn/bang-chu-cai/o
7a9e2add0e,0cebb97d-5300-4297-952e-601fde506004,o,O,vn,bang-chu-cai,camera,Trân,1778824957715,,,60,0,None,https://drive.google.com/file/d/1pQh_6hYRJ5sWXoZ8JuoVSETLrvJyFUSV/view,features/vn/bang-chu-cai/class_o_0cebb97d/sample_7a9e2add0e.npz,https://drive.google.com/file/d/1pQh_6hYRJ5sWXoZ8JuoVSETLrvJyFUSV/view,,2026-05-15T08:11:01.288335Z,7a9e2add0e,17,class_o_0cebb97d,sample_7a9e2add0e.npz,o,vn/bang-chu-cai/o
8da878edb9,0cebb97d-5300-4297-952e-601fde506004,o,O,vn,bang-chu-cai,camera,Trân,1778824957715,,,60,0,None,https://drive.google.com/file/d/1Y2BRH15XNnbTK5arFBDXaqHum5bTa_R6/view,features/vn/bang-chu-cai/class_o_0cebb97d/sample_8da878edb9.npz,https://drive.google.com/file/d/1Y2BRH15XNnbTK5arFBDXaqHum5bTa_R6/view,,2026-05-15T08:11:27.092133Z,8da878edb9,17,class_o_0cebb97d,sample_8da878edb9.npz,o,vn/bang-chu-cai/o
739a6e8277,0cebb97d-5300-4297-952e-601fde506004,o,O,vn,bang-chu-cai,camera,Trân,1778824957715,,,60,0,None,https://drive.google.com/file/d/1s1sXeHrfZsAhqcGQPpfFrugGNa4ynJNv/view,features/vn/bang-chu-cai/class_o_0cebb97d/sample_739a6e8277.npz,https://drive.google.com/file/d/1s1sXeHrfZsAhqcGQPpfFrugGNa4ynJNv/view,,2026-05-15T08:10:27.058413Z,739a6e8277,17,class_o_0cebb97d,sample_739a6e8277.npz,o,vn/bang-chu-cai/o
ebfd1eb6a9,0cebb97d-5300-4297-952e-601fde506004,o,O,vn,bang-chu-cai,camera,Trân,1778824957715,,,60,0,None,https://drive.google.com/file/d/1AYuoauoBsm7jrflYUEmAlvy3H12gf5Ml/view,features/vn/bang-chu-cai/class_o_0cebb97d/sample_ebfd1eb6a9.npz,https://drive.google.com/file/d/1AYuoauoBsm7jrflYUEmAlvy3H12gf5Ml/view,,2026-05-15T08:10:49.864245Z,ebfd1eb6a9,17,class_o_0cebb97d,sample_ebfd1eb6a9.npz,o,vn/bang-chu-cai/o
7e1c1d7480,0cebb97d-5300-4297-952e-601fde506004,o,O,vn,bang-chu-cai,camera,Ảnh,1778779201800,,,60,0,None,https://drive.google.com/file/d/1FbZTofPuheOtLIwSoldvpZvYycW3RchU/view,features/vn/bang-chu-cai/class_o_0cebb97d/sample_7e1c1d7480.npz,https://drive.google.com/file/d/1FbZTofPuheOtLIwSoldvpZvYycW3RchU/view,,2026-05-14T18:41:34.414240Z,7e1c1d7480,17,class_o_0cebb97d,sample_7e1c1d7480.npz,o,vn/bang-chu-cai/o
ba5390c00c,0cebb97d-5300-4297-952e-601fde506004,o,O,vn,bang-chu-cai,camera,Trân,1778824957715,,,60,0,None,https://drive.google.com/file/d/1_gltJTHP42QNE_iBAx0vTTGESIPtP1Xq/view,features/vn/bang-chu-cai/class_o_0cebb97d/sample_ba5390c00c.npz,https://drive.google.com/file/d/1_gltJTHP42QNE_iBAx0vTTGESIPtP1Xq/view,,2026-05-15T08:10:38.425712Z,ba5390c00c,17,class_o_0cebb97d,sample_ba5390c00c.npz,o,vn/bang-chu-cai/o
90faf0c9f5,0cebb97d-5300-4297-952e-601fde506004,o,O,vn,bang-chu-cai,camera,Trân,1778824957715,,,60,0,None,https://drive.google.com/file/d/1UCS4GVnYmHl9RzGnoBqAp9I7Ez3aWZ5V/view,features/vn/bang-chu-cai/class_o_0cebb97d/sample_90faf0c9f5.npz,https://drive.google.com/file/d/1UCS4GVnYmHl9RzGnoBqAp9I7Ez3aWZ5V/view,,2026-05-15T08:10:16.002893Z,90faf0c9f5,17,class_o_0cebb97d,sample_90faf0c9f5.npz,o,vn/bang-chu-cai/o
f2c0d6f6f6,0cebb97d-5300-4297-952e-601fde506004,o,O,vn,bang-chu-cai,camera,Minh,1778824957715,,,60,0,None,https://drive.google.com/file/d/1Mzerh360c3NPsD8l3LZiBxE98EKJXEr8/view,features/vn/bang-chu-cai/class_o_0cebb97d/sample_f2c0d6f6f6.npz,https://drive.google.com/file/d/1Mzerh360c3NPsD8l3LZiBxE98EKJXEr8/view,,2026-05-15T08:22:42.843181Z,f2c0d6f6f6,17,class_o_0cebb97d,sample_f2c0d6f6f6.npz,o,vn/bang-chu-cai/o
07a6c44e13,0cebb97d-5300-4297-952e-601fde506004,o,O,vn,bang-chu-cai,camera,Trân,1778824957715,,,60,0,None,https://drive.google.com/file/d/1LlJy2B39FlIDQ7DBuLXQtQnJS8Hit6qB/view,features/vn/bang-chu-cai/class_o_0cebb97d/sample_07a6c44e13.npz,https://drive.google.com/file/d/1LlJy2B39FlIDQ7DBuLXQtQnJS8Hit6qB/view,,2026-05-15T08:09:58.882169Z,07a6c44e13,17,class_o_0cebb97d,sample_07a6c44e13.npz,o,vn/bang-chu-cai/o
8284e3b42e,0cebb97d-5300-4297-952e-601fde506004,o,O,vn,bang-chu-cai,camera,Trân,1778824957715,,,60,0,None,https://drive.google.com/file/d/1gIzxcjk8TTgdPSoqSpIOnkf5E_LZHh5y/view,features/vn/bang-chu-cai/class_o_0cebb97d/sample_8284e3b42e.npz,https://drive.google.com/file/d/1gIzxcjk8TTgdPSoqSpIOnkf5E_LZHh5y/view,,2026-05-15T08:09:36.224935Z,8284e3b42e,17,class_o_0cebb97d,sample_8284e3b42e.npz,o,vn/bang-chu-cai/o
1fa96a5196,0cebb97d-5300-4297-952e-601fde506004,o,O,vn,bang-chu-cai,camera,Trân,1778824957715,,,60,0,None,https://drive.google.com/file/d/116fDc833RZatz4EJ78mbnEP3ehnqxFGG/view,features/vn/bang-chu-cai/class_o_0cebb97d/sample_1fa96a5196.npz,https://drive.google.com/file/d/116fDc833RZatz4EJ78mbnEP3ehnqxFGG/view,,2026-05-15T08:21:17.956650Z,1fa96a5196,17,class_o_0cebb97d,sample_1fa96a5196.npz,o,vn/bang-chu-cai/o
9a4d0676c8,0cebb97d-5300-4297-952e-601fde506004,o,O,vn,bang-chu-cai,camera,Minh,1778824957715,,,60,0,None,https://drive.google.com/file/d/1qrnFkGMaL2ufhDAq5m18XyqdC4-ixNkZ/view,features/vn/bang-chu-cai/class_o_0cebb97d/sample_9a4d0676c8.npz,https://drive.google.com/file/d/1qrnFkGMaL2ufhDAq5m18XyqdC4-ixNkZ/view,,2026-05-15T08:22:19.503975Z,9a4d0676c8,17,class_o_0cebb97d,sample_9a4d0676c8.npz,o,vn/bang-chu-cai/o
f8e04cca22,0cebb97d-5300-4297-952e-601fde506004,o,O,vn,bang-chu-cai,camera,Trân,1778824957715,,,60,0,None,https://drive.google.com/file/d/1UoQCH8Y6mxDatMXnAjT6SHQgwsN0BVt4/view,features/vn/bang-chu-cai/class_o_0cebb97d/sample_f8e04cca22.npz,https://drive.google.com/file/d/1UoQCH8Y6mxDatMXnAjT6SHQgwsN0BVt4/view,,2026-05-15T08:21:29.749837Z,f8e04cca22,17,class_o_0cebb97d,sample_f8e04cca22.npz,o,vn/bang-chu-cai/o
88f93739c8,bd134d66-3e4b-4273-a8cf-8e33966c8cbd,p,P,vn,bang-chu-cai,camera,Ảnh,1778779201800,,,60,0,None,https://drive.google.com/file/d/1vqmt5t2y_-XTGNi4Iy5omrzNigsNfc2B/view,features/vn/bang-chu-cai/class_p_bd134d66/sample_88f93739c8.npz,https://drive.google.com/file/d/1vqmt5t2y_-XTGNi4Iy5omrzNigsNfc2B/view,,2026-05-14T18:43:34.645556Z,88f93739c8,18,class_p_bd134d66,sample_88f93739c8.npz,p,vn/bang-chu-cai/p
5cbdaf043d,bd134d66-3e4b-4273-a8cf-8e33966c8cbd,p,P,vn,bang-chu-cai,camera,Ảnh,1778779201800,,,60,0,None,https://drive.google.com/file/d/1MTLxLw2ptiOyZmJvooVnVFN1LrbI1lSM/view,features/vn/bang-chu-cai/class_p_bd134d66/sample_5cbdaf043d.npz,https://drive.google.com/file/d/1MTLxLw2ptiOyZmJvooVnVFN1LrbI1lSM/view,,2026-05-14T18:43:01.481551Z,5cbdaf043d,18,class_p_bd134d66,sample_5cbdaf043d.npz,p,vn/bang-chu-cai/p
690286dfaa,bd134d66-3e4b-4273-a8cf-8e33966c8cbd,p,P,vn,bang-chu-cai,camera,Ảnh,1778779201800,,,60,0,None,https://drive.google.com/file/d/1NDzaFbr8trkVTmbiC2xQaJWWIVGE-0ng/view,features/vn/bang-chu-cai/class_p_bd134d66/sample_690286dfaa.npz,https://drive.google.com/file/d/1NDzaFbr8trkVTmbiC2xQaJWWIVGE-0ng/view,,2026-05-14T18:43:18.427996Z,690286dfaa,18,class_p_bd134d66,sample_690286dfaa.npz,p,vn/bang-chu-cai/p
902e1f9d42,795eec29-34d7-4b23-aba9-89cab7a5deec,q,Q,vn,bang-chu-cai,camera,Ảnh,1778779201800,,,60,0,None,https://drive.google.com/file/d/1aRSZ1ARfmswNKwItHo9SiHJA9xGjyCOV/view,features/vn/bang-chu-cai/class_q_795eec29/sample_902e1f9d42.npz,https://drive.google.com/file/d/1aRSZ1ARfmswNKwItHo9SiHJA9xGjyCOV/view,,2026-05-14T18:45:20.247342Z,902e1f9d42,19,class_q_795eec29,sample_902e1f9d42.npz,q,vn/bang-chu-cai/q
6a37d87ab2,795eec29-34d7-4b23-aba9-89cab7a5deec,q,Q,vn,bang-chu-cai,camera,Ảnh,1778779201800,,,60,0,None,https://drive.google.com/file/d/1T-aJ03fkRpTBgdJevCaTQV5OwNCs8yAf/view,features/vn/bang-chu-cai/class_q_795eec29/sample_6a37d87ab2.npz,https://drive.google.com/file/d/1T-aJ03fkRpTBgdJevCaTQV5OwNCs8yAf/view,,2026-05-14T18:45:55.206374Z,6a37d87ab2,19,class_q_795eec29,sample_6a37d87ab2.npz,q,vn/bang-chu-cai/q
8c23ecf727,795eec29-34d7-4b23-aba9-89cab7a5deec,q,Q,vn,bang-chu-cai,camera,Ảnh,1778779201800,,,60,0,None,https://drive.google.com/file/d/15jWFmUZ38aq69FASsQA06pPWrk2mjEXn/view,features/vn/bang-chu-cai/class_q_795eec29/sample_8c23ecf727.npz,https://drive.google.com/file/d/15jWFmUZ38aq69FASsQA06pPWrk2mjEXn/view,,2026-05-14T18:45:04.044157Z,8c23ecf727,19,class_q_795eec29,sample_8c23ecf727.npz,q,vn/bang-chu-cai/q
cdb3f37a5b,3a9d324b-5e21-4bc1-8cc1-7de8346b85b8,r,R,vn,bang-chu-cai,camera,Ảnh,1778779201800,,,60,0,None,https://drive.google.com/file/d/18TMpIKw8kWbON6k2QxfJW9xBn-kQVUhx/view,features/vn/bang-chu-cai/class_r_3a9d324b/sample_cdb3f37a5b.npz,https://drive.google.com/file/d/18TMpIKw8kWbON6k2QxfJW9xBn-kQVUhx/view,,2026-05-14T18:46:46.933484Z,cdb3f37a5b,20,class_r_3a9d324b,sample_cdb3f37a5b.npz,r,vn/bang-chu-cai/r
a14b88193a,3a9d324b-5e21-4bc1-8cc1-7de8346b85b8,r,R,vn,bang-chu-cai,camera,Ảnh,1778779201800,,,60,0,None,https://drive.google.com/file/d/1CFMjs-y0qDYVuq8IKgXxca5WTXAK6EOj/view,features/vn/bang-chu-cai/class_r_3a9d324b/sample_a14b88193a.npz,https://drive.google.com/file/d/1CFMjs-y0qDYVuq8IKgXxca5WTXAK6EOj/view,,2026-05-14T18:47:34.913338Z,a14b88193a,20,class_r_3a9d324b,sample_a14b88193a.npz,r,vn/bang-chu-cai/r
c154af2d61,3a9d324b-5e21-4bc1-8cc1-7de8346b85b8,r,R,vn,bang-chu-cai,camera,Ảnh,1778779201800,,,60,0,None,https://drive.google.com/file/d/1UJO6QL_DgEiPEjQ6cbiTsR9yUxQFQQ8N/view,features/vn/bang-chu-cai/class_r_3a9d324b/sample_c154af2d61.npz,https://drive.google.com/file/d/1UJO6QL_DgEiPEjQ6cbiTsR9yUxQFQQ8N/view,,2026-05-14T18:47:19.024499Z,c154af2d61,20,class_r_3a9d324b,sample_c154af2d61.npz,r,vn/bang-chu-cai/r
b1d4d04b5e,86198dbe-45b0-40c6-903e-10bc99642571,s,S,vn,bang-chu-cai,camera,Ảnh,1778779201800,,,60,0,None,https://drive.google.com/file/d/1Vp-zkDwUFHoFNQE6prOZNwMb74GcxH44/view,features/vn/bang-chu-cai/class_s_86198dbe/sample_b1d4d04b5e.npz,https://drive.google.com/file/d/1Vp-zkDwUFHoFNQE6prOZNwMb74GcxH44/view,,2026-05-14T18:48:46.343959Z,b1d4d04b5e,21,class_s_86198dbe,sample_b1d4d04b5e.npz,s,vn/bang-chu-cai/s
3d5ee3e36a,86198dbe-45b0-40c6-903e-10bc99642571,s,S,vn,bang-chu-cai,camera,Ảnh,1778779201800,,,60,0,None,https://drive.google.com/file/d/1gsEmofaTs0cMnJJPDEqVfDoSC6AUCbtG/view,features/vn/bang-chu-cai/class_s_86198dbe/sample_3d5ee3e36a.npz,https://drive.google.com/file/d/1gsEmofaTs0cMnJJPDEqVfDoSC6AUCbtG/view,,2026-05-14T18:49:01.439463Z,3d5ee3e36a,21,class_s_86198dbe,sample_3d5ee3e36a.npz,s,vn/bang-chu-cai/s
9c37f8343a,86198dbe-45b0-40c6-903e-10bc99642571,s,S,vn,bang-chu-cai,camera,Ảnh,1778779201800,,,60,0,None,https://drive.google.com/file/d/1Jz9PGKVlm7vMV-XoGcSp1NEOhLdAE8dr/view,features/vn/bang-chu-cai/class_s_86198dbe/sample_9c37f8343a.npz,https://drive.google.com/file/d/1Jz9PGKVlm7vMV-XoGcSp1NEOhLdAE8dr/view,,2026-05-14T18:49:17.700317Z,9c37f8343a,21,class_s_86198dbe,sample_9c37f8343a.npz,s,vn/bang-chu-cai/s
b1434da4ba,42d9e7de-4628-40e2-b90b-a235d32e6632,t,T,vn,bang-chu-cai,camera,Ảnh,1778779201800,,,60,0,None,https://drive.google.com/file/d/1bS67jTQ-a7CBvj8CKgiDxlLQVF9QSkgC/view,features/vn/bang-chu-cai/class_t_42d9e7de/sample_b1434da4ba.npz,https://drive.google.com/file/d/1bS67jTQ-a7CBvj8CKgiDxlLQVF9QSkgC/view,,2026-05-14T18:51:15.812197Z,b1434da4ba,22,class_t_42d9e7de,sample_b1434da4ba.npz,t,vn/bang-chu-cai/t
3cbfbbcac4,42d9e7de-4628-40e2-b90b-a235d32e6632,t,T,vn,bang-chu-cai,camera,Ảnh,1778779201800,,,60,0,None,https://drive.google.com/file/d/10sJG2UibIRmMKZvB7oQg97J4_jgFOX2N/view,features/vn/bang-chu-cai/class_t_42d9e7de/sample_3cbfbbcac4.npz,https://drive.google.com/file/d/10sJG2UibIRmMKZvB7oQg97J4_jgFOX2N/view,,2026-05-14T18:50:59.225986Z,3cbfbbcac4,22,class_t_42d9e7de,sample_3cbfbbcac4.npz,t,vn/bang-chu-cai/t
a1b1e5d0b7,42d9e7de-4628-40e2-b90b-a235d32e6632,t,T,vn,bang-chu-cai,camera,Ảnh,1778779201800,,,60,0,None,https://drive.google.com/file/d/1hQdpA57fCNzZ9IhUxNkzBDFptU4ZSHqE/view,features/vn/bang-chu-cai/class_t_42d9e7de/sample_a1b1e5d0b7.npz,https://drive.google.com/file/d/1hQdpA57fCNzZ9IhUxNkzBDFptU4ZSHqE/view,,2026-05-14T18:50:43.412036Z,a1b1e5d0b7,22,class_t_42d9e7de,sample_a1b1e5d0b7.npz,t,vn/bang-chu-cai/t
a91850ffb4,8c1e0174-e611-4300-8c1c-1565871f03aa,u,U,vn,bang-chu-cai,camera,Ảnh,1778779201800,,,60,0,None,https://drive.google.com/file/d/1zOa_i7vf0qSVJyZ3kr0j26EuZOrLG5Yy/view,features/vn/bang-chu-cai/class_u_8c1e0174/sample_a91850ffb4.npz,https://drive.google.com/file/d/1zOa_i7vf0qSVJyZ3kr0j26EuZOrLG5Yy/view,,2026-05-14T18:53:10.090794Z,a91850ffb4,23,class_u_8c1e0174,sample_a91850ffb4.npz,u,vn/bang-chu-cai/u
1d84d3393a,8c1e0174-e611-4300-8c1c-1565871f03aa,u,U,vn,bang-chu-cai,camera,Ảnh,1778779201800,,,60,0,None,https://drive.google.com/file/d/1-SDBne8itN7oiKR4Yj0owdDx21ePY1oj/view,features/vn/bang-chu-cai/class_u_8c1e0174/sample_1d84d3393a.npz,https://drive.google.com/file/d/1-SDBne8itN7oiKR4Yj0owdDx21ePY1oj/view,,2026-05-14T18:52:37.987893Z,1d84d3393a,23,class_u_8c1e0174,sample_1d84d3393a.npz,u,vn/bang-chu-cai/u
8df822a508,8c1e0174-e611-4300-8c1c-1565871f03aa,u,U,vn,bang-chu-cai,camera,Ảnh,1778779201800,,,60,0,None,https://drive.google.com/file/d/1RU0UEu-YsN6Gz_JqSn8aYSIaZjIqywPx/view,features/vn/bang-chu-cai/class_u_8c1e0174/sample_8df822a508.npz,https://drive.google.com/file/d/1RU0UEu-YsN6Gz_JqSn8aYSIaZjIqywPx/view,,2026-05-14T18:52:21.951946Z,8df822a508,23,class_u_8c1e0174,sample_8df822a508.npz,u,vn/bang-chu-cai/u
95f5c4eb7a,849d0b5c-96dd-4dc4-96cc-421d69364e40,v,V,vn,bang-chu-cai,camera,Ảnh,1778779201800,,,60,0,None,https://drive.google.com/file/d/11rdq3QX1jKtt6f3BP5TrksaQggaxIXQI/view,features/vn/bang-chu-cai/class_v_849d0b5c/sample_95f5c4eb7a.npz,https://drive.google.com/file/d/11rdq3QX1jKtt6f3BP5TrksaQggaxIXQI/view,,2026-05-14T18:54:54.504198Z,95f5c4eb7a,24,class_v_849d0b5c,sample_95f5c4eb7a.npz,v,vn/bang-chu-cai/v
49cbf63d71,849d0b5c-96dd-4dc4-96cc-421d69364e40,v,V,vn,bang-chu-cai,camera,Ảnh,1778779201800,,,60,0,None,https://drive.google.com/file/d/1x_YgWb1enUnjxjdC54bB00DqYD-RjBp-/view,features/vn/bang-chu-cai/class_v_849d0b5c/sample_49cbf63d71.npz,https://drive.google.com/file/d/1x_YgWb1enUnjxjdC54bB00DqYD-RjBp-/view,,2026-05-14T18:54:21.849862Z,49cbf63d71,24,class_v_849d0b5c,sample_49cbf63d71.npz,v,vn/bang-chu-cai/v
800001ff91,849d0b5c-96dd-4dc4-96cc-421d69364e40,v,V,vn,bang-chu-cai,camera,Ảnh,1778779201800,,,60,0,None,https://drive.google.com/file/d/1QWmYlHVu2O-oR3A-EDLA6qTmF1e7cG8Y/view,features/vn/bang-chu-cai/class_v_849d0b5c/sample_800001ff91.npz,https://drive.google.com/file/d/1QWmYlHVu2O-oR3A-EDLA6qTmF1e7cG8Y/view,,2026-05-14T18:53:49.654307Z,800001ff91,24,class_v_849d0b5c,sample_800001ff91.npz,v,vn/bang-chu-cai/v
83be43a0c0,49ab9b7a-4a36-41ca-acea-92da53adc53c,a,A,vn,bang-chu-cai,camera,Minh,1778824957715,,,60,0,None,https://drive.google.com/file/d/1cYgLeFgKSiRBP6GVaBSGoZuTKF21jyJc/view,features/vn/bang-chu-cai/class_a_49ab9b7a/sample_83be43a0c0.npz,https://drive.google.com/file/d/1cYgLeFgKSiRBP6GVaBSGoZuTKF21jyJc/view,,2026-05-15T06:33:19.820180Z,83be43a0c0,26,class_a_49ab9b7a,sample_83be43a0c0.npz,a,vn/bang-chu-cai/a
6417048da6,49ab9b7a-4a36-41ca-acea-92da53adc53c,a,A,vn,bang-chu-cai,camera,Trân,1778824957715,,,60,0,None,https://drive.google.com/file/d/10GPozr7gBX4gR86dPjcBTyIzrbeouN_8/view,features/vn/bang-chu-cai/class_a_49ab9b7a/sample_6417048da6.npz,https://drive.google.com/file/d/10GPozr7gBX4gR86dPjcBTyIzrbeouN_8/view,,2026-05-15T06:27:28.131336Z,6417048da6,26,class_a_49ab9b7a,sample_6417048da6.npz,a,vn/bang-chu-cai/a
48ea947175,49ab9b7a-4a36-41ca-acea-92da53adc53c,a,A,vn,bang-chu-cai,camera,Minh,1778824957715,,,60,0,None,https://drive.google.com/file/d/1JClWLrrz_K3Nvj95RpauwcGGW8gV8HCO/view,features/vn/bang-chu-cai/class_a_49ab9b7a/sample_48ea947175.npz,https://drive.google.com/file/d/1JClWLrrz_K3Nvj95RpauwcGGW8gV8HCO/view,,2026-05-15T06:31:56.119824Z,48ea947175,26,class_a_49ab9b7a,sample_48ea947175.npz,a,vn/bang-chu-cai/a
c934435cd1,49ab9b7a-4a36-41ca-acea-92da53adc53c,a,A,vn,bang-chu-cai,camera,Trân,1778824957715,,,60,0,None,https://drive.google.com/file/d/1yW4WzMXKcqV4e4FsRH3WuKk-aF4Bis5n/view,features/vn/bang-chu-cai/class_a_49ab9b7a/sample_c934435cd1.npz,https://drive.google.com/file/d/1yW4WzMXKcqV4e4FsRH3WuKk-aF4Bis5n/view,,2026-05-15T06:27:03.126446Z,c934435cd1,26,class_a_49ab9b7a,sample_c934435cd1.npz,a,vn/bang-chu-cai/a
98ab1c2830,49ab9b7a-4a36-41ca-acea-92da53adc53c,a,A,vn,bang-chu-cai,camera,Trân,1778824957715,,,60,0,None,https://drive.google.com/file/d/1_JAc6Qm-IHMtfcE84lJrwt_vQ_V3xEOY/view,features/vn/bang-chu-cai/class_a_49ab9b7a/sample_98ab1c2830.npz,https://drive.google.com/file/d/1_JAc6Qm-IHMtfcE84lJrwt_vQ_V3xEOY/view,,2026-05-15T06:30:50.890865Z,98ab1c2830,26,class_a_49ab9b7a,sample_98ab1c2830.npz,a,vn/bang-chu-cai/a
397bf5ea92,49ab9b7a-4a36-41ca-acea-92da53adc53c,a,A,vn,bang-chu-cai,camera,Trân,1778824957715,,,60,0,None,https://drive.google.com/file/d/1Ma7jk7H4UxlGRzlzNWkR6z4bvNFMqFd8/view,features/vn/bang-chu-cai/class_a_49ab9b7a/sample_397bf5ea92.npz,https://drive.google.com/file/d/1Ma7jk7H4UxlGRzlzNWkR6z4bvNFMqFd8/view,,2026-05-15T06:29:53.998658Z,397bf5ea92,26,class_a_49ab9b7a,sample_397bf5ea92.npz,a,vn/bang-chu-cai/a
39075f522d,49ab9b7a-4a36-41ca-acea-92da53adc53c,a,A,vn,bang-chu-cai,camera,Trân,1778824957715,,,60,0,None,https://drive.google.com/file/d/1Ops4V2vwLmk8z_7RUFv-_67uen3Obn2Y/view,features/vn/bang-chu-cai/class_a_49ab9b7a/sample_39075f522d.npz,https://drive.google.com/file/d/1Ops4V2vwLmk8z_7RUFv-_67uen3Obn2Y/view,,2026-05-15T06:29:18.817206Z,39075f522d,26,class_a_49ab9b7a,sample_39075f522d.npz,a,vn/bang-chu-cai/a
60a4512080,49ab9b7a-4a36-41ca-acea-92da53adc53c,a,A,vn,bang-chu-cai,camera,Minh,1778824957715,,,60,0,None,https://drive.google.com/file/d/1c-S4nN_oRw6RambLscbnutf1zXg3LANH/view,features/vn/bang-chu-cai/class_a_49ab9b7a/sample_60a4512080.npz,https://drive.google.com/file/d/1c-S4nN_oRw6RambLscbnutf1zXg3LANH/view,,2026-05-15T06:32:07.452873Z,60a4512080,26,class_a_49ab9b7a,sample_60a4512080.npz,a,vn/bang-chu-cai/a
5e53cd8528,49ab9b7a-4a36-41ca-acea-92da53adc53c,a,A,vn,bang-chu-cai,camera,Minh,1778824957715,,,60,0,None,https://drive.google.com/file/d/1rxqmDtSp4nW4BD6D4CCrY3GM8oRTw4I_/view,features/vn/bang-chu-cai/class_a_49ab9b7a/sample_5e53cd8528.npz,https://drive.google.com/file/d/1rxqmDtSp4nW4BD6D4CCrY3GM8oRTw4I_/view,,2026-05-15T06:32:18.667453Z,5e53cd8528,26,class_a_49ab9b7a,sample_5e53cd8528.npz,a,vn/bang-chu-cai/a
6deae7e0f9,49ab9b7a-4a36-41ca-acea-92da53adc53c,a,A,vn,bang-chu-cai,camera,Trân,1778824957715,,,60,0,None,https://drive.google.com/file/d/1mG9uHN5SXYs2YtjKi8rmlHOCRCtXnYfJ/view,features/vn/bang-chu-cai/class_a_49ab9b7a/sample_6deae7e0f9.npz,https://drive.google.com/file/d/1mG9uHN5SXYs2YtjKi8rmlHOCRCtXnYfJ/view,,2026-05-15T06:31:14.175884Z,6deae7e0f9,26,class_a_49ab9b7a,sample_6deae7e0f9.npz,a,vn/bang-chu-cai/a
448430bb6f,49ab9b7a-4a36-41ca-acea-92da53adc53c,a,A,vn,bang-chu-cai,camera,Trân,1778824957715,,,60,0,None,https://drive.google.com/file/d/1lJoXIruwfpd1y1S4T38hSGAAdvB9YaGx/view,features/vn/bang-chu-cai/class_a_49ab9b7a/sample_448430bb6f.npz,https://drive.google.com/file/d/1lJoXIruwfpd1y1S4T38hSGAAdvB9YaGx/view,,2026-05-15T06:27:14.804261Z,448430bb6f,26,class_a_49ab9b7a,sample_448430bb6f.npz,a,vn/bang-chu-cai/a
b8ba1234a4,49ab9b7a-4a36-41ca-acea-92da53adc53c,a,A,vn,bang-chu-cai,camera,Minh,1778824957715,,,60,0,None,https://drive.google.com/file/d/1VrxZYC1C3zYDNg2Ul8D2OeinmKCfJ_5D/view,features/vn/bang-chu-cai/class_a_49ab9b7a/sample_b8ba1234a4.npz,https://drive.google.com/file/d/1VrxZYC1C3zYDNg2Ul8D2OeinmKCfJ_5D/view,,2026-05-15T06:32:29.915392Z,b8ba1234a4,26,class_a_49ab9b7a,sample_b8ba1234a4.npz,a,vn/bang-chu-cai/a
e1dffce576,49ab9b7a-4a36-41ca-acea-92da53adc53c,a,A,vn,bang-chu-cai,camera,Trân,1778824957715,,,60,0,None,https://drive.google.com/file/d/1DRkeA-_5iDZX1xfoAfOUyMYgXQuYWL01/view,features/vn/bang-chu-cai/class_a_49ab9b7a/sample_e1dffce576.npz,https://drive.google.com/file/d/1DRkeA-_5iDZX1xfoAfOUyMYgXQuYWL01/view,,2026-05-15T06:27:38.574742Z,e1dffce576,26,class_a_49ab9b7a,sample_e1dffce576.npz,a,vn/bang-chu-cai/a
972d9fa4d8,49ab9b7a-4a36-41ca-acea-92da53adc53c,a,A,vn,bang-chu-cai,camera,Trân,1778824957715,,,60,0,None,https://drive.google.com/file/d/1tf6J1gwokYH6qGJsiIlmv1vc4TJ4V6Y2/view,features/vn/bang-chu-cai/class_a_49ab9b7a/sample_972d9fa4d8.npz,https://drive.google.com/file/d/1tf6J1gwokYH6qGJsiIlmv1vc4TJ4V6Y2/view,,2026-05-15T06:30:27.807631Z,972d9fa4d8,26,class_a_49ab9b7a,sample_972d9fa4d8.npz,a,vn/bang-chu-cai/a
7a914f50c2,49ab9b7a-4a36-41ca-acea-92da53adc53c,a,A,vn,bang-chu-cai,camera,user1,1778824957715,,,60,0,None,https://drive.google.com/file/d/1TADznjte2NdZepX62BMK_9DTbApaglws/view,features/vn/bang-chu-cai/class_a_49ab9b7a/sample_7a914f50c2.npz,https://drive.google.com/file/d/1TADznjte2NdZepX62BMK_9DTbApaglws/view,,2026-05-15T06:03:06.080596Z,7a914f50c2,26,class_a_49ab9b7a,sample_7a914f50c2.npz,a,vn/bang-chu-cai/a
d8b1b6f2fc,49ab9b7a-4a36-41ca-acea-92da53adc53c,a,A,vn,bang-chu-cai,camera,Trân,1778824957715,,,60,0,None,https://drive.google.com/file/d/1i7kH7zqBol_o5hDsK8crypGuq16N8SNm/view,features/vn/bang-chu-cai/class_a_49ab9b7a/sample_d8b1b6f2fc.npz,https://drive.google.com/file/d/1i7kH7zqBol_o5hDsK8crypGuq16N8SNm/view,,2026-05-15T06:27:50.616349Z,d8b1b6f2fc,26,class_a_49ab9b7a,sample_d8b1b6f2fc.npz,a,vn/bang-chu-cai/a
140a75639a,49ab9b7a-4a36-41ca-acea-92da53adc53c,a,A,vn,bang-chu-cai,camera,user1,1778824957715,,,60,0,None,https://drive.google.com/file/d/12Zw9cIalBdk5C7N3futUz14AEI5_dQ77/view,features/vn/bang-chu-cai/class_a_49ab9b7a/sample_140a75639a.npz,https://drive.google.com/file/d/12Zw9cIalBdk5C7N3futUz14AEI5_dQ77/view,,2026-05-15T06:03:30.189652Z,140a75639a,26,class_a_49ab9b7a,sample_140a75639a.npz,a,vn/bang-chu-cai/a
6368e946d1,49ab9b7a-4a36-41ca-acea-92da53adc53c,a,A,vn,bang-chu-cai,camera,Trân,1778824957715,,,60,0,None,https://drive.google.com/file/d/124ufGKBEs4052ufDagTa8XLmvY8O4v8s/view,features/vn/bang-chu-cai/class_a_49ab9b7a/sample_6368e946d1.npz,https://drive.google.com/file/d/124ufGKBEs4052ufDagTa8XLmvY8O4v8s/view,,2026-05-15T06:31:02.747217Z,6368e946d1,26,class_a_49ab9b7a,sample_6368e946d1.npz,a,vn/bang-chu-cai/a
8304db85ee,49ab9b7a-4a36-41ca-acea-92da53adc53c,a,A,vn,bang-chu-cai,camera,Minh,1778824957715,,,60,0,None,https://drive.google.com/file/d/1YtWztNoi5q2By8g9ZednVdeaW2c0OfiJ/view,features/vn/bang-chu-cai/class_a_49ab9b7a/sample_8304db85ee.npz,https://drive.google.com/file/d/1YtWztNoi5q2By8g9ZednVdeaW2c0OfiJ/view,,2026-05-15T06:32:45.942195Z,8304db85ee,26,class_a_49ab9b7a,sample_8304db85ee.npz,a,vn/bang-chu-cai/a
24a6d17464,49ab9b7a-4a36-41ca-acea-92da53adc53c,a,A,vn,bang-chu-cai,camera,Minh,1778824957715,,,60,0,None,https://drive.google.com/file/d/1jg64E5cRG9ZJ452ykaK07kV7cibPqc_8/view,features/vn/bang-chu-cai/class_a_49ab9b7a/sample_24a6d17464.npz,https://drive.google.com/file/d/1jg64E5cRG9ZJ452ykaK07kV7cibPqc_8/view,,2026-05-15T06:33:08.743180Z,24a6d17464,26,class_a_49ab9b7a,sample_24a6d17464.npz,a,vn/bang-chu-cai/a
82e00613f7,49ab9b7a-4a36-41ca-acea-92da53adc53c,a,A,vn,bang-chu-cai,camera,Minh,1778824957715,,,60,0,None,https://drive.google.com/file/d/1hBaD4FJYEFXz2ffrZKPlqCcNp-RYj-QN/view,features/vn/bang-chu-cai/class_a_49ab9b7a/sample_82e00613f7.npz,https://drive.google.com/file/d/1hBaD4FJYEFXz2ffrZKPlqCcNp-RYj-QN/view,,2026-05-15T06:33:31.467189Z,82e00613f7,26,class_a_49ab9b7a,sample_82e00613f7.npz,a,vn/bang-chu-cai/a
b547c1654d,60bed4e1-4f2f-4526-ad75-a4501ee58a85,b,B,vn,bang-chu-cai,camera,Trân,1778824957715,,,60,0,None,https://drive.google.com/file/d/1H6otM9pASWJsbu9MZEbY2h8ie0BgPhSy/view,features/vn/bang-chu-cai/class_b_60bed4e1/sample_b547c1654d.npz,https://drive.google.com/file/d/1H6otM9pASWJsbu9MZEbY2h8ie0BgPhSy/view,,2026-05-15T06:37:28.771385Z,b547c1654d,27,class_b_60bed4e1,sample_b547c1654d.npz,b,vn/bang-chu-cai/b
aa8fa29e33,60bed4e1-4f2f-4526-ad75-a4501ee58a85,b,B,vn,bang-chu-cai,camera,Minh,1778824957715,,,60,0,None,https://drive.google.com/file/d/1a7Yax-mBEBYMmslZyEPPK8pmm9zYtyD8/view,features/vn/bang-chu-cai/class_b_60bed4e1/sample_aa8fa29e33.npz,https://drive.google.com/file/d/1a7Yax-mBEBYMmslZyEPPK8pmm9zYtyD8/view,,2026-05-15T06:39:32.755670Z,aa8fa29e33,27,class_b_60bed4e1,sample_aa8fa29e33.npz,b,vn/bang-chu-cai/b
87bfeb570a,60bed4e1-4f2f-4526-ad75-a4501ee58a85,b,B,vn,bang-chu-cai,camera,Minh,1778824957715,,,60,0,None,https://drive.google.com/file/d/10Yj91ESvBPFqa5UqsGBfEJhjKyLm4rcT/view,features/vn/bang-chu-cai/class_b_60bed4e1/sample_87bfeb570a.npz,https://drive.google.com/file/d/10Yj91ESvBPFqa5UqsGBfEJhjKyLm4rcT/view,,2026-05-15T06:55:19.194246Z,87bfeb570a,27,class_b_60bed4e1,sample_87bfeb570a.npz,b,vn/bang-chu-cai/b
ff5bbd72c5,60bed4e1-4f2f-4526-ad75-a4501ee58a85,b,B,vn,bang-chu-cai,camera,Minh,1778824957715,,,60,0,None,https://drive.google.com/file/d/1MLIQITx3T9eIx7nhRAW4Z-UJ1pekLuN8/view,features/vn/bang-chu-cai/class_b_60bed4e1/sample_ff5bbd72c5.npz,https://drive.google.com/file/d/1MLIQITx3T9eIx7nhRAW4Z-UJ1pekLuN8/view,,2026-05-15T06:40:07.053976Z,ff5bbd72c5,27,class_b_60bed4e1,sample_ff5bbd72c5.npz,b,vn/bang-chu-cai/b
c082e30aac,60bed4e1-4f2f-4526-ad75-a4501ee58a85,b,B,vn,bang-chu-cai,camera,Minh,1778824957715,,,60,0,None,https://drive.google.com/file/d/1_SfnNwIT4SdX6_LJBWz21yqZFWzCBXKr/view,features/vn/bang-chu-cai/class_b_60bed4e1/sample_c082e30aac.npz,https://drive.google.com/file/d/1_SfnNwIT4SdX6_LJBWz21yqZFWzCBXKr/view,,2026-05-15T06:54:57.066315Z,c082e30aac,27,class_b_60bed4e1,sample_c082e30aac.npz,b,vn/bang-chu-cai/b
5ffa6ab1db,60bed4e1-4f2f-4526-ad75-a4501ee58a85,b,B,vn,bang-chu-cai,camera,Minh,1778824957715,,,60,0,None,https://drive.google.com/file/d/1ZLLb4POJD1us_vrbK5z4uarPzH4yI4Ra/view,features/vn/bang-chu-cai/class_b_60bed4e1/sample_5ffa6ab1db.npz,https://drive.google.com/file/d/1ZLLb4POJD1us_vrbK5z4uarPzH4yI4Ra/view,,2026-05-15T06:39:44.326686Z,5ffa6ab1db,27,class_b_60bed4e1,sample_5ffa6ab1db.npz,b,vn/bang-chu-cai/b
413e261c47,60bed4e1-4f2f-4526-ad75-a4501ee58a85,b,B,vn,bang-chu-cai,camera,Minh,1778824957715,,,60,0,None,https://drive.google.com/file/d/1EJcMxNXbDEBvYlx9GcLE9hiOuQXU418B/view,features/vn/bang-chu-cai/class_b_60bed4e1/sample_413e261c47.npz,https://drive.google.com/file/d/1EJcMxNXbDEBvYlx9GcLE9hiOuQXU418B/view,,2026-05-15T06:39:55.790546Z,413e261c47,27,class_b_60bed4e1,sample_413e261c47.npz,b,vn/bang-chu-cai/b
8e5ef25ace,60bed4e1-4f2f-4526-ad75-a4501ee58a85,b,B,vn,bang-chu-cai,camera,Minh,1778824957715,,,60,0,None,https://drive.google.com/file/d/14QAi4oxbFdpnlmP_uKVYrC-PmHax11ak/view,features/vn/bang-chu-cai/class_b_60bed4e1/sample_8e5ef25ace.npz,https://drive.google.com/file/d/14QAi4oxbFdpnlmP_uKVYrC-PmHax11ak/view,,2026-05-15T06:39:21.437257Z,8e5ef25ace,27,class_b_60bed4e1,sample_8e5ef25ace.npz,b,vn/bang-chu-cai/b
b20697939f,60bed4e1-4f2f-4526-ad75-a4501ee58a85,b,B,vn,bang-chu-cai,camera,Minh,1778824957715,,,60,0,None,https://drive.google.com/file/d/1o9PqWMAI7ysUaAOBDRh6jU0ec0I3A7y9/view,features/vn/bang-chu-cai/class_b_60bed4e1/sample_b20697939f.npz,https://drive.google.com/file/d/1o9PqWMAI7ysUaAOBDRh6jU0ec0I3A7y9/view,,2026-05-15T06:40:23.140361Z,b20697939f,27,class_b_60bed4e1,sample_b20697939f.npz,b,vn/bang-chu-cai/b
e22a4e1268,60bed4e1-4f2f-4526-ad75-a4501ee58a85,b,B,vn,bang-chu-cai,camera,Trân,1778824957715,,,60,0,None,https://drive.google.com/file/d/1wEC37r8YEwmLcNY3Uciz0-q002kbdJIu/view,features/vn/bang-chu-cai/class_b_60bed4e1/sample_e22a4e1268.npz,https://drive.google.com/file/d/1wEC37r8YEwmLcNY3Uciz0-q002kbdJIu/view,,2026-05-15T06:38:30.596719Z,e22a4e1268,27,class_b_60bed4e1,sample_e22a4e1268.npz,b,vn/bang-chu-cai/b
a9227c063b,60bed4e1-4f2f-4526-ad75-a4501ee58a85,b,B,vn,bang-chu-cai,camera,Trân,1778824957715,,,60,0,None,https://drive.google.com/file/d/14OfM6t9_YmFZi4DPHUArd3NpK9JgOxqQ/view,features/vn/bang-chu-cai/class_b_60bed4e1/sample_a9227c063b.npz,https://drive.google.com/file/d/14OfM6t9_YmFZi4DPHUArd3NpK9JgOxqQ/view,,2026-05-15T06:38:19.159603Z,a9227c063b,27,class_b_60bed4e1,sample_a9227c063b.npz,b,vn/bang-chu-cai/b
bc64271b66,60bed4e1-4f2f-4526-ad75-a4501ee58a85,b,B,vn,bang-chu-cai,camera,Trân,1778824957715,,,60,0,None,https://drive.google.com/file/d/1KoEkC1XXHrEXzlROasbp6hkPWXKwmt0y/view,features/vn/bang-chu-cai/class_b_60bed4e1/sample_bc64271b66.npz,https://drive.google.com/file/d/1KoEkC1XXHrEXzlROasbp6hkPWXKwmt0y/view,,2026-05-15T06:36:48.140592Z,bc64271b66,27,class_b_60bed4e1,sample_bc64271b66.npz,b,vn/bang-chu-cai/b
0f88d6d2c0,60bed4e1-4f2f-4526-ad75-a4501ee58a85,b,B,vn,bang-chu-cai,camera,Trân,1778824957715,,,60,0,None,https://drive.google.com/file/d/14sD6oKGtFf9mJFQ-a98DUYyhQz7Qv_rW/view,features/vn/bang-chu-cai/class_b_60bed4e1/sample_0f88d6d2c0.npz,https://drive.google.com/file/d/14sD6oKGtFf9mJFQ-a98DUYyhQz7Qv_rW/view,,2026-05-15T06:37:17.370629Z,0f88d6d2c0,27,class_b_60bed4e1,sample_0f88d6d2c0.npz,b,vn/bang-chu-cai/b
af203fdb67,60bed4e1-4f2f-4526-ad75-a4501ee58a85,b,B,vn,bang-chu-cai,camera,Trân,1778824957715,,,60,0,None,https://drive.google.com/file/d/1ikClwMYw7D8SKLRbEnHZvlGy8d2ZqxXy/view,features/vn/bang-chu-cai/class_b_60bed4e1/sample_af203fdb67.npz,https://drive.google.com/file/d/1ikClwMYw7D8SKLRbEnHZvlGy8d2ZqxXy/view,,2026-05-15T06:37:51.600563Z,af203fdb67,27,class_b_60bed4e1,sample_af203fdb67.npz,b,vn/bang-chu-cai/b
f3c8a1ef51,60bed4e1-4f2f-4526-ad75-a4501ee58a85,b,B,vn,bang-chu-cai,camera,Trân,1778824957715,,,60,0,None,https://drive.google.com/file/d/1ZTkMPsP9163bAmVChIFO5DtYY3gdpgYB/view,features/vn/bang-chu-cai/class_b_60bed4e1/sample_f3c8a1ef51.npz,https://drive.google.com/file/d/1ZTkMPsP9163bAmVChIFO5DtYY3gdpgYB/view,,2026-05-15T06:38:42.101792Z,f3c8a1ef51,27,class_b_60bed4e1,sample_f3c8a1ef51.npz,b,vn/bang-chu-cai/b
ad006cd691,60bed4e1-4f2f-4526-ad75-a4501ee58a85,b,B,vn,bang-chu-cai,camera,Trân,1778824957715,,,60,0,None,https://drive.google.com/file/d/1t_F9qtiGbjMuOoVa2warKcnHpmavElCO/view,features/vn/bang-chu-cai/class_b_60bed4e1/sample_ad006cd691.npz,https://drive.google.com/file/d/1t_F9qtiGbjMuOoVa2warKcnHpmavElCO/view,,2026-05-15T06:37:40.168289Z,ad006cd691,27,class_b_60bed4e1,sample_ad006cd691.npz,b,vn/bang-chu-cai/b
2928133754,60bed4e1-4f2f-4526-ad75-a4501ee58a85,b,B,vn,bang-chu-cai,camera,Minh,1778824957715,,,60,0,None,https://drive.google.com/file/d/1dsqYsqSFxNNsaqeUPpCfRmTvANxY8ILS/view,features/vn/bang-chu-cai/class_b_60bed4e1/sample_2928133754.npz,https://drive.google.com/file/d/1dsqYsqSFxNNsaqeUPpCfRmTvANxY8ILS/view,,2026-05-15T06:54:44.745946Z,2928133754,27,class_b_60bed4e1,sample_2928133754.npz,b,vn/bang-chu-cai/b
b70d031b25,60bed4e1-4f2f-4526-ad75-a4501ee58a85,b,B,vn,bang-chu-cai,camera,Trân,1778824957715,,,60,0,None,https://drive.google.com/file/d/15a1Nj7fVCeqXE3JPeQA3yJLzC7GVt58m/view,features/vn/bang-chu-cai/class_b_60bed4e1/sample_b70d031b25.npz,https://drive.google.com/file/d/15a1Nj7fVCeqXE3JPeQA3yJLzC7GVt58m/view,,2026-05-15T06:39:05.283798Z,b70d031b25,27,class_b_60bed4e1,sample_b70d031b25.npz,b,vn/bang-chu-cai/b
a6af1a84be,fd742027-b37f-4ef3-934e-fb53f1905021,c,C,vn,bang-chu-cai,camera,Trân,1778824957715,,,60,0,None,https://drive.google.com/file/d/1c-MHrZsHRKUyofhHSGuHUmifbKMl8Otl/view,features/vn/bang-chu-cai/class_c_fd742027/sample_a6af1a84be.npz,https://drive.google.com/file/d/1c-MHrZsHRKUyofhHSGuHUmifbKMl8Otl/view,,2026-05-15T06:56:59.100342Z,a6af1a84be,28,class_c_fd742027,sample_a6af1a84be.npz,c,vn/bang-chu-cai/c
92889868b4,fd742027-b37f-4ef3-934e-fb53f1905021,c,C,vn,bang-chu-cai,camera,Trân,1778824957715,,,60,0,None,https://drive.google.com/file/d/1XnmrDRZ9pYJo3TDe-eXC80CmMjuw6j7u/view,features/vn/bang-chu-cai/class_c_fd742027/sample_92889868b4.npz,https://drive.google.com/file/d/1XnmrDRZ9pYJo3TDe-eXC80CmMjuw6j7u/view,,2026-05-15T06:58:25.891676Z,92889868b4,28,class_c_fd742027,sample_92889868b4.npz,c,vn/bang-chu-cai/c
72fbec121d,fd742027-b37f-4ef3-934e-fb53f1905021,c,C,vn,bang-chu-cai,camera,Trân,1778824957715,,,60,0,None,https://drive.google.com/file/d/1wb8zGQidQc34Ful_s4yPzIB7xoPLmHOL/view,features/vn/bang-chu-cai/class_c_fd742027/sample_72fbec121d.npz,https://drive.google.com/file/d/1wb8zGQidQc34Ful_s4yPzIB7xoPLmHOL/view,,2026-05-15T06:57:09.994497Z,72fbec121d,28,class_c_fd742027,sample_72fbec121d.npz,c,vn/bang-chu-cai/c
d04cd28666,fd742027-b37f-4ef3-934e-fb53f1905021,c,C,vn,bang-chu-cai,camera,Minh,1778824957715,,,60,0,None,https://drive.google.com/file/d/15NOxReh0L2qwhh7DthscyY6v00kE_lTS/view,features/vn/bang-chu-cai/class_c_fd742027/sample_d04cd28666.npz,https://drive.google.com/file/d/15NOxReh0L2qwhh7DthscyY6v00kE_lTS/view,,2026-05-15T07:00:25.941193Z,d04cd28666,28,class_c_fd742027,sample_d04cd28666.npz,c,vn/bang-chu-cai/c
b0aacf85c7,fd742027-b37f-4ef3-934e-fb53f1905021,c,C,vn,bang-chu-cai,camera,Minh,1778824957715,,,60,0,None,https://drive.google.com/file/d/1K4ptBQcHUAvBzSxGRHchK_NtgX4plQN0/view,features/vn/bang-chu-cai/class_c_fd742027/sample_b0aacf85c7.npz,https://drive.google.com/file/d/1K4ptBQcHUAvBzSxGRHchK_NtgX4plQN0/view,,2026-05-15T07:00:15.180752Z,b0aacf85c7,28,class_c_fd742027,sample_b0aacf85c7.npz,c,vn/bang-chu-cai/c
5ccd410d17,fd742027-b37f-4ef3-934e-fb53f1905021,c,C,vn,bang-chu-cai,camera,Trân,1778824957715,,,60,0,None,https://drive.google.com/file/d/1xdl5swbTdfsiqbCQkT7WcmMFx7gqqBjr/view,features/vn/bang-chu-cai/class_c_fd742027/sample_5ccd410d17.npz,https://drive.google.com/file/d/1xdl5swbTdfsiqbCQkT7WcmMFx7gqqBjr/view,,2026-05-15T06:56:04.342049Z,5ccd410d17,28,class_c_fd742027,sample_5ccd410d17.npz,c,vn/bang-chu-cai/c
529406c422,fd742027-b37f-4ef3-934e-fb53f1905021,c,C,vn,bang-chu-cai,camera,Trân,1778824957715,,,60,0,None,https://drive.google.com/file/d/1ZAyF3jgjXa3gmdCPzRUK-ufPzQLfnei8/view,features/vn/bang-chu-cai/class_c_fd742027/sample_529406c422.npz,https://drive.google.com/file/d/1ZAyF3jgjXa3gmdCPzRUK-ufPzQLfnei8/view,,2026-05-15T06:55:53.417619Z,529406c422,28,class_c_fd742027,sample_529406c422.npz,c,vn/bang-chu-cai/c
7cbf4c976c,fd742027-b37f-4ef3-934e-fb53f1905021,c,C,vn,bang-chu-cai,camera,Minh,1778824957715,,,60,0,None,https://drive.google.com/file/d/1bEt1fpWacAaufPOiertG4tW-jMxF0IOs/view,features/vn/bang-chu-cai/class_c_fd742027/sample_7cbf4c976c.npz,https://drive.google.com/file/d/1bEt1fpWacAaufPOiertG4tW-jMxF0IOs/view,,2026-05-15T07:01:00.255873Z,7cbf4c976c,28,class_c_fd742027,sample_7cbf4c976c.npz,c,vn/bang-chu-cai/c
9df9c8f9ae,fd742027-b37f-4ef3-934e-fb53f1905021,c,C,vn,bang-chu-cai,camera,Minh,1778824957715,,,60,0,None,https://drive.google.com/file/d/1EFTU5ykUaecv1n2nKbCPwGE5D_5CjPas/view,features/vn/bang-chu-cai/class_c_fd742027/sample_9df9c8f9ae.npz,https://drive.google.com/file/d/1EFTU5ykUaecv1n2nKbCPwGE5D_5CjPas/view,,2026-05-15T07:00:38.362051Z,9df9c8f9ae,28,class_c_fd742027,sample_9df9c8f9ae.npz,c,vn/bang-chu-cai/c
e169f97097,fd742027-b37f-4ef3-934e-fb53f1905021,c,C,vn,bang-chu-cai,camera,Trân,1778824957715,,,60,0,None,https://drive.google.com/file/d/1UAKcJhkYlpT0uh1mQiXamcXjl0AN1qxr/view,features/vn/bang-chu-cai/class_c_fd742027/sample_e169f97097.npz,https://drive.google.com/file/d/1UAKcJhkYlpT0uh1mQiXamcXjl0AN1qxr/view,,2026-05-15T06:55:43.639288Z,e169f97097,28,class_c_fd742027,sample_e169f97097.npz,c,vn/bang-chu-cai/c
8ab2c8d7ae,fd742027-b37f-4ef3-934e-fb53f1905021,c,C,vn,bang-chu-cai,camera,Trân,1778824957715,,,60,0,None,https://drive.google.com/file/d/1NjN2nbntmsl1F4yC-lCjWW2OumzAFjYu/view,features/vn/bang-chu-cai/class_c_fd742027/sample_8ab2c8d7ae.npz,https://drive.google.com/file/d/1NjN2nbntmsl1F4yC-lCjWW2OumzAFjYu/view,,2026-05-15T06:58:41.435568Z,8ab2c8d7ae,28,class_c_fd742027,sample_8ab2c8d7ae.npz,c,vn/bang-chu-cai/c
b07d8e5945,fd742027-b37f-4ef3-934e-fb53f1905021,c,C,vn,bang-chu-cai,camera,Minh,1778824957715,,,60,0,None,https://drive.google.com/file/d/1UIC2mwDxuyS0bgFDANSpukPct1BCUuAs/view,features/vn/bang-chu-cai/class_c_fd742027/sample_b07d8e5945.npz,https://drive.google.com/file/d/1UIC2mwDxuyS0bgFDANSpukPct1BCUuAs/view,,2026-05-15T07:00:49.127974Z,b07d8e5945,28,class_c_fd742027,sample_b07d8e5945.npz,c,vn/bang-chu-cai/c
14420f5053,fd742027-b37f-4ef3-934e-fb53f1905021,c,C,vn,bang-chu-cai,camera,Minh,1778824957715,,,60,0,None,https://drive.google.com/file/d/1cieti_uOcy6xk8vqreDJNYwFrx40RtIo/view,features/vn/bang-chu-cai/class_c_fd742027/sample_14420f5053.npz,https://drive.google.com/file/d/1cieti_uOcy6xk8vqreDJNYwFrx40RtIo/view,,2026-05-15T06:58:57.946816Z,14420f5053,28,class_c_fd742027,sample_14420f5053.npz,c,vn/bang-chu-cai/c
9859bd1612,fd742027-b37f-4ef3-934e-fb53f1905021,c,C,vn,bang-chu-cai,camera,Minh,1778824957715,,,60,0,None,https://drive.google.com/file/d/1dGJ5s9Nd65JP42BvEihZaVlfr1BCHLo9/view,features/vn/bang-chu-cai/class_c_fd742027/sample_9859bd1612.npz,https://drive.google.com/file/d/1dGJ5s9Nd65JP42BvEihZaVlfr1BCHLo9/view,,2026-05-15T06:59:30.060825Z,9859bd1612,28,class_c_fd742027,sample_9859bd1612.npz,c,vn/bang-chu-cai/c
e362588f8c,fd742027-b37f-4ef3-934e-fb53f1905021,c,C,vn,bang-chu-cai,camera,Trân,1778824957715,,,60,0,None,https://drive.google.com/file/d/1OIT_PfA5m6IblSeWnhqEy5oA93Rvhsus/view,features/vn/bang-chu-cai/class_c_fd742027/sample_e362588f8c.npz,https://drive.google.com/file/d/1OIT_PfA5m6IblSeWnhqEy5oA93Rvhsus/view,,2026-05-15T06:57:21.026081Z,e362588f8c,28,class_c_fd742027,sample_e362588f8c.npz,c,vn/bang-chu-cai/c
9539fc6b85,fd742027-b37f-4ef3-934e-fb53f1905021,c,C,vn,bang-chu-cai,camera,Trân,1778824957715,,,60,0,None,https://drive.google.com/file/d/1BiuemcDMWI1jgoXURhWfgTK2cwuHA6k3/view,features/vn/bang-chu-cai/class_c_fd742027/sample_9539fc6b85.npz,https://drive.google.com/file/d/1BiuemcDMWI1jgoXURhWfgTK2cwuHA6k3/view,,2026-05-15T06:58:03.316989Z,9539fc6b85,28,class_c_fd742027,sample_9539fc6b85.npz,c,vn/bang-chu-cai/c
1b937ea61f,fd742027-b37f-4ef3-934e-fb53f1905021,c,C,vn,bang-chu-cai,camera,Trân,1778824957715,,,60,0,None,https://drive.google.com/file/d/1Q_h707LS3WIDPXiyRhqcXXSOLwdVovr9/view,features/vn/bang-chu-cai/class_c_fd742027/sample_1b937ea61f.npz,https://drive.google.com/file/d/1Q_h707LS3WIDPXiyRhqcXXSOLwdVovr9/view,,2026-05-15T06:57:32.151862Z,1b937ea61f,28,class_c_fd742027,sample_1b937ea61f.npz,c,vn/bang-chu-cai/c
eb3481a5a2,fd742027-b37f-4ef3-934e-fb53f1905021,c,C,vn,bang-chu-cai,camera,Minh,1778824957715,,,60,0,None,https://drive.google.com/file/d/1eHUzwiX6GzCmyMHVeA4UYPMDiaAss2lx/view,features/vn/bang-chu-cai/class_c_fd742027/sample_eb3481a5a2.npz,https://drive.google.com/file/d/1eHUzwiX6GzCmyMHVeA4UYPMDiaAss2lx/view,,2026-05-15T06:59:09.060481Z,eb3481a5a2,28,class_c_fd742027,sample_eb3481a5a2.npz,c,vn/bang-chu-cai/c
b00c3bbdd1,74491583-7d72-4b9f-91b5-18f039d50aa7,g,G,vn,bang-chu-cai,camera,Trân,1778824957715,,,60,0,None,https://drive.google.com/file/d/17ljTUXwtvkRCZ2DKtjACZevxqaegWdnB/view,features/vn/bang-chu-cai/class_g_74491583/sample_b00c3bbdd1.npz,https://drive.google.com/file/d/17ljTUXwtvkRCZ2DKtjACZevxqaegWdnB/view,,2026-05-15T07:23:12.982221Z,b00c3bbdd1,29,class_g_74491583,sample_b00c3bbdd1.npz,g,vn/bang-chu-cai/g
8787bd7fe3,74491583-7d72-4b9f-91b5-18f039d50aa7,g,G,vn,bang-chu-cai,camera,Trân,1778824957715,,,60,0,None,https://drive.google.com/file/d/14SbL5nfDSlsez8jArxpxUjmNxvpGWumt/view,features/vn/bang-chu-cai/class_g_74491583/sample_8787bd7fe3.npz,https://drive.google.com/file/d/14SbL5nfDSlsez8jArxpxUjmNxvpGWumt/view,,2026-05-15T07:20:53.379353Z,8787bd7fe3,29,class_g_74491583,sample_8787bd7fe3.npz,g,vn/bang-chu-cai/g
6ffee7cce5,74491583-7d72-4b9f-91b5-18f039d50aa7,g,G,vn,bang-chu-cai,camera,Trân,1778824957715,,,60,0,None,https://drive.google.com/file/d/12T_s2dE7TShaIawoxT_Vk1Y0Slcz2nJw/view,features/vn/bang-chu-cai/class_g_74491583/sample_6ffee7cce5.npz,https://drive.google.com/file/d/12T_s2dE7TShaIawoxT_Vk1Y0Slcz2nJw/view,,2026-05-15T07:21:17.124692Z,6ffee7cce5,29,class_g_74491583,sample_6ffee7cce5.npz,g,vn/bang-chu-cai/g
cc29daf483,74491583-7d72-4b9f-91b5-18f039d50aa7,g,G,vn,bang-chu-cai,camera,Minh,1778824957715,,,60,0,None,https://drive.google.com/file/d/1FXrOqSV6x1bB2vO0l24KeZqd93p-gFhw/view,features/vn/bang-chu-cai/class_g_74491583/sample_cc29daf483.npz,https://drive.google.com/file/d/1FXrOqSV6x1bB2vO0l24KeZqd93p-gFhw/view,,2026-05-15T07:24:04.684972Z,cc29daf483,29,class_g_74491583,sample_cc29daf483.npz,g,vn/bang-chu-cai/g
b8e5065672,74491583-7d72-4b9f-91b5-18f039d50aa7,g,G,vn,bang-chu-cai,camera,Minh,1778824957715,,,60,0,None,https://drive.google.com/file/d/1RcqCzeOr5ARjlnVn3ZyleA_3PXfzRtF8/view,features/vn/bang-chu-cai/class_g_74491583/sample_b8e5065672.npz,https://drive.google.com/file/d/1RcqCzeOr5ARjlnVn3ZyleA_3PXfzRtF8/view,,2026-05-15T07:24:27.748182Z,b8e5065672,29,class_g_74491583,sample_b8e5065672.npz,g,vn/bang-chu-cai/g
47b3f71e49,74491583-7d72-4b9f-91b5-18f039d50aa7,g,G,vn,bang-chu-cai,camera,Minh,1778824957715,,,60,0,None,https://drive.google.com/file/d/1h_suQhws992gKMc7puurh38tO6KG1ib7/view,features/vn/bang-chu-cai/class_g_74491583/sample_47b3f71e49.npz,https://drive.google.com/file/d/1h_suQhws992gKMc7puurh38tO6KG1ib7/view,,2026-05-15T07:24:41.538140Z,47b3f71e49,29,class_g_74491583,sample_47b3f71e49.npz,g,vn/bang-chu-cai/g
459a54ff87,74491583-7d72-4b9f-91b5-18f039d50aa7,g,G,vn,bang-chu-cai,camera,Trân,1778824957715,,,60,0,None,https://drive.google.com/file/d/1Yk44ZBb5-aUgKFy2q6fKhTm_pOWGfBux/view,features/vn/bang-chu-cai/class_g_74491583/sample_459a54ff87.npz,https://drive.google.com/file/d/1Yk44ZBb5-aUgKFy2q6fKhTm_pOWGfBux/view,,2026-05-15T07:21:05.234150Z,459a54ff87,29,class_g_74491583,sample_459a54ff87.npz,g,vn/bang-chu-cai/g
7054505f6d,74491583-7d72-4b9f-91b5-18f039d50aa7,g,G,vn,bang-chu-cai,camera,Minh,1778824957715,,,60,0,None,https://drive.google.com/file/d/1dFFK6Um9wGEFjlAcrt2uMVrjyenKZEng/view,features/vn/bang-chu-cai/class_g_74491583/sample_7054505f6d.npz,https://drive.google.com/file/d/1dFFK6Um9wGEFjlAcrt2uMVrjyenKZEng/view,,2026-05-15T07:25:19.098008Z,7054505f6d,29,class_g_74491583,sample_7054505f6d.npz,g,vn/bang-chu-cai/g
a13efb417d,74491583-7d72-4b9f-91b5-18f039d50aa7,g,G,vn,bang-chu-cai,camera,Trân,1778824957715,,,60,0,None,https://drive.google.com/file/d/1i9x8xoe4BzFFWIjm6p_cPMpcNwk9-Ckz/view,features/vn/bang-chu-cai/class_g_74491583/sample_a13efb417d.npz,https://drive.google.com/file/d/1i9x8xoe4BzFFWIjm6p_cPMpcNwk9-Ckz/view,,2026-05-15T07:23:01.263805Z,a13efb417d,29,class_g_74491583,sample_a13efb417d.npz,g,vn/bang-chu-cai/g
d30a494a90,74491583-7d72-4b9f-91b5-18f039d50aa7,g,G,vn,bang-chu-cai,camera,Trân,1778824957715,,,60,0,None,https://drive.google.com/file/d/1TN5C82Q9OrSiLIA2fXJ3ds5cFAPvE0qp/view,features/vn/bang-chu-cai/class_g_74491583/sample_d30a494a90.npz,https://drive.google.com/file/d/1TN5C82Q9OrSiLIA2fXJ3ds5cFAPvE0qp/view,,2026-05-15T07:22:45.781764Z,d30a494a90,29,class_g_74491583,sample_d30a494a90.npz,g,vn/bang-chu-cai/g
75b4b88a9a,74491583-7d72-4b9f-91b5-18f039d50aa7,g,G,vn,bang-chu-cai,camera,Trân,1778824957715,,,60,0,None,https://drive.google.com/file/d/1lhq9h5O6c0zXwxAUV3-A8U3LzPhiv_nq/view,features/vn/bang-chu-cai/class_g_74491583/sample_75b4b88a9a.npz,https://drive.google.com/file/d/1lhq9h5O6c0zXwxAUV3-A8U3LzPhiv_nq/view,,2026-05-15T07:22:22.313878Z,75b4b88a9a,29,class_g_74491583,sample_75b4b88a9a.npz,g,vn/bang-chu-cai/g
b2c27fe447,74491583-7d72-4b9f-91b5-18f039d50aa7,g,G,vn,bang-chu-cai,camera,Minh,1778824957715,,,60,0,None,https://drive.google.com/file/d/1tK6Ka39SreqQW_I-a8K_EklP_l5P5cTK/view,features/vn/bang-chu-cai/class_g_74491583/sample_b2c27fe447.npz,https://drive.google.com/file/d/1tK6Ka39SreqQW_I-a8K_EklP_l5P5cTK/view,,2026-05-15T07:24:16.291048Z,b2c27fe447,29,class_g_74491583,sample_b2c27fe447.npz,g,vn/bang-chu-cai/g
125d382949,74491583-7d72-4b9f-91b5-18f039d50aa7,g,G,vn,bang-chu-cai,camera,Trân,1778824957715,,,60,0,None,https://drive.google.com/file/d/1_9nST6J8w1m6hkizn1-_6mVBY-fcT6YN/view,features/vn/bang-chu-cai/class_g_74491583/sample_125d382949.npz,https://drive.google.com/file/d/1_9nST6J8w1m6hkizn1-_6mVBY-fcT6YN/view,,2026-05-15T07:22:34.111608Z,125d382949,29,class_g_74491583,sample_125d382949.npz,g,vn/bang-chu-cai/g
a0659ade36,74491583-7d72-4b9f-91b5-18f039d50aa7,g,G,vn,bang-chu-cai,camera,Trân,1778824957715,,,60,0,None,https://drive.google.com/file/d/1tPuDnCEwQ3S3LauBYneb4YAub7Vh8zFZ/view,features/vn/bang-chu-cai/class_g_74491583/sample_a0659ade36.npz,https://drive.google.com/file/d/1tPuDnCEwQ3S3LauBYneb4YAub7Vh8zFZ/view,,2026-05-15T07:22:10.640626Z,a0659ade36,29,class_g_74491583,sample_a0659ade36.npz,g,vn/bang-chu-cai/g
d67c7cd3bf,74491583-7d72-4b9f-91b5-18f039d50aa7,g,G,vn,bang-chu-cai,camera,Trân,1778824957715,,,60,0,None,https://drive.google.com/file/d/1-yKV5w7kKS32MFxcqMi7Wp9r45TQDY0r/view,features/vn/bang-chu-cai/class_g_74491583/sample_d67c7cd3bf.npz,https://drive.google.com/file/d/1-yKV5w7kKS32MFxcqMi7Wp9r45TQDY0r/view,,2026-05-15T07:21:41.678385Z,d67c7cd3bf,29,class_g_74491583,sample_d67c7cd3bf.npz,g,vn/bang-chu-cai/g
87ae80149e,74491583-7d72-4b9f-91b5-18f039d50aa7,g,G,vn,bang-chu-cai,camera,Trân,1778824957715,,,60,0,None,https://drive.google.com/file/d/131hXhXNN7R5xidr1pXDmrZGgzxC5NDRP/view,features/vn/bang-chu-cai/class_g_74491583/sample_87ae80149e.npz,https://drive.google.com/file/d/131hXhXNN7R5xidr1pXDmrZGgzxC5NDRP/view,,2026-05-15T07:23:36.471170Z,87ae80149e,29,class_g_74491583,sample_87ae80149e.npz,g,vn/bang-chu-cai/g
176f1426ce,74491583-7d72-4b9f-91b5-18f039d50aa7,g,G,vn,bang-chu-cai,camera,Trân,1778824957715,,,60,0,None,https://drive.google.com/file/d/1J0H7Ynbeky7LeFfX3uwPimgxpLN2U97Q/view,features/vn/bang-chu-cai/class_g_74491583/sample_176f1426ce.npz,https://drive.google.com/file/d/1J0H7Ynbeky7LeFfX3uwPimgxpLN2U97Q/view,,2026-05-15T07:21:29.685625Z,176f1426ce,29,class_g_74491583,sample_176f1426ce.npz,g,vn/bang-chu-cai/g
f8c2e1630d,74491583-7d72-4b9f-91b5-18f039d50aa7,g,G,vn,bang-chu-cai,camera,Trân,1778824957715,,,60,0,None,https://drive.google.com/file/d/1tE0fVU7id-ScS6ugSMAaPPiStohUt47n/view,features/vn/bang-chu-cai/class_g_74491583/sample_f8c2e1630d.npz,https://drive.google.com/file/d/1tE0fVU7id-ScS6ugSMAaPPiStohUt47n/view,,2026-05-15T07:23:47.705960Z,f8c2e1630d,29,class_g_74491583,sample_f8c2e1630d.npz,g,vn/bang-chu-cai/g
b3f99e9d68,aa57b18a-8318-4030-b356-00eddeef3845,h,H,vn,bang-chu-cai,camera,Trân,1778824957715,,,60,0,None,https://drive.google.com/file/d/1J_fRiy2W-LH4nVRHWNHEyb7tcrKnzMk5/view,features/vn/bang-chu-cai/class_h_aa57b18a/sample_b3f99e9d68.npz,https://drive.google.com/file/d/1J_fRiy2W-LH4nVRHWNHEyb7tcrKnzMk5/view,,2026-05-15T07:34:30.092736Z,b3f99e9d68,30,class_h_aa57b18a,sample_b3f99e9d68.npz,h,vn/bang-chu-cai/h
acc9d0a1f1,aa57b18a-8318-4030-b356-00eddeef3845,h,H,vn,bang-chu-cai,camera,Trân,1778824957715,,,60,0,None,https://drive.google.com/file/d/1xRy0KysjS3PpCoQ9KLTKosAXibDU2HKN/view,features/vn/bang-chu-cai/class_h_aa57b18a/sample_acc9d0a1f1.npz,https://drive.google.com/file/d/1xRy0KysjS3PpCoQ9KLTKosAXibDU2HKN/view,,2026-05-15T07:34:41.896520Z,acc9d0a1f1,30,class_h_aa57b18a,sample_acc9d0a1f1.npz,h,vn/bang-chu-cai/h
9224c5881d,aa57b18a-8318-4030-b356-00eddeef3845,h,H,vn,bang-chu-cai,camera,Minh,1778824957715,,,60,0,None,https://drive.google.com/file/d/128wzHxKrsU-GtBKdWPZd1Jk_dzS4lDBH/view,features/vn/bang-chu-cai/class_h_aa57b18a/sample_9224c5881d.npz,https://drive.google.com/file/d/128wzHxKrsU-GtBKdWPZd1Jk_dzS4lDBH/view,,2026-05-15T07:36:40.962205Z,9224c5881d,30,class_h_aa57b18a,sample_9224c5881d.npz,h,vn/bang-chu-cai/h
d808d9133d,aa57b18a-8318-4030-b356-00eddeef3845,h,H,vn,bang-chu-cai,camera,Trân,1778824957715,,,60,0,None,https://drive.google.com/file/d/1lGE_vfuOg5s8buLEZgYVu_At3KPaGqL_/view,features/vn/bang-chu-cai/class_h_aa57b18a/sample_d808d9133d.npz,https://drive.google.com/file/d/1lGE_vfuOg5s8buLEZgYVu_At3KPaGqL_/view,,2026-05-15T07:33:15.923714Z,d808d9133d,30,class_h_aa57b18a,sample_d808d9133d.npz,h,vn/bang-chu-cai/h
bf5562a796,aa57b18a-8318-4030-b356-00eddeef3845,h,H,vn,bang-chu-cai,camera,Trân,1778824957715,,,60,0,None,https://drive.google.com/file/d/1lljV_QaU4jeA9NC1Cm00668Gse9uzBsX/view,features/vn/bang-chu-cai/class_h_aa57b18a/sample_bf5562a796.npz,https://drive.google.com/file/d/1lljV_QaU4jeA9NC1Cm00668Gse9uzBsX/view,,2026-05-15T07:35:05.065900Z,bf5562a796,30,class_h_aa57b18a,sample_bf5562a796.npz,h,vn/bang-chu-cai/h
849bc69136,aa57b18a-8318-4030-b356-00eddeef3845,h,H,vn,bang-chu-cai,camera,Trân,1778824957715,,,60,0,None,https://drive.google.com/file/d/1nEtlqEiGIzCHirIZyQRAohRkHrrXNwuh/view,features/vn/bang-chu-cai/class_h_aa57b18a/sample_849bc69136.npz,https://drive.google.com/file/d/1nEtlqEiGIzCHirIZyQRAohRkHrrXNwuh/view,,2026-05-15T07:33:39.107362Z,849bc69136,30,class_h_aa57b18a,sample_849bc69136.npz,h,vn/bang-chu-cai/h
78d3abc80e,aa57b18a-8318-4030-b356-00eddeef3845,h,H,vn,bang-chu-cai,camera,Trân,1778824957715,,,60,0,None,https://drive.google.com/file/d/1jX2rdFTPQxNbwY20h2_e8b2vQQnxr7dC/view,features/vn/bang-chu-cai/class_h_aa57b18a/sample_78d3abc80e.npz,https://drive.google.com/file/d/1jX2rdFTPQxNbwY20h2_e8b2vQQnxr7dC/view,,2026-05-15T07:35:24.244470Z,78d3abc80e,30,class_h_aa57b18a,sample_78d3abc80e.npz,h,vn/bang-chu-cai/h
9e25ebf6e7,aa57b18a-8318-4030-b356-00eddeef3845,h,H,vn,bang-chu-cai,camera,Minh,1778824957715,,,60,0,None,https://drive.google.com/file/d/1p49i8FCpfyD9SlMlh5To0H-LPjoXaLiQ/view,features/vn/bang-chu-cai/class_h_aa57b18a/sample_9e25ebf6e7.npz,https://drive.google.com/file/d/1p49i8FCpfyD9SlMlh5To0H-LPjoXaLiQ/view,,2026-05-15T07:37:49.352196Z,9e25ebf6e7,30,class_h_aa57b18a,sample_9e25ebf6e7.npz,h,vn/bang-chu-cai/h
b0fdfc91e0,aa57b18a-8318-4030-b356-00eddeef3845,h,H,vn,bang-chu-cai,camera,Trân,1778824957715,,,60,0,None,https://drive.google.com/file/d/1nC8eeZoQML5PSvHoLYyL_wL0xRkeGRyI/view,features/vn/bang-chu-cai/class_h_aa57b18a/sample_b0fdfc91e0.npz,https://drive.google.com/file/d/1nC8eeZoQML5PSvHoLYyL_wL0xRkeGRyI/view,,2026-05-15T07:33:50.649034Z,b0fdfc91e0,30,class_h_aa57b18a,sample_b0fdfc91e0.npz,h,vn/bang-chu-cai/h
ec006061cf,aa57b18a-8318-4030-b356-00eddeef3845,h,H,vn,bang-chu-cai,camera,Minh,1778824957715,,,60,0,None,https://drive.google.com/file/d/19y17qphblSZqZv-rMTDa5n1QEEPC6pcP/view,features/vn/bang-chu-cai/class_h_aa57b18a/sample_ec006061cf.npz,https://drive.google.com/file/d/19y17qphblSZqZv-rMTDa5n1QEEPC6pcP/view,,2026-05-15T07:37:15.641300Z,ec006061cf,30,class_h_aa57b18a,sample_ec006061cf.npz,h,vn/bang-chu-cai/h
a2a6eb16ab,aa57b18a-8318-4030-b356-00eddeef3845,h,H,vn,bang-chu-cai,camera,Trân,1778824957715,,,60,0,None,https://drive.google.com/file/d/1CSGDZVa6BUse9dxmMWCPV-mGO03tnhxV/view,features/vn/bang-chu-cai/class_h_aa57b18a/sample_a2a6eb16ab.npz,https://drive.google.com/file/d/1CSGDZVa6BUse9dxmMWCPV-mGO03tnhxV/view,,2026-05-15T07:33:27.688336Z,a2a6eb16ab,30,class_h_aa57b18a,sample_a2a6eb16ab.npz,h,vn/bang-chu-cai/h
bbcf12044f,aa57b18a-8318-4030-b356-00eddeef3845,h,H,vn,bang-chu-cai,camera,Minh,1778824957715,,,60,0,None,https://drive.google.com/file/d/1KEwj_bvMUDqRR2-UWUkQZ04Dk84IP1GC/view,features/vn/bang-chu-cai/class_h_aa57b18a/sample_bbcf12044f.npz,https://drive.google.com/file/d/1KEwj_bvMUDqRR2-UWUkQZ04Dk84IP1GC/view,,2026-05-15T07:37:37.571186Z,bbcf12044f,30,class_h_aa57b18a,sample_bbcf12044f.npz,h,vn/bang-chu-cai/h
3dfc1bc32e,aa57b18a-8318-4030-b356-00eddeef3845,h,H,vn,bang-chu-cai,camera,Minh,1778824957715,,,60,0,None,https://drive.google.com/file/d/1NbBeFZ9DYhvi1ukVrqxgrzA7kv7hKdmx/view,features/vn/bang-chu-cai/class_h_aa57b18a/sample_3dfc1bc32e.npz,https://drive.google.com/file/d/1NbBeFZ9DYhvi1ukVrqxgrzA7kv7hKdmx/view,,2026-05-15T07:36:52.504842Z,3dfc1bc32e,30,class_h_aa57b18a,sample_3dfc1bc32e.npz,h,vn/bang-chu-cai/h
b0e198a94f,aa57b18a-8318-4030-b356-00eddeef3845,h,H,vn,bang-chu-cai,camera,Minh,1778824957715,,,60,0,None,https://drive.google.com/file/d/1oibv8H1kEY9jiwwWHudYtaiYVk_Xt8BK/view,features/vn/bang-chu-cai/class_h_aa57b18a/sample_b0e198a94f.npz,https://drive.google.com/file/d/1oibv8H1kEY9jiwwWHudYtaiYVk_Xt8BK/view,,2026-05-15T07:38:12.598996Z,b0e198a94f,30,class_h_aa57b18a,sample_b0e198a94f.npz,h,vn/bang-chu-cai/h
f2ceac2dfc,aa57b18a-8318-4030-b356-00eddeef3845,h,H,vn,bang-chu-cai,camera,Trân,1778824957715,,,60,0,None,https://drive.google.com/file/d/16iI1fKSI-4noWGXBxFW-OIVvJCVDIwAO/view,features/vn/bang-chu-cai/class_h_aa57b18a/sample_f2ceac2dfc.npz,https://drive.google.com/file/d/16iI1fKSI-4noWGXBxFW-OIVvJCVDIwAO/view,,2026-05-15T07:34:18.474435Z,f2ceac2dfc,30,class_h_aa57b18a,sample_f2ceac2dfc.npz,h,vn/bang-chu-cai/h
ae64012c2e,aa57b18a-8318-4030-b356-00eddeef3845,h,H,vn,bang-chu-cai,camera,Trân,1778824957715,,,60,0,None,https://drive.google.com/file/d/1y5-GULNvFLRbKXyv7uDuuq10m38y79EE/view,features/vn/bang-chu-cai/class_h_aa57b18a/sample_ae64012c2e.npz,https://drive.google.com/file/d/1y5-GULNvFLRbKXyv7uDuuq10m38y79EE/view,,2026-05-15T07:36:10.112908Z,ae64012c2e,30,class_h_aa57b18a,sample_ae64012c2e.npz,h,vn/bang-chu-cai/h
51f8e98939,aa57b18a-8318-4030-b356-00eddeef3845,h,H,vn,bang-chu-cai,camera,Minh,1778824957715,,,60,0,None,https://drive.google.com/file/d/1ZMxn6sc_zrbEIYb_CarMp2hng7EKJLDr/view,features/vn/bang-chu-cai/class_h_aa57b18a/sample_51f8e98939.npz,https://drive.google.com/file/d/1ZMxn6sc_zrbEIYb_CarMp2hng7EKJLDr/view,,2026-05-15T07:38:01.145274Z,51f8e98939,30,class_h_aa57b18a,sample_51f8e98939.npz,h,vn/bang-chu-cai/h
f6ba36b63a,aa57b18a-8318-4030-b356-00eddeef3845,h,H,vn,bang-chu-cai,camera,Minh,1778824957715,,,60,0,None,https://drive.google.com/file/d/1W-vEEqS0HXtLSC3lFQSNT_cXcyuuPVi9/view,features/vn/bang-chu-cai/class_h_aa57b18a/sample_f6ba36b63a.npz,https://drive.google.com/file/d/1W-vEEqS0HXtLSC3lFQSNT_cXcyuuPVi9/view,,2026-05-15T07:36:29.351507Z,f6ba36b63a,30,class_h_aa57b18a,sample_f6ba36b63a.npz,h,vn/bang-chu-cai/h
bbf60a939f,3910ecab-6306-4d26-a9ff-e7e923f7ad9f,i,I,vn,bang-chu-cai,camera,Trân,1778824957715,,,60,0,None,https://drive.google.com/file/d/1fg7HKydQwOHbm3pg9wWz8HcsCuSHHfNG/view,features/vn/bang-chu-cai/class_i_3910ecab/sample_bbf60a939f.npz,https://drive.google.com/file/d/1fg7HKydQwOHbm3pg9wWz8HcsCuSHHfNG/view,,2026-05-15T07:42:48.890524Z,bbf60a939f,31,class_i_3910ecab,sample_bbf60a939f.npz,i,vn/bang-chu-cai/i
6c139323d0,3910ecab-6306-4d26-a9ff-e7e923f7ad9f,i,I,vn,bang-chu-cai,camera,Trân,1778824957715,,,60,0,None,https://drive.google.com/file/d/1ZqCfQ5uWdjVfwja0VAIBFxj94YByqmTk/view,features/vn/bang-chu-cai/class_i_3910ecab/sample_6c139323d0.npz,https://drive.google.com/file/d/1ZqCfQ5uWdjVfwja0VAIBFxj94YByqmTk/view,,2026-05-15T07:42:26.440221Z,6c139323d0,31,class_i_3910ecab,sample_6c139323d0.npz,i,vn/bang-chu-cai/i
66d7d6b9d9,3910ecab-6306-4d26-a9ff-e7e923f7ad9f,i,I,vn,bang-chu-cai,camera,Trân,1778824957715,,,60,0,None,https://drive.google.com/file/d/1D6cEIo_wnZ4gzZF9HL2Y1aP1pEKPRik2/view,features/vn/bang-chu-cai/class_i_3910ecab/sample_66d7d6b9d9.npz,https://drive.google.com/file/d/1D6cEIo_wnZ4gzZF9HL2Y1aP1pEKPRik2/view,,2026-05-15T07:41:42.058961Z,66d7d6b9d9,31,class_i_3910ecab,sample_66d7d6b9d9.npz,i,vn/bang-chu-cai/i
e932def25b,3910ecab-6306-4d26-a9ff-e7e923f7ad9f,i,I,vn,bang-chu-cai,camera,Trân,1778824957715,,,60,0,None,https://drive.google.com/file/d/1Xd7_d3jyOBYH3LGFhNH9pWp2BXoFtAB3/view,features/vn/bang-chu-cai/class_i_3910ecab/sample_e932def25b.npz,https://drive.google.com/file/d/1Xd7_d3jyOBYH3LGFhNH9pWp2BXoFtAB3/view,,2026-05-15T07:40:47.798987Z,e932def25b,31,class_i_3910ecab,sample_e932def25b.npz,i,vn/bang-chu-cai/i
d1bc98a4d4,3910ecab-6306-4d26-a9ff-e7e923f7ad9f,i,I,vn,bang-chu-cai,camera,Trân,1778824957715,,,60,0,None,https://drive.google.com/file/d/1Zhid6UA89CO8odkkowTGHFHLZLk7CRx-/view,features/vn/bang-chu-cai/class_i_3910ecab/sample_d1bc98a4d4.npz,https://drive.google.com/file/d/1Zhid6UA89CO8odkkowTGHFHLZLk7CRx-/view,,2026-05-15T07:41:07.920942Z,d1bc98a4d4,31,class_i_3910ecab,sample_d1bc98a4d4.npz,i,vn/bang-chu-cai/i
4ea9f504dc,3910ecab-6306-4d26-a9ff-e7e923f7ad9f,i,I,vn,bang-chu-cai,camera,Trân,1778824957715,,,60,0,None,https://drive.google.com/file/d/1AK2l2Ya5v99E6GyS0lf4x09rVg29qtEI/view,features/vn/bang-chu-cai/class_i_3910ecab/sample_4ea9f504dc.npz,https://drive.google.com/file/d/1AK2l2Ya5v99E6GyS0lf4x09rVg29qtEI/view,,2026-05-15T07:43:00.165414Z,4ea9f504dc,31,class_i_3910ecab,sample_4ea9f504dc.npz,i,vn/bang-chu-cai/i
450d12f7ac,3910ecab-6306-4d26-a9ff-e7e923f7ad9f,i,I,vn,bang-chu-cai,camera,Trân,1778824957715,,,60,0,None,https://drive.google.com/file/d/1ay_uZ8bNOQjKjSVYmxFTp9eF4Y4-q388/view,features/vn/bang-chu-cai/class_i_3910ecab/sample_450d12f7ac.npz,https://drive.google.com/file/d/1ay_uZ8bNOQjKjSVYmxFTp9eF4Y4-q388/view,,2026-05-15T07:40:36.517705Z,450d12f7ac,31,class_i_3910ecab,sample_450d12f7ac.npz,i,vn/bang-chu-cai/i
689b2cbc18,3910ecab-6306-4d26-a9ff-e7e923f7ad9f,i,I,vn,bang-chu-cai,camera,Minh,1778824957715,,,60,0,None,https://drive.google.com/file/d/1PxTVr_650V9GRGl4WfdApS_L902HJYxu/view,features/vn/bang-chu-cai/class_i_3910ecab/sample_689b2cbc18.npz,https://drive.google.com/file/d/1PxTVr_650V9GRGl4WfdApS_L902HJYxu/view,,2026-05-15T07:43:43.090237Z,689b2cbc18,31,class_i_3910ecab,sample_689b2cbc18.npz,i,vn/bang-chu-cai/i
ba1c5149aa,3910ecab-6306-4d26-a9ff-e7e923f7ad9f,i,I,vn,bang-chu-cai,camera,Trân,1778824957715,,,60,0,None,https://drive.google.com/file/d/1U8CWaOXZVrKb-4CU8hNFzgURzQ91hELA/view,features/vn/bang-chu-cai/class_i_3910ecab/sample_ba1c5149aa.npz,https://drive.google.com/file/d/1U8CWaOXZVrKb-4CU8hNFzgURzQ91hELA/view,,2026-05-15T07:41:53.699908Z,ba1c5149aa,31,class_i_3910ecab,sample_ba1c5149aa.npz,i,vn/bang-chu-cai/i
f4d8c8c979,3910ecab-6306-4d26-a9ff-e7e923f7ad9f,i,I,vn,bang-chu-cai,camera,Minh,1778824957715,,,60,0,None,https://drive.google.com/file/d/1pcwPp3xGWpaw7LnOx8DfkzN8pBF1V5_F/view,features/vn/bang-chu-cai/class_i_3910ecab/sample_f4d8c8c979.npz,https://drive.google.com/file/d/1pcwPp3xGWpaw7LnOx8DfkzN8pBF1V5_F/view,,2026-05-15T07:43:31.547716Z,f4d8c8c979,31,class_i_3910ecab,sample_f4d8c8c979.npz,i,vn/bang-chu-cai/i
6a3bf84ec4,3910ecab-6306-4d26-a9ff-e7e923f7ad9f,i,I,vn,bang-chu-cai,camera,Minh,1778824957715,,,60,0,None,https://drive.google.com/file/d/1sw4nKD9qqhzoe-op8bOJe7rOnq1g9Mee/view,features/vn/bang-chu-cai/class_i_3910ecab/sample_6a3bf84ec4.npz,https://drive.google.com/file/d/1sw4nKD9qqhzoe-op8bOJe7rOnq1g9Mee/view,,2026-05-15T07:44:50.783043Z,6a3bf84ec4,31,class_i_3910ecab,sample_6a3bf84ec4.npz,i,vn/bang-chu-cai/i
cf11bb9489,3910ecab-6306-4d26-a9ff-e7e923f7ad9f,i,I,vn,bang-chu-cai,camera,Trân,1778824957715,,,60,0,None,https://drive.google.com/file/d/1OOtw_0ovu8yw4XCSZ6DIR6emLgfA9q-C/view,features/vn/bang-chu-cai/class_i_3910ecab/sample_cf11bb9489.npz,https://drive.google.com/file/d/1OOtw_0ovu8yw4XCSZ6DIR6emLgfA9q-C/view,,2026-05-15T07:40:01.383459Z,cf11bb9489,31,class_i_3910ecab,sample_cf11bb9489.npz,i,vn/bang-chu-cai/i
16e1b194c7,3910ecab-6306-4d26-a9ff-e7e923f7ad9f,i,I,vn,bang-chu-cai,camera,Trân,1778824957715,,,60,0,None,https://drive.google.com/file/d/1cs0P-WD9idYvKCkCLM4dKRqEseVdmLSB/view,features/vn/bang-chu-cai/class_i_3910ecab/sample_16e1b194c7.npz,https://drive.google.com/file/d/1cs0P-WD9idYvKCkCLM4dKRqEseVdmLSB/view,,2026-05-15T07:42:14.859077Z,16e1b194c7,31,class_i_3910ecab,sample_16e1b194c7.npz,i,vn/bang-chu-cai/i
ab055d3a55,3910ecab-6306-4d26-a9ff-e7e923f7ad9f,i,I,vn,bang-chu-cai,camera,Minh,1778824957715,,,60,0,None,https://drive.google.com/file/d/10GOuvWuaYZHNJZRYiGXuPwv6W5psSuAT/view,features/vn/bang-chu-cai/class_i_3910ecab/sample_ab055d3a55.npz,https://drive.google.com/file/d/10GOuvWuaYZHNJZRYiGXuPwv6W5psSuAT/view,,2026-05-15T07:45:25.413160Z,ab055d3a55,31,class_i_3910ecab,sample_ab055d3a55.npz,i,vn/bang-chu-cai/i
f80c203751,3910ecab-6306-4d26-a9ff-e7e923f7ad9f,i,I,vn,bang-chu-cai,camera,Minh,1778824957715,,,60,0,None,https://drive.google.com/file/d/17XHz5aL4P7Uudw99t639fpZ_-LwdYQvR/view,features/vn/bang-chu-cai/class_i_3910ecab/sample_f80c203751.npz,https://drive.google.com/file/d/17XHz5aL4P7Uudw99t639fpZ_-LwdYQvR/view,,2026-05-15T07:45:13.869377Z,f80c203751,31,class_i_3910ecab,sample_f80c203751.npz,i,vn/bang-chu-cai/i
74789ad3d2,3910ecab-6306-4d26-a9ff-e7e923f7ad9f,i,I,vn,bang-chu-cai,camera,Trân,1778824957715,,,60,0,None,https://drive.google.com/file/d/1Sj53Eq1j502ZxrQZPcS45MF-cR3zSK3I/view,features/vn/bang-chu-cai/class_i_3910ecab/sample_74789ad3d2.npz,https://drive.google.com/file/d/1Sj53Eq1j502ZxrQZPcS45MF-cR3zSK3I/view,,2026-05-15T07:41:30.718788Z,74789ad3d2,31,class_i_3910ecab,sample_74789ad3d2.npz,i,vn/bang-chu-cai/i
1e928dc806,3910ecab-6306-4d26-a9ff-e7e923f7ad9f,i,I,vn,bang-chu-cai,camera,Minh,1778824957715,,,60,0,None,https://drive.google.com/file/d/1oCxWq30H9DnbqwmGIhASx2-cJkk8JIwN/view,features/vn/bang-chu-cai/class_i_3910ecab/sample_1e928dc806.npz,https://drive.google.com/file/d/1oCxWq30H9DnbqwmGIhASx2-cJkk8JIwN/view,,2026-05-15T07:44:39.298065Z,1e928dc806,31,class_i_3910ecab,sample_1e928dc806.npz,i,vn/bang-chu-cai/i
fdd68f8b45,3910ecab-6306-4d26-a9ff-e7e923f7ad9f,i,I,vn,bang-chu-cai,camera,Trân,1778824957715,,,60,0,None,https://drive.google.com/file/d/1ZBohWwDRZP4Bm7iIBasmP7F26vfl4RSF/view,features/vn/bang-chu-cai/class_i_3910ecab/sample_fdd68f8b45.npz,https://drive.google.com/file/d/1ZBohWwDRZP4Bm7iIBasmP7F26vfl4RSF/view,,2026-05-15T07:42:37.783089Z,fdd68f8b45,31,class_i_3910ecab,sample_fdd68f8b45.npz,i,vn/bang-chu-cai/i
a7754c3181,d97fc7fd-0b6a-4feb-a857-d33ca6b9c12e,k,K,vn,bang-chu-cai,camera,Trân,1778824957715,,,60,0,None,https://drive.google.com/file/d/1Q_CB0uZczTxaWD4CriUEcBncCgoY2IR6/view,features/vn/bang-chu-cai/class_k_d97fc7fd/sample_a7754c3181.npz,https://drive.google.com/file/d/1Q_CB0uZczTxaWD4CriUEcBncCgoY2IR6/view,,2026-05-15T07:48:02.726267Z,a7754c3181,32,class_k_d97fc7fd,sample_a7754c3181.npz,k,vn/bang-chu-cai/k
95e746db1d,d97fc7fd-0b6a-4feb-a857-d33ca6b9c12e,k,K,vn,bang-chu-cai,camera,Trân,1778824957715,,,60,0,None,https://drive.google.com/file/d/1XlIrLRzLRpKnhViOfTUNFFN1LR27bhlN/view,features/vn/bang-chu-cai/class_k_d97fc7fd/sample_95e746db1d.npz,https://drive.google.com/file/d/1XlIrLRzLRpKnhViOfTUNFFN1LR27bhlN/view,,2026-05-15T07:49:29.550947Z,95e746db1d,32,class_k_d97fc7fd,sample_95e746db1d.npz,k,vn/bang-chu-cai/k
8bd6c3d043,d97fc7fd-0b6a-4feb-a857-d33ca6b9c12e,k,K,vn,bang-chu-cai,camera,Trân,1778824957715,,,60,0,None,https://drive.google.com/file/d/1GJFGTMLxIiLtyYA269ddYEIuvbEH4up-/view,features/vn/bang-chu-cai/class_k_d97fc7fd/sample_8bd6c3d043.npz,https://drive.google.com/file/d/1GJFGTMLxIiLtyYA269ddYEIuvbEH4up-/view,,2026-05-15T07:49:06.553195Z,8bd6c3d043,32,class_k_d97fc7fd,sample_8bd6c3d043.npz,k,vn/bang-chu-cai/k
b6122aac47,d97fc7fd-0b6a-4feb-a857-d33ca6b9c12e,k,K,vn,bang-chu-cai,camera,Minh,1778824957715,,,60,0,None,https://drive.google.com/file/d/1KO-GxuuoOs4-e2rMlN4Sx31wTn5klW7X/view,features/vn/bang-chu-cai/class_k_d97fc7fd/sample_b6122aac47.npz,https://drive.google.com/file/d/1KO-GxuuoOs4-e2rMlN4Sx31wTn5klW7X/view,,2026-05-15T07:50:18.561827Z,b6122aac47,32,class_k_d97fc7fd,sample_b6122aac47.npz,k,vn/bang-chu-cai/k
b4fdb61f33,d97fc7fd-0b6a-4feb-a857-d33ca6b9c12e,k,K,vn,bang-chu-cai,camera,Minh,1778824957715,,,60,0,None,https://drive.google.com/file/d/1CSJBk79fBSdDhfLZZtqfFNvkKNsCjjlS/view,features/vn/bang-chu-cai/class_k_d97fc7fd/sample_b4fdb61f33.npz,https://drive.google.com/file/d/1CSJBk79fBSdDhfLZZtqfFNvkKNsCjjlS/view,,2026-05-15T07:50:30.181709Z,b4fdb61f33,32,class_k_d97fc7fd,sample_b4fdb61f33.npz,k,vn/bang-chu-cai/k
60c1024cba,d97fc7fd-0b6a-4feb-a857-d33ca6b9c12e,k,K,vn,bang-chu-cai,camera,Minh,1778824957715,,,60,0,None,https://drive.google.com/file/d/1qoVknoSrxPVVlMj8pZFD3KNKENm6oQYc/view,features/vn/bang-chu-cai/class_k_d97fc7fd/sample_60c1024cba.npz,https://drive.google.com/file/d/1qoVknoSrxPVVlMj8pZFD3KNKENm6oQYc/view,,2026-05-15T07:50:53.247436Z,60c1024cba,32,class_k_d97fc7fd,sample_60c1024cba.npz,k,vn/bang-chu-cai/k
5f2ad24957,d97fc7fd-0b6a-4feb-a857-d33ca6b9c12e,k,K,vn,bang-chu-cai,camera,Trân,1778824957715,,,60,0,None,https://drive.google.com/file/d/1q5jVe7UDGPNQ_ekL8uQKFIOqcqDR-9Vi/view,features/vn/bang-chu-cai/class_k_d97fc7fd/sample_5f2ad24957.npz,https://drive.google.com/file/d/1q5jVe7UDGPNQ_ekL8uQKFIOqcqDR-9Vi/view,,2026-05-15T07:49:41.338380Z,5f2ad24957,32,class_k_d97fc7fd,sample_5f2ad24957.npz,k,vn/bang-chu-cai/k
8ca29b78f2,d97fc7fd-0b6a-4feb-a857-d33ca6b9c12e,k,K,vn,bang-chu-cai,camera,Minh,1778824957715,,,60,0,None,https://drive.google.com/file/d/1a_SkKU7kMNQuGeAAAYGyWkz7wwT2bGfn/view,features/vn/bang-chu-cai/class_k_d97fc7fd/sample_8ca29b78f2.npz,https://drive.google.com/file/d/1a_SkKU7kMNQuGeAAAYGyWkz7wwT2bGfn/view,,2026-05-15T07:51:44.843058Z,8ca29b78f2,32,class_k_d97fc7fd,sample_8ca29b78f2.npz,k,vn/bang-chu-cai/k
a190867867,d97fc7fd-0b6a-4feb-a857-d33ca6b9c12e,k,K,vn,bang-chu-cai,camera,Minh,1778824957715,,,60,0,None,https://drive.google.com/file/d/1nf-hfTkooIi24GZkmy37qOwRIql0XDtB/view,features/vn/bang-chu-cai/class_k_d97fc7fd/sample_a190867867.npz,https://drive.google.com/file/d/1nf-hfTkooIi24GZkmy37qOwRIql0XDtB/view,,2026-05-15T07:51:56.184632Z,a190867867,32,class_k_d97fc7fd,sample_a190867867.npz,k,vn/bang-chu-cai/k
ceb39b000a,d97fc7fd-0b6a-4feb-a857-d33ca6b9c12e,k,K,vn,bang-chu-cai,camera,Trân,1778824957715,,,60,0,None,https://drive.google.com/file/d/1km1SKyWd28keGAWic-jNqJvGpGQnZhq0/view,features/vn/bang-chu-cai/class_k_d97fc7fd/sample_ceb39b000a.npz,https://drive.google.com/file/d/1km1SKyWd28keGAWic-jNqJvGpGQnZhq0/view,,2026-05-15T07:47:23.163010Z,ceb39b000a,32,class_k_d97fc7fd,sample_ceb39b000a.npz,k,vn/bang-chu-cai/k
8f66bca65f,d97fc7fd-0b6a-4feb-a857-d33ca6b9c12e,k,K,vn,bang-chu-cai,camera,Minh,1778824957715,,,60,0,None,https://drive.google.com/file/d/17iQy743VHC9wRAdy7NS03JK4aqHVwr-x/view,features/vn/bang-chu-cai/class_k_d97fc7fd/sample_8f66bca65f.npz,https://drive.google.com/file/d/17iQy743VHC9wRAdy7NS03JK4aqHVwr-x/view,,2026-05-15T07:51:33.162065Z,8f66bca65f,32,class_k_d97fc7fd,sample_8f66bca65f.npz,k,vn/bang-chu-cai/k
ab04c8668a,d97fc7fd-0b6a-4feb-a857-d33ca6b9c12e,k,K,vn,bang-chu-cai,camera,Trân,1778824957715,,,60,0,None,https://drive.google.com/file/d/1o71vZBejAtK7vPYRkol_Zgwkg-r6hnCI/view,features/vn/bang-chu-cai/class_k_d97fc7fd/sample_ab04c8668a.npz,https://drive.google.com/file/d/1o71vZBejAtK7vPYRkol_Zgwkg-r6hnCI/view,,2026-05-15T07:46:59.664892Z,ab04c8668a,32,class_k_d97fc7fd,sample_ab04c8668a.npz,k,vn/bang-chu-cai/k
077262ba98,d97fc7fd-0b6a-4feb-a857-d33ca6b9c12e,k,K,vn,bang-chu-cai,camera,Trân,1778824957715,,,60,0,None,https://drive.google.com/file/d/11JFcZIpZho6rUMkZL-yZSkKfPlJjddCE/view,features/vn/bang-chu-cai/class_k_d97fc7fd/sample_077262ba98.npz,https://drive.google.com/file/d/11JFcZIpZho6rUMkZL-yZSkKfPlJjddCE/view,,2026-05-15T07:48:48.340274Z,077262ba98,32,class_k_d97fc7fd,sample_077262ba98.npz,k,vn/bang-chu-cai/k
a11a313d17,d97fc7fd-0b6a-4feb-a857-d33ca6b9c12e,k,K,vn,bang-chu-cai,camera,Minh,1778824957715,,,60,0,None,https://drive.google.com/file/d/1K2GlkE4gxLdJQdVRdDVuZhUlsOO60IQ_/view,features/vn/bang-chu-cai/class_k_d97fc7fd/sample_a11a313d17.npz,https://drive.google.com/file/d/1K2GlkE4gxLdJQdVRdDVuZhUlsOO60IQ_/view,,2026-05-15T07:51:05.084810Z,a11a313d17,32,class_k_d97fc7fd,sample_a11a313d17.npz,k,vn/bang-chu-cai/k
d0231463a9,d97fc7fd-0b6a-4feb-a857-d33ca6b9c12e,k,K,vn,bang-chu-cai,camera,Trân,1778824957715,,,60,0,None,https://drive.google.com/file/d/1sVgeYqO6lSDbtRyZPj-OIMkozUN-0lSk/view,features/vn/bang-chu-cai/class_k_d97fc7fd/sample_d0231463a9.npz,https://drive.google.com/file/d/1sVgeYqO6lSDbtRyZPj-OIMkozUN-0lSk/view,,2026-05-15T07:47:34.593408Z,d0231463a9,32,class_k_d97fc7fd,sample_d0231463a9.npz,k,vn/bang-chu-cai/k
984d7e0c28,d97fc7fd-0b6a-4feb-a857-d33ca6b9c12e,k,K,vn,bang-chu-cai,camera,Trân,1778824957715,,,60,0,None,https://drive.google.com/file/d/1MMdR5D079TnkyvIyxNIpgoQomy2rrfqF/view,features/vn/bang-chu-cai/class_k_d97fc7fd/sample_984d7e0c28.npz,https://drive.google.com/file/d/1MMdR5D079TnkyvIyxNIpgoQomy2rrfqF/view,,2026-05-15T07:49:52.849654Z,984d7e0c28,32,class_k_d97fc7fd,sample_984d7e0c28.npz,k,vn/bang-chu-cai/k
20995c500f,d97fc7fd-0b6a-4feb-a857-d33ca6b9c12e,k,K,vn,bang-chu-cai,camera,Minh,1778824957715,,,60,0,None,https://drive.google.com/file/d/1kFF0zGCCA203FHIIdO5A68qv-zoRkxSy/view,features/vn/bang-chu-cai/class_k_d97fc7fd/sample_20995c500f.npz,https://drive.google.com/file/d/1kFF0zGCCA203FHIIdO5A68qv-zoRkxSy/view,,2026-05-15T07:51:21.690441Z,20995c500f,32,class_k_d97fc7fd,sample_20995c500f.npz,k,vn/bang-chu-cai/k
d5c579b314,d97fc7fd-0b6a-4feb-a857-d33ca6b9c12e,k,K,vn,bang-chu-cai,camera,Trân,1778824957715,,,60,0,None,https://drive.google.com/file/d/1TpMVbonW74cvjG8PaIyYv_m4EkAtIntB/view,features/vn/bang-chu-cai/class_k_d97fc7fd/sample_d5c579b314.npz,https://drive.google.com/file/d/1TpMVbonW74cvjG8PaIyYv_m4EkAtIntB/view,,2026-05-15T07:47:11.054745Z,d5c579b314,32,class_k_d97fc7fd,sample_d5c579b314.npz,k,vn/bang-chu-cai/k
acf919e1ed,905a0da2-0e92-4d75-8253-45dc79d0f44d,l,L,vn,bang-chu-cai,camera,Trân,1778824957715,,,60,0,None,https://drive.google.com/file/d/19HhQjE8AbdiYVgvNkumbvmKnFGK0fT-L/view,features/vn/bang-chu-cai/class_l_905a0da2/sample_acf919e1ed.npz,https://drive.google.com/file/d/19HhQjE8AbdiYVgvNkumbvmKnFGK0fT-L/view,,2026-05-15T07:55:35.147290Z,acf919e1ed,33,class_l_905a0da2,sample_acf919e1ed.npz,l,vn/bang-chu-cai/l
83d7b53c18,905a0da2-0e92-4d75-8253-45dc79d0f44d,l,L,vn,bang-chu-cai,camera,Trân,1778824957715,,,60,0,None,https://drive.google.com/file/d/17dfWg2BzhyMghLkGgkbPwFIOZCP4CzaL/view,features/vn/bang-chu-cai/class_l_905a0da2/sample_83d7b53c18.npz,https://drive.google.com/file/d/17dfWg2BzhyMghLkGgkbPwFIOZCP4CzaL/view,,2026-05-15T07:53:51.606700Z,83d7b53c18,33,class_l_905a0da2,sample_83d7b53c18.npz,l,vn/bang-chu-cai/l
736a836333,905a0da2-0e92-4d75-8253-45dc79d0f44d,l,L,vn,bang-chu-cai,camera,Minh,1778824957715,,,60,0,None,https://drive.google.com/file/d/1LReSjM0wvH5sNGEnnicplN-b4cIhuSqr/view,features/vn/bang-chu-cai/class_l_905a0da2/sample_736a836333.npz,https://drive.google.com/file/d/1LReSjM0wvH5sNGEnnicplN-b4cIhuSqr/view,,2026-05-15T07:56:15.351380Z,736a836333,33,class_l_905a0da2,sample_736a836333.npz,l,vn/bang-chu-cai/l
d3230ab98c,905a0da2-0e92-4d75-8253-45dc79d0f44d,l,L,vn,bang-chu-cai,camera,Minh,1778824957715,,,60,0,None,https://drive.google.com/file/d/1zXb8JxgqwnOiHAZHZQaVRcdgtwJp5Ups/view,features/vn/bang-chu-cai/class_l_905a0da2/sample_d3230ab98c.npz,https://drive.google.com/file/d/1zXb8JxgqwnOiHAZHZQaVRcdgtwJp5Ups/view,,2026-05-15T07:57:31.205343Z,d3230ab98c,33,class_l_905a0da2,sample_d3230ab98c.npz,l,vn/bang-chu-cai/l
c464df3e76,905a0da2-0e92-4d75-8253-45dc79d0f44d,l,L,vn,bang-chu-cai,camera,Trân,1778824957715,,,60,0,None,https://drive.google.com/file/d/1--xk36gqpMP0TbbIsVQgZSMK1VBC4XzE/view,features/vn/bang-chu-cai/class_l_905a0da2/sample_c464df3e76.npz,https://drive.google.com/file/d/1--xk36gqpMP0TbbIsVQgZSMK1VBC4XzE/view,,2026-05-15T07:54:49.390230Z,c464df3e76,33,class_l_905a0da2,sample_c464df3e76.npz,l,vn/bang-chu-cai/l
415acef280,905a0da2-0e92-4d75-8253-45dc79d0f44d,l,L,vn,bang-chu-cai,camera,Minh,1778824957715,,,60,0,None,https://drive.google.com/file/d/1pvS1OyTBAAJXmPelOrzMI3rfLUKjSe6x/view,features/vn/bang-chu-cai/class_l_905a0da2/sample_415acef280.npz,https://drive.google.com/file/d/1pvS1OyTBAAJXmPelOrzMI3rfLUKjSe6x/view,,2026-05-15T07:57:19.704911Z,415acef280,33,class_l_905a0da2,sample_415acef280.npz,l,vn/bang-chu-cai/l
33d586b314,905a0da2-0e92-4d75-8253-45dc79d0f44d,l,L,vn,bang-chu-cai,camera,Trân,1778824957715,,,60,0,None,https://drive.google.com/file/d/1Cdsxb2JW4MNnCbRjUfKbClkg3ZVwAsM5/view,features/vn/bang-chu-cai/class_l_905a0da2/sample_33d586b314.npz,https://drive.google.com/file/d/1Cdsxb2JW4MNnCbRjUfKbClkg3ZVwAsM5/view,,2026-05-15T07:54:14.375605Z,33d586b314,33,class_l_905a0da2,sample_33d586b314.npz,l,vn/bang-chu-cai/l
824d4da14a,905a0da2-0e92-4d75-8253-45dc79d0f44d,l,L,vn,bang-chu-cai,camera,Minh,1778824957715,,,60,0,None,https://drive.google.com/file/d/1Kgv3LHi-CHhhepFi2RB44r1Fnx5pgk04/view,features/vn/bang-chu-cai/class_l_905a0da2/sample_824d4da14a.npz,https://drive.google.com/file/d/1Kgv3LHi-CHhhepFi2RB44r1Fnx5pgk04/view,,2026-05-15T07:56:38.036213Z,824d4da14a,33,class_l_905a0da2,sample_824d4da14a.npz,l,vn/bang-chu-cai/l
abb4053ad3,905a0da2-0e92-4d75-8253-45dc79d0f44d,l,L,vn,bang-chu-cai,camera,Trân,1778824957715,,,60,0,None,https://drive.google.com/file/d/18LG6MekkNsbXeu9I2bx5_zLVE8bIsoPB/view,features/vn/bang-chu-cai/class_l_905a0da2/sample_abb4053ad3.npz,https://drive.google.com/file/d/18LG6MekkNsbXeu9I2bx5_zLVE8bIsoPB/view,,2026-05-15T07:54:25.848606Z,abb4053ad3,33,class_l_905a0da2,sample_abb4053ad3.npz,l,vn/bang-chu-cai/l
e76f2608d7,905a0da2-0e92-4d75-8253-45dc79d0f44d,l,L,vn,bang-chu-cai,camera,Minh,1778824957715,,,60,0,None,https://drive.google.com/file/d/1nmAttij78PCjhuH3gNJPnrautCN14RV3/view,features/vn/bang-chu-cai/class_l_905a0da2/sample_e76f2608d7.npz,https://drive.google.com/file/d/1nmAttij78PCjhuH3gNJPnrautCN14RV3/view,,2026-05-15T07:57:07.881322Z,e76f2608d7,33,class_l_905a0da2,sample_e76f2608d7.npz,l,vn/bang-chu-cai/l
82eb720926,905a0da2-0e92-4d75-8253-45dc79d0f44d,l,L,vn,bang-chu-cai,camera,Trân,1778824957715,,,60,0,None,https://drive.google.com/file/d/1f-Z8nUnm-VbdDJb4fL4m9B6QaJOtLZ1h/view,features/vn/bang-chu-cai/class_l_905a0da2/sample_82eb720926.npz,https://drive.google.com/file/d/1f-Z8nUnm-VbdDJb4fL4m9B6QaJOtLZ1h/view,,2026-05-15T07:55:00.796693Z,82eb720926,33,class_l_905a0da2,sample_82eb720926.npz,l,vn/bang-chu-cai/l
beb6994495,905a0da2-0e92-4d75-8253-45dc79d0f44d,l,L,vn,bang-chu-cai,camera,Trân,1778824957715,,,60,0,None,https://drive.google.com/file/d/1SWytU0OsKfa1YzyveYgBfYN0OIX_05Db/view,features/vn/bang-chu-cai/class_l_905a0da2/sample_beb6994495.npz,https://drive.google.com/file/d/1SWytU0OsKfa1YzyveYgBfYN0OIX_05Db/view,,2026-05-15T07:53:40.119075Z,beb6994495,33,class_l_905a0da2,sample_beb6994495.npz,l,vn/bang-chu-cai/l
0b521e0145,905a0da2-0e92-4d75-8253-45dc79d0f44d,l,L,vn,bang-chu-cai,camera,Minh,1778824957715,,,60,0,None,https://drive.google.com/file/d/1qSsNFbbdMdzxpxAGZcf5dyJN__y26eIr/view,features/vn/bang-chu-cai/class_l_905a0da2/sample_0b521e0145.npz,https://drive.google.com/file/d/1qSsNFbbdMdzxpxAGZcf5dyJN__y26eIr/view,,2026-05-15T07:55:52.538217Z,0b521e0145,33,class_l_905a0da2,sample_0b521e0145.npz,l,vn/bang-chu-cai/l
a7fa84a035,905a0da2-0e92-4d75-8253-45dc79d0f44d,l,L,vn,bang-chu-cai,camera,Trân,1778824957715,,,60,0,None,https://drive.google.com/file/d/1vVCIoT7svNNdOLoZYO-VdPV1d5gvQ8Sq/view,features/vn/bang-chu-cai/class_l_905a0da2/sample_a7fa84a035.npz,https://drive.google.com/file/d/1vVCIoT7svNNdOLoZYO-VdPV1d5gvQ8Sq/view,,2026-05-15T07:55:23.375452Z,a7fa84a035,33,class_l_905a0da2,sample_a7fa84a035.npz,l,vn/bang-chu-cai/l
f11decdcc9,905a0da2-0e92-4d75-8253-45dc79d0f44d,l,L,vn,bang-chu-cai,camera,Minh,1778824957715,,,60,0,None,https://drive.google.com/file/d/1FWMN2YwgrV6Qb7NOp3yjG0V_kf7f9bjX/view,features/vn/bang-chu-cai/class_l_905a0da2/sample_f11decdcc9.npz,https://drive.google.com/file/d/1FWMN2YwgrV6Qb7NOp3yjG0V_kf7f9bjX/view,,2026-05-15T07:56:56.121191Z,f11decdcc9,33,class_l_905a0da2,sample_f11decdcc9.npz,l,vn/bang-chu-cai/l
943151475a,905a0da2-0e92-4d75-8253-45dc79d0f44d,l,L,vn,bang-chu-cai,camera,Minh,1778824957715,,,60,0,None,https://drive.google.com/file/d/1CBjggcNSu_sR7p4uSyGoUTyS5gAA0jeJ/view,features/vn/bang-chu-cai/class_l_905a0da2/sample_943151475a.npz,https://drive.google.com/file/d/1CBjggcNSu_sR7p4uSyGoUTyS5gAA0jeJ/view,,2026-05-15T07:56:26.817168Z,943151475a,33,class_l_905a0da2,sample_943151475a.npz,l,vn/bang-chu-cai/l
17454644fc,905a0da2-0e92-4d75-8253-45dc79d0f44d,l,L,vn,bang-chu-cai,camera,Trân,1778824957715,,,60,0,None,https://drive.google.com/file/d/1VKYA4uRnCT0FdEtlvfCk4_Hq4Js6qNnI/view,features/vn/bang-chu-cai/class_l_905a0da2/sample_17454644fc.npz,https://drive.google.com/file/d/1VKYA4uRnCT0FdEtlvfCk4_Hq4Js6qNnI/view,,2026-05-15T07:53:24.339811Z,17454644fc,33,class_l_905a0da2,sample_17454644fc.npz,l,vn/bang-chu-cai/l
f4cc357b8e,905a0da2-0e92-4d75-8253-45dc79d0f44d,l,L,vn,bang-chu-cai,camera,Trân,1778824957715,,,60,0,None,https://drive.google.com/file/d/1HkJ2MEbtrpNTUO1Gz-3EcujU2MOUdr-B/view,features/vn/bang-chu-cai/class_l_905a0da2/sample_f4cc357b8e.npz,https://drive.google.com/file/d/1HkJ2MEbtrpNTUO1Gz-3EcujU2MOUdr-B/view,,2026-05-15T07:52:38.520756Z,f4cc357b8e,33,class_l_905a0da2,sample_f4cc357b8e.npz,l,vn/bang-chu-cai/l
a812dca96b,f759ae47-ef10-40aa-9503-e9e259267a1e,x,X,vn,bang-chu-cai,camera,Trân,1778824957715,,,60,0,None,https://drive.google.com/file/d/1NLumis5WJG3beSyR6i1zWS5hZ8GJ_0fc/view,features/vn/bang-chu-cai/class_x_f759ae47/sample_a812dca96b.npz,https://drive.google.com/file/d/1NLumis5WJG3beSyR6i1zWS5hZ8GJ_0fc/view,,2026-05-15T08:27:17.300148Z,a812dca96b,34,class_x_f759ae47,sample_a812dca96b.npz,x,vn/bang-chu-cai/x
6ee3cec2fb,f759ae47-ef10-40aa-9503-e9e259267a1e,x,X,vn,bang-chu-cai,camera,Trân,1778824957715,,,60,0,None,https://drive.google.com/file/d/1JEOww-OMtpepa0pRROOeKtiuCj5_A-7j/view,features/vn/bang-chu-cai/class_x_f759ae47/sample_6ee3cec2fb.npz,https://drive.google.com/file/d/1JEOww-OMtpepa0pRROOeKtiuCj5_A-7j/view,,2026-05-15T08:28:45.405762Z,6ee3cec2fb,34,class_x_f759ae47,sample_6ee3cec2fb.npz,x,vn/bang-chu-cai/x
5e5d6aba50,f759ae47-ef10-40aa-9503-e9e259267a1e,x,X,vn,bang-chu-cai,camera,Trân,1778824957715,,,60,0,None,https://drive.google.com/file/d/1Y_0jr_l9qFgOl4gRUW-FOUVSPQPGPGm4/view,features/vn/bang-chu-cai/class_x_f759ae47/sample_5e5d6aba50.npz,https://drive.google.com/file/d/1Y_0jr_l9qFgOl4gRUW-FOUVSPQPGPGm4/view,,2026-05-15T08:27:04.508846Z,5e5d6aba50,34,class_x_f759ae47,sample_5e5d6aba50.npz,x,vn/bang-chu-cai/x
eb2d1773f6,f759ae47-ef10-40aa-9503-e9e259267a1e,x,X,vn,bang-chu-cai,camera,Trân,1778824957715,,,60,0,None,https://drive.google.com/file/d/1Zho36Fj1JPp6zVEDouuRtSR1kEmUxxKW/view,features/vn/bang-chu-cai/class_x_f759ae47/sample_eb2d1773f6.npz,https://drive.google.com/file/d/1Zho36Fj1JPp6zVEDouuRtSR1kEmUxxKW/view,,2026-05-15T08:27:28.476979Z,eb2d1773f6,34,class_x_f759ae47,sample_eb2d1773f6.npz,x,vn/bang-chu-cai/x
c8d64aef9f,f759ae47-ef10-40aa-9503-e9e259267a1e,x,X,vn,bang-chu-cai,camera,Trân,1778824957715,,,60,0,None,https://drive.google.com/file/d/1AarpW-avnhrJdl-g2AGSjyi8T0Y5apRQ/view,features/vn/bang-chu-cai/class_x_f759ae47/sample_c8d64aef9f.npz,https://drive.google.com/file/d/1AarpW-avnhrJdl-g2AGSjyi8T0Y5apRQ/view,,2026-05-15T08:25:24.783294Z,c8d64aef9f,34,class_x_f759ae47,sample_c8d64aef9f.npz,x,vn/bang-chu-cai/x
4e97470fe4,f759ae47-ef10-40aa-9503-e9e259267a1e,x,X,vn,bang-chu-cai,camera,Trân,1778824957715,,,60,0,None,https://drive.google.com/file/d/1TLnQnBGI9D4Pm0Fjd8lYpDr41nOecaIg/view,features/vn/bang-chu-cai/class_x_f759ae47/sample_4e97470fe4.npz,https://drive.google.com/file/d/1TLnQnBGI9D4Pm0Fjd8lYpDr41nOecaIg/view,,2026-05-15T08:27:51.109917Z,4e97470fe4,34,class_x_f759ae47,sample_4e97470fe4.npz,x,vn/bang-chu-cai/x
4e7515273d,f759ae47-ef10-40aa-9503-e9e259267a1e,x,X,vn,bang-chu-cai,camera,Trân,1778824957715,,,60,0,None,https://drive.google.com/file/d/1YuKs3tkNdJl3WZ5gYGoLBcFIBFQXFCum/view,features/vn/bang-chu-cai/class_x_f759ae47/sample_4e7515273d.npz,https://drive.google.com/file/d/1YuKs3tkNdJl3WZ5gYGoLBcFIBFQXFCum/view,,2026-05-15T08:28:58.407024Z,4e7515273d,34,class_x_f759ae47,sample_4e7515273d.npz,x,vn/bang-chu-cai/x
65c862f459,f759ae47-ef10-40aa-9503-e9e259267a1e,x,X,vn,bang-chu-cai,camera,Trân,1778824957715,,,60,0,None,https://drive.google.com/file/d/173r8EcPc-cWURZc2Nz9bI8DZAlD83aYK/view,features/vn/bang-chu-cai/class_x_f759ae47/sample_65c862f459.npz,https://drive.google.com/file/d/173r8EcPc-cWURZc2Nz9bI8DZAlD83aYK/view,,2026-05-15T08:29:24.553444Z,65c862f459,34,class_x_f759ae47,sample_65c862f459.npz,x,vn/bang-chu-cai/x
617a6fd489,f759ae47-ef10-40aa-9503-e9e259267a1e,x,X,vn,bang-chu-cai,camera,Minh,1778824957715,,,60,0,None,https://drive.google.com/file/d/1i2xLhhhhSf5uzIWy1TIqKNdJXpEGySsc/view,features/vn/bang-chu-cai/class_x_f759ae47/sample_617a6fd489.npz,https://drive.google.com/file/d/1i2xLhhhhSf5uzIWy1TIqKNdJXpEGySsc/view,,2026-05-15T08:31:01.822103Z,617a6fd489,34,class_x_f759ae47,sample_617a6fd489.npz,x,vn/bang-chu-cai/x
6fbd62f54e,f759ae47-ef10-40aa-9503-e9e259267a1e,x,X,vn,bang-chu-cai,camera,Trân,1778824957715,,,60,0,None,https://drive.google.com/file/d/1rQI2diknYzlc4JFW54H1O9LqldbfFndZ/view,features/vn/bang-chu-cai/class_x_f759ae47/sample_6fbd62f54e.npz,https://drive.google.com/file/d/1rQI2diknYzlc4JFW54H1O9LqldbfFndZ/view,,2026-05-15T08:30:12.175303Z,6fbd62f54e,34,class_x_f759ae47,sample_6fbd62f54e.npz,x,vn/bang-chu-cai/x
5992dcc6d5,f759ae47-ef10-40aa-9503-e9e259267a1e,x,X,vn,bang-chu-cai,camera,Trân,1778824957715,,,60,0,None,https://drive.google.com/file/d/1VzW_QI8vphcq8rHAAG1pdvnHvMuRJCqP/view,features/vn/bang-chu-cai/class_x_f759ae47/sample_5992dcc6d5.npz,https://drive.google.com/file/d/1VzW_QI8vphcq8rHAAG1pdvnHvMuRJCqP/view,,2026-05-15T08:28:21.474510Z,5992dcc6d5,34,class_x_f759ae47,sample_5992dcc6d5.npz,x,vn/bang-chu-cai/x
d85a2f5d97,f759ae47-ef10-40aa-9503-e9e259267a1e,x,X,vn,bang-chu-cai,camera,Minh,1778824957715,,,60,0,None,https://drive.google.com/file/d/1zPiJCTJ06sSfv_dNvbBpwytLRMLqiL0u/view,features/vn/bang-chu-cai/class_x_f759ae47/sample_d85a2f5d97.npz,https://drive.google.com/file/d/1zPiJCTJ06sSfv_dNvbBpwytLRMLqiL0u/view,,2026-05-15T08:31:13.138442Z,d85a2f5d97,34,class_x_f759ae47,sample_d85a2f5d97.npz,x,vn/bang-chu-cai/x
f4aa411c6f,f759ae47-ef10-40aa-9503-e9e259267a1e,x,X,vn,bang-chu-cai,camera,Trân,1778824957715,,,60,0,None,https://drive.google.com/file/d/1C1OEUq087VgsYXIbRYkiTs-ZIw3_oeZA/view,features/vn/bang-chu-cai/class_x_f759ae47/sample_f4aa411c6f.npz,https://drive.google.com/file/d/1C1OEUq087VgsYXIbRYkiTs-ZIw3_oeZA/view,,2026-05-15T08:30:00.597336Z,f4aa411c6f,34,class_x_f759ae47,sample_f4aa411c6f.npz,x,vn/bang-chu-cai/x
b28ee7714b,f759ae47-ef10-40aa-9503-e9e259267a1e,x,X,vn,bang-chu-cai,camera,Trân,1778824957715,,,60,0,None,https://drive.google.com/file/d/1ZePYCfEI0wn2ToQD1y_21JISpkxxga6V/view,features/vn/bang-chu-cai/class_x_f759ae47/sample_b28ee7714b.npz,https://drive.google.com/file/d/1ZePYCfEI0wn2ToQD1y_21JISpkxxga6V/view,,2026-05-15T08:29:48.203323Z,b28ee7714b,34,class_x_f759ae47,sample_b28ee7714b.npz,x,vn/bang-chu-cai/x
7ff4ded205,f759ae47-ef10-40aa-9503-e9e259267a1e,x,X,vn,bang-chu-cai,camera,Minh,1778824957715,,,60,0,None,https://drive.google.com/file/d/1JPyazbCSNLENVeAVtmK0QVf7Y3To5ZU8/view,features/vn/bang-chu-cai/class_x_f759ae47/sample_7ff4ded205.npz,https://drive.google.com/file/d/1JPyazbCSNLENVeAVtmK0QVf7Y3To5ZU8/view,,2026-05-15T08:31:24.505300Z,7ff4ded205,34,class_x_f759ae47,sample_7ff4ded205.npz,x,vn/bang-chu-cai/x
efe6bfa225,f759ae47-ef10-40aa-9503-e9e259267a1e,x,X,vn,bang-chu-cai,camera,Minh,1778824957715,,,60,0,None,https://drive.google.com/file/d/1-tbX228SLY-sv8l6WLfBOvItIa9RQ4vB/view,features/vn/bang-chu-cai/class_x_f759ae47/sample_efe6bfa225.npz,https://drive.google.com/file/d/1-tbX228SLY-sv8l6WLfBOvItIa9RQ4vB/view,,2026-05-15T08:30:38.066841Z,efe6bfa225,34,class_x_f759ae47,sample_efe6bfa225.npz,x,vn/bang-chu-cai/x
3012dd4876,f759ae47-ef10-40aa-9503-e9e259267a1e,x,X,vn,bang-chu-cai,camera,Trân,1778824957715,,,60,0,None,https://drive.google.com/file/d/1qhz_ETq5I-H-G4Dc2YDU78lGQt4MKteZ/view,features/vn/bang-chu-cai/class_x_f759ae47/sample_3012dd4876.npz,https://drive.google.com/file/d/1qhz_ETq5I-H-G4Dc2YDU78lGQt4MKteZ/view,,2026-05-15T08:29:36.841172Z,3012dd4876,34,class_x_f759ae47,sample_3012dd4876.npz,x,vn/bang-chu-cai/x
6c0547fd5f,f759ae47-ef10-40aa-9503-e9e259267a1e,x,X,vn,bang-chu-cai,camera,Trân,1778824957715,,,60,0,None,https://drive.google.com/file/d/1AezAwTwVqqpx59JwvDJy4H9pke26VNrf/view,features/vn/bang-chu-cai/class_x_f759ae47/sample_6c0547fd5f.npz,https://drive.google.com/file/d/1AezAwTwVqqpx59JwvDJy4H9pke26VNrf/view,,2026-05-15T08:25:13.349097Z,6c0547fd5f,34,class_x_f759ae47,sample_6c0547fd5f.npz,x,vn/bang-chu-cai/x
9a7026f5ae,f759ae47-ef10-40aa-9503-e9e259267a1e,x,X,vn,bang-chu-cai,camera,Trân,1778824957715,,,60,0,None,https://drive.google.com/file/d/1CTrhhnHFWu0iKuiSKmCTmQrqCzVsFTRH/view,features/vn/bang-chu-cai/class_x_f759ae47/sample_9a7026f5ae.npz,https://drive.google.com/file/d/1CTrhhnHFWu0iKuiSKmCTmQrqCzVsFTRH/view,,2026-05-15T08:26:18.291690Z,9a7026f5ae,34,class_x_f759ae47,sample_9a7026f5ae.npz,x,vn/bang-chu-cai/x
393e1f79b6,f759ae47-ef10-40aa-9503-e9e259267a1e,x,X,vn,bang-chu-cai,camera,Trân,1778824957715,,,60,0,None,https://drive.google.com/file/d/1kZzcKwJKyeavUyN0Sm77mHV-3eGCRaeQ/view,features/vn/bang-chu-cai/class_x_f759ae47/sample_393e1f79b6.npz,https://drive.google.com/file/d/1kZzcKwJKyeavUyN0Sm77mHV-3eGCRaeQ/view,,2026-05-15T08:25:54.829179Z,393e1f79b6,34,class_x_f759ae47,sample_393e1f79b6.npz,x,vn/bang-chu-cai/x
81ec4a99e0,f759ae47-ef10-40aa-9503-e9e259267a1e,x,X,vn,bang-chu-cai,camera,Trân,1778824957715,,,60,0,None,https://drive.google.com/file/d/19EzJ7ydrxattWrG_os8PpRSJcH0xwsDx/view,features/vn/bang-chu-cai/class_x_f759ae47/sample_81ec4a99e0.npz,https://drive.google.com/file/d/19EzJ7ydrxattWrG_os8PpRSJcH0xwsDx/view,,2026-05-15T08:28:33.567151Z,81ec4a99e0,34,class_x_f759ae47,sample_81ec4a99e0.npz,x,vn/bang-chu-cai/x
ab63dad347,ba9d934f-9836-4da5-946a-f6b5193a3cc8,y,Y,vn,bang-chu-cai,camera,Trân,1778824957715,,,60,0,None,https://drive.google.com/file/d/1rFAsij3l0vMZKokOorB6PqK3gRDBVPTV/view,features/vn/bang-chu-cai/class_y_ba9d934f/sample_ab63dad347.npz,https://drive.google.com/file/d/1rFAsij3l0vMZKokOorB6PqK3gRDBVPTV/view,,2026-05-15T08:32:51.989474Z,ab63dad347,35,class_y_ba9d934f,sample_ab63dad347.npz,y,vn/bang-chu-cai/y
927b53383b,ba9d934f-9836-4da5-946a-f6b5193a3cc8,y,Y,vn,bang-chu-cai,camera,Minh,1778824957715,,,60,0,None,https://drive.google.com/file/d/1yS8w0EMniuZfPppEDlQfiiQIWMJUK2AD/view,features/vn/bang-chu-cai/class_y_ba9d934f/sample_927b53383b.npz,https://drive.google.com/file/d/1yS8w0EMniuZfPppEDlQfiiQIWMJUK2AD/view,,2026-05-15T08:34:42.847988Z,927b53383b,35,class_y_ba9d934f,sample_927b53383b.npz,y,vn/bang-chu-cai/y
56f9ec1464,ba9d934f-9836-4da5-946a-f6b5193a3cc8,y,Y,vn,bang-chu-cai,camera,Minh,1778824957715,,,60,0,None,https://drive.google.com/file/d/16wCJC2fOkttw9OEtx-8XV8XKiqp4HK1d/view,features/vn/bang-chu-cai/class_y_ba9d934f/sample_56f9ec1464.npz,https://drive.google.com/file/d/16wCJC2fOkttw9OEtx-8XV8XKiqp4HK1d/view,,2026-05-15T08:36:29.034824Z,56f9ec1464,35,class_y_ba9d934f,sample_56f9ec1464.npz,y,vn/bang-chu-cai/y
c90a174e89,ba9d934f-9836-4da5-946a-f6b5193a3cc8,y,Y,vn,bang-chu-cai,camera,Trân,1778824957715,,,60,0,None,https://drive.google.com/file/d/1hqqc_oH1zb4ilHHZ9sOApzlzJeDjnhsh/view,features/vn/bang-chu-cai/class_y_ba9d934f/sample_c90a174e89.npz,https://drive.google.com/file/d/1hqqc_oH1zb4ilHHZ9sOApzlzJeDjnhsh/view,,2026-05-15T08:33:03.457367Z,c90a174e89,35,class_y_ba9d934f,sample_c90a174e89.npz,y,vn/bang-chu-cai/y
c4629692ff,ba9d934f-9836-4da5-946a-f6b5193a3cc8,y,Y,vn,bang-chu-cai,camera,Minh,1778824957715,,,60,0,None,https://drive.google.com/file/d/1AcrHCfJCvJJrIWFgUovXZwWIt5nioYBO/view,features/vn/bang-chu-cai/class_y_ba9d934f/sample_c4629692ff.npz,https://drive.google.com/file/d/1AcrHCfJCvJJrIWFgUovXZwWIt5nioYBO/view,,2026-05-15T08:35:54.455902Z,c4629692ff,35,class_y_ba9d934f,sample_c4629692ff.npz,y,vn/bang-chu-cai/y
478c23688c,ba9d934f-9836-4da5-946a-f6b5193a3cc8,y,Y,vn,bang-chu-cai,camera,Minh,1778824957715,,,60,0,None,https://drive.google.com/file/d/1quxdPwMbs5tt3G81M3iPnEkVvoqvys2V/view,features/vn/bang-chu-cai/class_y_ba9d934f/sample_478c23688c.npz,https://drive.google.com/file/d/1quxdPwMbs5tt3G81M3iPnEkVvoqvys2V/view,,2026-05-15T08:35:05.367850Z,478c23688c,35,class_y_ba9d934f,sample_478c23688c.npz,y,vn/bang-chu-cai/y
403b333a4f,ba9d934f-9836-4da5-946a-f6b5193a3cc8,y,Y,vn,bang-chu-cai,camera,Trân,1778824957715,,,60,0,None,https://drive.google.com/file/d/1aqMyL0CETGEN4Q1uVWr0E48gKxu6Zpoq/view,features/vn/bang-chu-cai/class_y_ba9d934f/sample_403b333a4f.npz,https://drive.google.com/file/d/1aqMyL0CETGEN4Q1uVWr0E48gKxu6Zpoq/view,,2026-05-15T08:31:52.567037Z,403b333a4f,35,class_y_ba9d934f,sample_403b333a4f.npz,y,vn/bang-chu-cai/y
5a8de8c04e,ba9d934f-9836-4da5-946a-f6b5193a3cc8,y,Y,vn,bang-chu-cai,camera,Trân,1778824957715,,,60,0,None,https://drive.google.com/file/d/1T10VqszTaZP972NFylXUH4opMZ4yeqPB/view,features/vn/bang-chu-cai/class_y_ba9d934f/sample_5a8de8c04e.npz,https://drive.google.com/file/d/1T10VqszTaZP972NFylXUH4opMZ4yeqPB/view,,2026-05-15T08:32:40.492247Z,5a8de8c04e,35,class_y_ba9d934f,sample_5a8de8c04e.npz,y,vn/bang-chu-cai/y
a6d6262a08,ba9d934f-9836-4da5-946a-f6b5193a3cc8,y,Y,vn,bang-chu-cai,camera,Trân,1778824957715,,,60,0,None,https://drive.google.com/file/d/1CYpVuJdtDqAaa90QTM4XWgVF5g4922xv/view,features/vn/bang-chu-cai/class_y_ba9d934f/sample_a6d6262a08.npz,https://drive.google.com/file/d/1CYpVuJdtDqAaa90QTM4XWgVF5g4922xv/view,,2026-05-15T08:32:26.147869Z,a6d6262a08,35,class_y_ba9d934f,sample_a6d6262a08.npz,y,vn/bang-chu-cai/y
eae488ea70,ba9d934f-9836-4da5-946a-f6b5193a3cc8,y,Y,vn,bang-chu-cai,camera,Trân,1778824957715,,,60,0,None,https://drive.google.com/file/d/1iLEEVvVcF6OeHroMlfhFmkGQy6Z7xkyK/view,features/vn/bang-chu-cai/class_y_ba9d934f/sample_eae488ea70.npz,https://drive.google.com/file/d/1iLEEVvVcF6OeHroMlfhFmkGQy6Z7xkyK/view,,2026-05-15T08:33:14.972228Z,eae488ea70,35,class_y_ba9d934f,sample_eae488ea70.npz,y,vn/bang-chu-cai/y
87c877cec3,ba9d934f-9836-4da5-946a-f6b5193a3cc8,y,Y,vn,bang-chu-cai,camera,Minh,1778824957715,,,60,0,None,https://drive.google.com/file/d/1c-HUzHTA2kl31fa7W9Df_sMgepindjEG/view,features/vn/bang-chu-cai/class_y_ba9d934f/sample_87c877cec3.npz,https://drive.google.com/file/d/1c-HUzHTA2kl31fa7W9Df_sMgepindjEG/view,,2026-05-15T08:36:05.976757Z,87c877cec3,35,class_y_ba9d934f,sample_87c877cec3.npz,y,vn/bang-chu-cai/y
b4baf747a5,ba9d934f-9836-4da5-946a-f6b5193a3cc8,y,Y,vn,bang-chu-cai,camera,Trân,1778824957715,,,60,0,None,https://drive.google.com/file/d/1WYJTgWg35HbuqS1qpHdFC2ajMSzv5Zqr/view,features/vn/bang-chu-cai/class_y_ba9d934f/sample_b4baf747a5.npz,https://drive.google.com/file/d/1WYJTgWg35HbuqS1qpHdFC2ajMSzv5Zqr/view,,2026-05-15T08:34:15.267808Z,b4baf747a5,35,class_y_ba9d934f,sample_b4baf747a5.npz,y,vn/bang-chu-cai/y
1106f2d982,ba9d934f-9836-4da5-946a-f6b5193a3cc8,y,Y,vn,bang-chu-cai,camera,Trân,1778824957715,,,60,0,None,https://drive.google.com/file/d/1AuRAbdvbTiw_7UaEJEsos2DbP9eoOlOp/view,features/vn/bang-chu-cai/class_y_ba9d934f/sample_1106f2d982.npz,https://drive.google.com/file/d/1AuRAbdvbTiw_7UaEJEsos2DbP9eoOlOp/view,,2026-05-15T08:32:14.895736Z,1106f2d982,35,class_y_ba9d934f,sample_1106f2d982.npz,y,vn/bang-chu-cai/y
9f04c69b45,ba9d934f-9836-4da5-946a-f6b5193a3cc8,y,Y,vn,bang-chu-cai,camera,Minh,1778824957715,,,60,0,None,https://drive.google.com/file/d/1OE0UGquYQMAuUQrEcMw9lop6zohgFdPd/view,features/vn/bang-chu-cai/class_y_ba9d934f/sample_9f04c69b45.npz,https://drive.google.com/file/d/1OE0UGquYQMAuUQrEcMw9lop6zohgFdPd/view,,2026-05-15T08:35:42.942945Z,9f04c69b45,35,class_y_ba9d934f,sample_9f04c69b45.npz,y,vn/bang-chu-cai/y
f4c206881d,ba9d934f-9836-4da5-946a-f6b5193a3cc8,y,Y,vn,bang-chu-cai,camera,Minh,1778824957715,,,60,0,None,https://drive.google.com/file/d/1b2zLIuwiijjjThgkK4xQpO9C1syUQ1JT/view,features/vn/bang-chu-cai/class_y_ba9d934f/sample_f4c206881d.npz,https://drive.google.com/file/d/1b2zLIuwiijjjThgkK4xQpO9C1syUQ1JT/view,,2026-05-15T08:34:54.242612Z,f4c206881d,35,class_y_ba9d934f,sample_f4c206881d.npz,y,vn/bang-chu-cai/y
98df2556ee,ba9d934f-9836-4da5-946a-f6b5193a3cc8,y,Y,vn,bang-chu-cai,camera,Trân,1778824957715,,,60,0,None,https://drive.google.com/file/d/1J7alUdDmYEqM9rTzA1pBNiTXEuyNw0PL/view,features/vn/bang-chu-cai/class_y_ba9d934f/sample_98df2556ee.npz,https://drive.google.com/file/d/1J7alUdDmYEqM9rTzA1pBNiTXEuyNw0PL/view,,2026-05-15T08:34:04.017205Z,98df2556ee,35,class_y_ba9d934f,sample_98df2556ee.npz,y,vn/bang-chu-cai/y
1e690271a6,ba9d934f-9836-4da5-946a-f6b5193a3cc8,y,Y,vn,bang-chu-cai,camera,Minh,1778824957715,,,60,0,None,https://drive.google.com/file/d/1XfFk4jqJSCKk2X-_QA7-JH5RP8PEA0Gl/view,features/vn/bang-chu-cai/class_y_ba9d934f/sample_1e690271a6.npz,https://drive.google.com/file/d/1XfFk4jqJSCKk2X-_QA7-JH5RP8PEA0Gl/view,,2026-05-15T08:36:17.537362Z,1e690271a6,35,class_y_ba9d934f,sample_1e690271a6.npz,y,vn/bang-chu-cai/y
fd549032ac,ba9d934f-9836-4da5-946a-f6b5193a3cc8,y,Y,vn,bang-chu-cai,camera,Trân,1778824957715,,,60,0,None,https://drive.google.com/file/d/1OVH0U5ooFrBHliPTwubf16uE7AqLlPuE/view,features/vn/bang-chu-cai/class_y_ba9d934f/sample_fd549032ac.npz,https://drive.google.com/file/d/1OVH0U5ooFrBHliPTwubf16uE7AqLlPuE/view,,2026-05-15T08:31:41.412311Z,fd549032ac,35,class_y_ba9d934f,sample_fd549032ac.npz,y,vn/bang-chu-cai/y
