sample_uid,class_uid,slug,label_original,language,dialect,source_type,user_id,session_id,fps_original,fps_processed,seq_len,augment_id,completeness,file_path,storage_key,storage_url,checksum,created_at,sample_id,class_idx,folder_name,file,label_slug,label_key
9521a8636a,a447f40e-4e68-42c2-b20d-08ac5b12c451,d,D,vn,bang-chu-cai,camera,Minh,1780808569903,,,60,0,None,/dataset/features/vn/bang-chu-cai/class_d_a447f40e/sample_9521a8636a.npz,features/vn/bang-chu-cai/class_d_a447f40e/sample_9521a8636a.npz,https://drive.google.com/file/d/1mPFpN-zFH60s9fXnP0BSfsKVJU73pWc6/view,,2026-06-07T05:32:15.761752Z,9521a8636a,7,class_d_a447f40e,sample_9521a8636a.npz,d,vn/bang-chu-cai/d
767b77dce2,a447f40e-4e68-42c2-b20d-08ac5b12c451,d,D,vn,bang-chu-cai,camera,ha,1778772990754,,,60,0,None,https://drive.google.com/file/d/1iHmYY1PeSj7kkk9JlXosnUbEcjOHvF3T/view,features/vn/bang-chu-cai/class_d_a447f40e/sample_767b77dce2.npz,,,,767b77dce2,7,class_d_a447f40e,sample_767b77dce2.npz,d,vn/bang-chu-cai/d
f1498a93f0,a447f40e-4e68-42c2-b20d-08ac5b12c451,d,D,vn,bang-chu-cai,camera,ha,1778772990754,,,60,0,None,https://drive.google.com/file/d/1Zufm-UXxZZ8wRGQeoCRAVr7Pxq0ZJhQE/view,features/vn/bang-chu-cai/class_d_a447f40e/sample_f1498a93f0.npz,,,,f1498a93f0,7,class_d_a447f40e,sample_f1498a93f0.npz,d,vn/bang-chu-cai/d
383dd29943,a447f40e-4e68-42c2-b20d-08ac5b12c451,d,D,vn,bang-chu-cai,camera,Minh,1780808569903,,,60,0,None,/dataset/features/vn/bang-chu-cai/class_d_a447f40e/sample_383dd29943.npz,features/vn/bang-chu-cai/class_d_a447f40e/sample_383dd29943.npz,https://drive.google.com/file/d/1hmuQScNMfdVhOrhLHA5ag_bAUe_IA5Pq/view,,2026-06-07T05:30:21.314313Z,383dd29943,7,class_d_a447f40e,sample_383dd29943.npz,d,vn/bang-chu-cai/d
509573b55e,a447f40e-4e68-42c2-b20d-08ac5b12c451,d,D,vn,bang-chu-cai,camera,Hoàng Anh,1778773741460,,,60,0,None,https://drive.google.com/file/d/1xLuv3VZj_PtlrvZntjePC7Z3M4VEaSvX/view,features/vn/bang-chu-cai/class_d_a447f40e/sample_509573b55e.npz,,,,509573b55e,7,class_d_a447f40e,sample_509573b55e.npz,d,vn/bang-chu-cai/d
662accb0c2,a447f40e-4e68-42c2-b20d-08ac5b12c451,d,D,vn,bang-chu-cai,camera,Minh,1780808569903,,,60,0,None,/dataset/features/vn/bang-chu-cai/class_d_a447f40e/sample_662accb0c2.npz,features/vn/bang-chu-cai/class_d_a447f40e/sample_662accb0c2.npz,https://drive.google.com/file/d/1M1nb1uO0IMn6hGPpCL8wHQGUnY2_KkVm/view,,2026-06-07T05:30:32.144945Z,662accb0c2,7,class_d_a447f40e,sample_662accb0c2.npz,d,vn/bang-chu-cai/d
f7010b3f68,a447f40e-4e68-42c2-b20d-08ac5b12c451,d,D,vn,bang-chu-cai,camera,Tran,1780808569903,,,60,0,None,/dataset/features/vn/bang-chu-cai/class_d_a447f40e/sample_f7010b3f68.npz,features/vn/bang-chu-cai/class_d_a447f40e/sample_f7010b3f68.npz,https://drive.google.com/file/d/1SI5HW4ZnRR6Wst96PbptP81QkKnSaTQ5/view,,2026-06-07T05:29:12.458131Z,f7010b3f68,7,class_d_a447f40e,sample_f7010b3f68.npz,d,vn/bang-chu-cai/d
fd8604afd1,a447f40e-4e68-42c2-b20d-08ac5b12c451,d,D,vn,bang-chu-cai,camera,ha,1778772990754,,,60,0,None,https://drive.google.com/file/d/1dQCUhKtWdfdCN9NV6l9laj1bL0QXKgcy/view,features/vn/bang-chu-cai/class_d_a447f40e/sample_fd8604afd1.npz,,,,fd8604afd1,7,class_d_a447f40e,sample_fd8604afd1.npz,d,vn/bang-chu-cai/d
ad957852be,a447f40e-4e68-42c2-b20d-08ac5b12c451,d,D,vn,bang-chu-cai,camera,Minh,1780808569903,,,60,0,None,/dataset/features/vn/bang-chu-cai/class_d_a447f40e/sample_ad957852be.npz,features/vn/bang-chu-cai/class_d_a447f40e/sample_ad957852be.npz,https://drive.google.com/file/d/1Jg0qAcxhK0Sw79xxAxDqfSN89f1FqoiL/view,,2026-06-07T05:30:54.604291Z,ad957852be,7,class_d_a447f40e,sample_ad957852be.npz,d,vn/bang-chu-cai/d
5e77e85578,a447f40e-4e68-42c2-b20d-08ac5b12c451,d,D,vn,bang-chu-cai,camera,ha,1778772990754,,,60,0,None,https://drive.google.com/file/d/12IGO5NWhNz9zN8CiF6jNAWtVmjz4Ulsd/view,features/vn/bang-chu-cai/class_d_a447f40e/sample_5e77e85578.npz,,,,5e77e85578,7,class_d_a447f40e,sample_5e77e85578.npz,d,vn/bang-chu-cai/d
2c037ed07c,a447f40e-4e68-42c2-b20d-08ac5b12c451,d,D,vn,bang-chu-cai,camera,Hoàng Anh,1778773741460,,,60,0,None,https://drive.google.com/file/d/1XHt3PV_uwXNFnHTV6nHcK3_1v5xm5cdk/view,features/vn/bang-chu-cai/class_d_a447f40e/sample_2c037ed07c.npz,,,,2c037ed07c,7,class_d_a447f40e,sample_2c037ed07c.npz,d,vn/bang-chu-cai/d
a43542b17f,a447f40e-4e68-42c2-b20d-08ac5b12c451,d,D,vn,bang-chu-cai,camera,Minh,1780808569903,,,60,0,None,/dataset/features/vn/bang-chu-cai/class_d_a447f40e/sample_a43542b17f.npz,features/vn/bang-chu-cai/class_d_a447f40e/sample_a43542b17f.npz,https://drive.google.com/file/d/17UuDXMHlMLSIoJF_Ni_k0YsOYLiakHw8/view,,2026-06-07T05:31:32.900252Z,a43542b17f,7,class_d_a447f40e,sample_a43542b17f.npz,d,vn/bang-chu-cai/d
ce799f62ba,a447f40e-4e68-42c2-b20d-08ac5b12c451,d,D,vn,bang-chu-cai,camera,Trân,1778824957715,,,60,0,None,https://drive.google.com/file/d/1t91tQix0XYvQYFaHWvF6XSv7llBMEW6h/view,features/vn/bang-chu-cai/class_d_a447f40e/sample_ce799f62ba.npz,https://drive.google.com/file/d/1ZAyF3jgjXa3gmdCPzRUK-ufPzQLfnei8/view,,2026-05-15T06:55:53.417619Z,ce799f62ba,7,class_d_a447f40e,sample_ce799f62ba.npz,d,vn/bang-chu-cai/d
d51477111c,a447f40e-4e68-42c2-b20d-08ac5b12c451,d,D,vn,bang-chu-cai,camera,ha,1778772990754,,,60,0,None,https://drive.google.com/file/d/178z26HU0i5cB8gg0SO3YyvHk9EsHE4FV/view,features/vn/bang-chu-cai/class_d_a447f40e/sample_d51477111c.npz,,,,d51477111c,7,class_d_a447f40e,sample_d51477111c.npz,d,vn/bang-chu-cai/d
8f18019293,a447f40e-4e68-42c2-b20d-08ac5b12c451,d,D,vn,bang-chu-cai,camera,Tran,1780808569903,,,60,0,None,/dataset/features/vn/bang-chu-cai/class_d_a447f40e/sample_8f18019293.npz,features/vn/bang-chu-cai/class_d_a447f40e/sample_8f18019293.npz,https://drive.google.com/file/d/11-LgDIQG4r1vw3WNHDO9xWdqAc2CAyPW/view,,2026-06-07T05:26:09.679201Z,8f18019293,7,class_d_a447f40e,sample_8f18019293.npz,d,vn/bang-chu-cai/d
fdf73caeb2,a447f40e-4e68-42c2-b20d-08ac5b12c451,d,D,vn,bang-chu-cai,camera,Hoàng Anh,1778773741460,,,60,0,None,https://drive.google.com/file/d/1A8M1W5drHFQqZe1zkhU3JVQeEezo3X3d/view,features/vn/bang-chu-cai/class_d_a447f40e/sample_fdf73caeb2.npz,,,,fdf73caeb2,7,class_d_a447f40e,sample_fdf73caeb2.npz,d,vn/bang-chu-cai/d
11f399ab60,a447f40e-4e68-42c2-b20d-08ac5b12c451,d,D,vn,bang-chu-cai,camera,Trân,1778824957715,,,60,0,None,https://drive.google.com/file/d/1PFIW2zqJ3fIj2eAjDDS5xa83p_qKhUkx/view,features/vn/bang-chu-cai/class_d_a447f40e/sample_11f399ab60.npz,https://drive.google.com/file/d/1u6PWRgYlFPmUolJG4jCQKgsmisy1zdw6/view,,2026-05-15T06:56:28.411594Z,11f399ab60,7,class_d_a447f40e,sample_11f399ab60.npz,d,vn/bang-chu-cai/d
6cb1757b17,a447f40e-4e68-42c2-b20d-08ac5b12c451,d,D,vn,bang-chu-cai,camera,Tran,1780808569903,,,60,0,None,/dataset/features/vn/bang-chu-cai/class_d_a447f40e/sample_6cb1757b17.npz,features/vn/bang-chu-cai/class_d_a447f40e/sample_6cb1757b17.npz,https://drive.google.com/file/d/1YJPuX4oGhuHVdG21JLo6JpWj79NcAKGa/view,,2026-06-07T05:29:00.955318Z,6cb1757b17,7,class_d_a447f40e,sample_6cb1757b17.npz,d,vn/bang-chu-cai/d
e2fcecdf44,a447f40e-4e68-42c2-b20d-08ac5b12c451,d,D,vn,bang-chu-cai,camera,Tran,1780808569903,,,60,0,None,/dataset/features/vn/bang-chu-cai/class_d_a447f40e/sample_e2fcecdf44.npz,features/vn/bang-chu-cai/class_d_a447f40e/sample_e2fcecdf44.npz,https://drive.google.com/file/d/1Qz7mEcP7FkiHn2fDS_V7SKpT-iCofa41/view,,2026-06-07T05:25:26.849532Z,e2fcecdf44,7,class_d_a447f40e,sample_e2fcecdf44.npz,d,vn/bang-chu-cai/d
188aa9e297,a447f40e-4e68-42c2-b20d-08ac5b12c451,d,D,vn,bang-chu-cai,camera,ha,1778772990754,,,60,0,None,https://drive.google.com/file/d/15enMAos-eQkM9TFF56jfDSGXKGdGSJUM/view,features/vn/bang-chu-cai/class_d_a447f40e/sample_188aa9e297.npz,,,,188aa9e297,7,class_d_a447f40e,sample_188aa9e297.npz,d,vn/bang-chu-cai/d
8ca3bcaf8a,a447f40e-4e68-42c2-b20d-08ac5b12c451,d,D,vn,bang-chu-cai,camera,Minh,1780808569903,,,60,0,None,/dataset/features/vn/bang-chu-cai/class_d_a447f40e/sample_8ca3bcaf8a.npz,features/vn/bang-chu-cai/class_d_a447f40e/sample_8ca3bcaf8a.npz,https://drive.google.com/file/d/1nbnho_269hO9ACCSjgOzSf9MP9JfZi0M/view,,2026-06-07T05:31:43.798647Z,8ca3bcaf8a,7,class_d_a447f40e,sample_8ca3bcaf8a.npz,d,vn/bang-chu-cai/d
310c851c7c,a447f40e-4e68-42c2-b20d-08ac5b12c451,d,D,vn,bang-chu-cai,camera,Tran,1780808569903,,,60,0,None,/dataset/features/vn/bang-chu-cai/class_d_a447f40e/sample_310c851c7c.npz,features/vn/bang-chu-cai/class_d_a447f40e/sample_310c851c7c.npz,https://drive.google.com/file/d/1lkGQrkfjMCYe6aEZcQu62-oN4hTHyJfk/view,,2026-06-07T05:27:07.465998Z,310c851c7c,7,class_d_a447f40e,sample_310c851c7c.npz,d,vn/bang-chu-cai/d
d02dad1008,a447f40e-4e68-42c2-b20d-08ac5b12c451,d,D,vn,bang-chu-cai,camera,Hoàng Anh,1778773741460,,,60,0,None,https://drive.google.com/file/d/14ml03MfbZj2YZP9dq5kiZi4WgxicI192/view,features/vn/bang-chu-cai/class_d_a447f40e/sample_d02dad1008.npz,,,,d02dad1008,7,class_d_a447f40e,sample_d02dad1008.npz,d,vn/bang-chu-cai/d
747209b28e,a447f40e-4e68-42c2-b20d-08ac5b12c451,d,D,vn,bang-chu-cai,camera,Tran,1780808569903,,,60,0,None,/dataset/features/vn/bang-chu-cai/class_d_a447f40e/sample_747209b28e.npz,features/vn/bang-chu-cai/class_d_a447f40e/sample_747209b28e.npz,https://drive.google.com/file/d/1rfKRwxpflqRbHshiQHnbFAYNFWBYsC8M/view,,2026-06-07T05:26:35.228804Z,747209b28e,7,class_d_a447f40e,sample_747209b28e.npz,d,vn/bang-chu-cai/d
c1d22dfe6c,a447f40e-4e68-42c2-b20d-08ac5b12c451,d,D,vn,bang-chu-cai,camera,Minh,1780808569903,,,60,0,None,/dataset/features/vn/bang-chu-cai/class_d_a447f40e/sample_c1d22dfe6c.npz,features/vn/bang-chu-cai/class_d_a447f40e/sample_c1d22dfe6c.npz,https://drive.google.com/file/d/14eEDEfXS_uzMz-aOcZj-0S_GdbYhHG41/view,,2026-06-07T05:31:05.319552Z,c1d22dfe6c,7,class_d_a447f40e,sample_c1d22dfe6c.npz,d,vn/bang-chu-cai/d
76f4cd5794,a447f40e-4e68-42c2-b20d-08ac5b12c451,d,D,vn,bang-chu-cai,camera,Tran,1780808569903,,,60,0,None,/dataset/features/vn/bang-chu-cai/class_d_a447f40e/sample_76f4cd5794.npz,features/vn/bang-chu-cai/class_d_a447f40e/sample_76f4cd5794.npz,https://drive.google.com/file/d/1v97c2rn7u4ikc-9ItfWJd5IruuOZLNMT/view,,2026-06-07T05:28:29.346931Z,76f4cd5794,7,class_d_a447f40e,sample_76f4cd5794.npz,d,vn/bang-chu-cai/d
04688e5915,a447f40e-4e68-42c2-b20d-08ac5b12c451,d,D,vn,bang-chu-cai,camera,Tran,1780808569903,,,60,0,None,/dataset/features/vn/bang-chu-cai/class_d_a447f40e/sample_04688e5915.npz,features/vn/bang-chu-cai/class_d_a447f40e/sample_04688e5915.npz,https://drive.google.com/file/d/1vzarKINprWqx48WW7C4XIgZkzyDAH6YI/view,,2026-06-07T05:26:24.834125Z,04688e5915,7,class_d_a447f40e,sample_04688e5915.npz,d,vn/bang-chu-cai/d
822eb2ae1c,a447f40e-4e68-42c2-b20d-08ac5b12c451,d,D,vn,bang-chu-cai,camera,Trân,1778824957715,,,60,0,None,https://drive.google.com/file/d/18gsFwOMNH5r6JH0j76O6uqdowoIHLMdZ/view,features/vn/bang-chu-cai/class_d_a447f40e/sample_822eb2ae1c.npz,https://drive.google.com/file/d/1Lff60Jp8wGyEOflg9XTWS1K18D_UpKlh/view,,2026-05-15T06:56:15.045103Z,822eb2ae1c,7,class_d_a447f40e,sample_822eb2ae1c.npz,d,vn/bang-chu-cai/d
f894d1cd2e,a447f40e-4e68-42c2-b20d-08ac5b12c451,d,D,vn,bang-chu-cai,camera,Hoàng Anh,1778773741460,,,60,0,None,https://drive.google.com/file/d/1p9SHHLzpg0Lik1wO0ChWsVlfutjlQyR_/view,features/vn/bang-chu-cai/class_d_a447f40e/sample_f894d1cd2e.npz,,,,f894d1cd2e,7,class_d_a447f40e,sample_f894d1cd2e.npz,d,vn/bang-chu-cai/d
5d12a9dd6e,a447f40e-4e68-42c2-b20d-08ac5b12c451,d,D,vn,bang-chu-cai,camera,Tran,1780808569903,,,60,0,None,/dataset/features/vn/bang-chu-cai/class_d_a447f40e/sample_5d12a9dd6e.npz,features/vn/bang-chu-cai/class_d_a447f40e/sample_5d12a9dd6e.npz,https://drive.google.com/file/d/1hvOV2wKF4DQa5QIcL6m-psV4DoncpNP6/view,,2026-06-07T05:28:18.626863Z,5d12a9dd6e,7,class_d_a447f40e,sample_5d12a9dd6e.npz,d,vn/bang-chu-cai/d
96e1a0a6e1,a447f40e-4e68-42c2-b20d-08ac5b12c451,d,D,vn,bang-chu-cai,camera,Trân,1778824957715,,,60,0,None,https://drive.google.com/file/d/1r2_SE8ysoAnODuU2MlbS49_HjTt8shfQ/view,features/vn/bang-chu-cai/class_d_a447f40e/sample_96e1a0a6e1.npz,https://drive.google.com/file/d/1UAKcJhkYlpT0uh1mQiXamcXjl0AN1qxr/view,,2026-05-15T06:55:43.639288Z,96e1a0a6e1,7,class_d_a447f40e,sample_96e1a0a6e1.npz,d,vn/bang-chu-cai/d
b5d841642c,a447f40e-4e68-42c2-b20d-08ac5b12c451,d,D,vn,bang-chu-cai,camera,Tran,1780808569903,,,60,0,None,/dataset/features/vn/bang-chu-cai/class_d_a447f40e/sample_b5d841642c.npz,features/vn/bang-chu-cai/class_d_a447f40e/sample_b5d841642c.npz,https://drive.google.com/file/d/12gO5IaGF4xico_ts33OPKnOAVJnz-bgb/view,,2026-06-07T05:27:47.089037Z,b5d841642c,7,class_d_a447f40e,sample_b5d841642c.npz,d,vn/bang-chu-cai/d
831589bb26,a447f40e-4e68-42c2-b20d-08ac5b12c451,d,D,vn,bang-chu-cai,camera,Hoàng Anh,1778773741460,,,60,0,None,https://drive.google.com/file/d/196DLwGkTCOBgMrbpPRNPCkDmun9rpeF7/view,features/vn/bang-chu-cai/class_d_a447f40e/sample_831589bb26.npz,,,,831589bb26,7,class_d_a447f40e,sample_831589bb26.npz,d,vn/bang-chu-cai/d
39e33dea61,a447f40e-4e68-42c2-b20d-08ac5b12c451,d,D,vn,bang-chu-cai,camera,Tran,1780808569903,,,60,0,None,/dataset/features/vn/bang-chu-cai/class_d_a447f40e/sample_39e33dea61.npz,features/vn/bang-chu-cai/class_d_a447f40e/sample_39e33dea61.npz,https://drive.google.com/file/d/1aF3BXX45h3RZJcS3R8JKnoXnAVuHSK7v/view,,2026-06-07T05:29:35.533085Z,39e33dea61,7,class_d_a447f40e,sample_39e33dea61.npz,d,vn/bang-chu-cai/d
c9bdd2768d,a447f40e-4e68-42c2-b20d-08ac5b12c451,d,D,vn,bang-chu-cai,camera,Minh,1780808569903,,,60,0,None,/dataset/features/vn/bang-chu-cai/class_d_a447f40e/sample_c9bdd2768d.npz,features/vn/bang-chu-cai/class_d_a447f40e/sample_c9bdd2768d.npz,https://drive.google.com/file/d/14CJj5NyuU1RDOXopQxxN52kxPwywgpFS/view,,2026-06-07T05:30:43.355584Z,c9bdd2768d,7,class_d_a447f40e,sample_c9bdd2768d.npz,d,vn/bang-chu-cai/d
97d8b492ac,a447f40e-4e68-42c2-b20d-08ac5b12c451,d,D,vn,bang-chu-cai,camera,Tran,1780808569903,,,60,0,None,/dataset/features/vn/bang-chu-cai/class_d_a447f40e/sample_97d8b492ac.npz,features/vn/bang-chu-cai/class_d_a447f40e/sample_97d8b492ac.npz,https://drive.google.com/file/d/1wjBg2G2KQrkhC2iPUId0OQtesNSqHCXO/view,,2026-06-07T05:25:37.932498Z,97d8b492ac,7,class_d_a447f40e,sample_97d8b492ac.npz,d,vn/bang-chu-cai/d
e5741f2027,a447f40e-4e68-42c2-b20d-08ac5b12c451,d,D,vn,bang-chu-cai,camera,Tran,1780808569903,,,60,0,None,/dataset/features/vn/bang-chu-cai/class_d_a447f40e/sample_e5741f2027.npz,features/vn/bang-chu-cai/class_d_a447f40e/sample_e5741f2027.npz,https://drive.google.com/file/d/1bRFdf7RuEeNSj7W7eSFmwzWkHOvEA_8j/view,,2026-06-07T05:27:57.468189Z,e5741f2027,7,class_d_a447f40e,sample_e5741f2027.npz,d,vn/bang-chu-cai/d
3c33fd60b8,a447f40e-4e68-42c2-b20d-08ac5b12c451,d,D,vn,bang-chu-cai,camera,Tran,1780808569903,,,60,0,None,/dataset/features/vn/bang-chu-cai/class_d_a447f40e/sample_3c33fd60b8.npz,features/vn/bang-chu-cai/class_d_a447f40e/sample_3c33fd60b8.npz,https://drive.google.com/file/d/1kKq4RjWsDXmNAYAmtkXEEQ1KCDS6QjMr/view,,2026-06-07T05:26:56.117042Z,3c33fd60b8,7,class_d_a447f40e,sample_3c33fd60b8.npz,d,vn/bang-chu-cai/d
3885b88a22,c09fc8ba-781d-434a-844c-ab57902e06ed,e,E,vn,bang-chu-cai,camera,Minh,1778824957715,,,60,0,None,https://drive.google.com/file/d/1D-DZS7qzCOvgFTEawcjLEmdDfP0tAzlD/view,features/vn/bang-chu-cai/class_e_c09fc8ba/sample_3885b88a22.npz,https://drive.google.com/file/d/15NOxReh0L2qwhh7DthscyY6v00kE_lTS/view,,2026-05-15T07:00:25.941193Z,3885b88a22,8,class_e_c09fc8ba,sample_3885b88a22.npz,e,vn/bang-chu-cai/e
58b05b77e0,c09fc8ba-781d-434a-844c-ab57902e06ed,e,E,vn,bang-chu-cai,camera,Hoàng Anh,1778774409279,,,60,0,None,https://drive.google.com/file/d/17GsR6R5gG9LMkbMVJBhOmLsmYPjsn4I4/view,features/vn/bang-chu-cai/class_e_c09fc8ba/sample_58b05b77e0.npz,,,,58b05b77e0,8,class_e_c09fc8ba,sample_58b05b77e0.npz,e,vn/bang-chu-cai/e
2259d66651,c09fc8ba-781d-434a-844c-ab57902e06ed,e,E,vn,bang-chu-cai,camera,Trân,1778824957715,,,60,0,None,https://drive.google.com/file/d/1nKUbExl8F3bzVC-5B58kvMnmSJIrxMFs/view,features/vn/bang-chu-cai/class_e_c09fc8ba/sample_2259d66651.npz,https://drive.google.com/file/d/166JHZqmWSOYKORCQfLUY4NQsh2xzCexE/view,,2026-05-15T06:59:19.945746Z,2259d66651,8,class_e_c09fc8ba,sample_2259d66651.npz,e,vn/bang-chu-cai/e
7ea09524d3,c09fc8ba-781d-434a-844c-ab57902e06ed,e,E,vn,bang-chu-cai,camera,Hoàng Anh,1778774409279,,,60,0,None,https://drive.google.com/file/d/1YFGAUnaN5FOW2Uq2s5EQmkxcbHc5sCZZ/view,features/vn/bang-chu-cai/class_e_c09fc8ba/sample_7ea09524d3.npz,,,,7ea09524d3,8,class_e_c09fc8ba,sample_7ea09524d3.npz,e,vn/bang-chu-cai/e
e0289d8785,c09fc8ba-781d-434a-844c-ab57902e06ed,e,E,vn,bang-chu-cai,camera,Minh,1778824957715,,,60,0,None,https://drive.google.com/file/d/18kXEjhplss-AEUltK4yaekeHK2jWP4Or/view,features/vn/bang-chu-cai/class_e_c09fc8ba/sample_e0289d8785.npz,https://drive.google.com/file/d/1fE-M4bDcw0qAO3dF5Tul4Fm8BJ39jdAh/view,,2026-05-15T07:01:56.629893Z,e0289d8785,8,class_e_c09fc8ba,sample_e0289d8785.npz,e,vn/bang-chu-cai/e
8870908630,c09fc8ba-781d-434a-844c-ab57902e06ed,e,E,vn,bang-chu-cai,camera,Trân,1778824957715,,,60,0,None,https://drive.google.com/file/d/19BgTXAkuGKnz3EkOiQyoMoKbK9LDk1Eh/view,features/vn/bang-chu-cai/class_e_c09fc8ba/sample_8870908630.npz,https://drive.google.com/file/d/1dGJ5s9Nd65JP42BvEihZaVlfr1BCHLo9/view,,2026-05-15T06:59:30.060825Z,8870908630,8,class_e_c09fc8ba,sample_8870908630.npz,e,vn/bang-chu-cai/e
cfdfdf1427,c09fc8ba-781d-434a-844c-ab57902e06ed,e,E,vn,bang-chu-cai,camera,Hoàng Anh,1778774409279,,,60,0,None,https://drive.google.com/file/d/1LCL4rz_X8FtZjd4aYfumE0TI-WKZ0lHP/view,features/vn/bang-chu-cai/class_e_c09fc8ba/sample_cfdfdf1427.npz,,,,cfdfdf1427,8,class_e_c09fc8ba,sample_cfdfdf1427.npz,e,vn/bang-chu-cai/e
6f4f1a8a3c,c09fc8ba-781d-434a-844c-ab57902e06ed,e,E,vn,bang-chu-cai,camera,Trân,1778824957715,,,60,0,None,https://drive.google.com/file/d/1WqbqrKjxq4ndMbVGvuVll_r0Ucm0wK_Q/view,features/vn/bang-chu-cai/class_e_c09fc8ba/sample_6f4f1a8a3c.npz,https://drive.google.com/file/d/1wb8zGQidQc34Ful_s4yPzIB7xoPLmHOL/view,,2026-05-15T06:57:09.994497Z,6f4f1a8a3c,8,class_e_c09fc8ba,sample_6f4f1a8a3c.npz,e,vn/bang-chu-cai/e
c84b4598c6,c09fc8ba-781d-434a-844c-ab57902e06ed,e,E,vn,bang-chu-cai,camera,Hoàng Anh,1778774409279,,,60,0,None,https://drive.google.com/file/d/1uv_e-o6m2EdEgHnAIjEJ6Mz7b7V9KuZd/view,features/vn/bang-chu-cai/class_e_c09fc8ba/sample_c84b4598c6.npz,,,,c84b4598c6,8,class_e_c09fc8ba,sample_c84b4598c6.npz,e,vn/bang-chu-cai/e
9947f46e65,c09fc8ba-781d-434a-844c-ab57902e06ed,e,E,vn,bang-chu-cai,camera,Trân,1778824957715,,,60,0,None,https://drive.google.com/file/d/1yLBvuIlDGdA1Ecb7MtUbQPWKtL9v1olU/view,features/vn/bang-chu-cai/class_e_c09fc8ba/sample_9947f46e65.npz,https://drive.google.com/file/d/1XnmrDRZ9pYJo3TDe-eXC80CmMjuw6j7u/view,,2026-05-15T06:58:25.891676Z,9947f46e65,8,class_e_c09fc8ba,sample_9947f46e65.npz,e,vn/bang-chu-cai/e
5bf6ae59dd,c09fc8ba-781d-434a-844c-ab57902e06ed,e,E,vn,bang-chu-cai,camera,Hoàng Anh,1778774409279,,,60,0,None,https://drive.google.com/file/d/17BJjspoDby-5-_sP2yy5_v8W8QSCiKAh/view,features/vn/bang-chu-cai/class_e_c09fc8ba/sample_5bf6ae59dd.npz,,,,5bf6ae59dd,8,class_e_c09fc8ba,sample_5bf6ae59dd.npz,e,vn/bang-chu-cai/e
46cdd3765b,c09fc8ba-781d-434a-844c-ab57902e06ed,e,E,vn,bang-chu-cai,camera,Minh,1778824957715,,,60,0,None,https://drive.google.com/file/d/13gKGFbqNs_3Xu_7lRK4879UI_EBYnc81/view,features/vn/bang-chu-cai/class_e_c09fc8ba/sample_46cdd3765b.npz,https://drive.google.com/file/d/1UIC2mwDxuyS0bgFDANSpukPct1BCUuAs/view,,2026-05-15T07:00:49.127974Z,46cdd3765b,8,class_e_c09fc8ba,sample_46cdd3765b.npz,e,vn/bang-chu-cai/e
500c7d925d,c09fc8ba-781d-434a-844c-ab57902e06ed,e,E,vn,bang-chu-cai,camera,Trân,1778824957715,,,60,0,None,https://drive.google.com/file/d/12B2C4Qwx0gV4_FhTSI7GBHmwvFoJNd3z/view,features/vn/bang-chu-cai/class_e_c09fc8ba/sample_500c7d925d.npz,https://drive.google.com/file/d/1cieti_uOcy6xk8vqreDJNYwFrx40RtIo/view,,2026-05-15T06:58:57.946816Z,500c7d925d,8,class_e_c09fc8ba,sample_500c7d925d.npz,e,vn/bang-chu-cai/e
c88abe8e45,c09fc8ba-781d-434a-844c-ab57902e06ed,e,E,vn,bang-chu-cai,camera,Minh,1778824957715,,,60,0,None,https://drive.google.com/file/d/1o7hfRnClTSHP5zUi1mLIsPDl_936s1d2/view,features/vn/bang-chu-cai/class_e_c09fc8ba/sample_c88abe8e45.npz,https://drive.google.com/file/d/1EFTU5ykUaecv1n2nKbCPwGE5D_5CjPas/view,,2026-05-15T07:00:38.362051Z,c88abe8e45,8,class_e_c09fc8ba,sample_c88abe8e45.npz,e,vn/bang-chu-cai/e
2cfbcd2e8d,c09fc8ba-781d-434a-844c-ab57902e06ed,e,E,vn,bang-chu-cai,camera,Hoàng Anh,1778774409279,,,60,0,None,https://drive.google.com/file/d/1Fxr_GzxWizyw-sb01iJv2msCqQTwpRjT/view,features/vn/bang-chu-cai/class_e_c09fc8ba/sample_2cfbcd2e8d.npz,,,,2cfbcd2e8d,8,class_e_c09fc8ba,sample_2cfbcd2e8d.npz,e,vn/bang-chu-cai/e
7872a5d5f6,c09fc8ba-781d-434a-844c-ab57902e06ed,e,E,vn,bang-chu-cai,camera,Trân,1778824957715,,,60,0,None,https://drive.google.com/file/d/1-QcHCZvLrQmQ9o6PWI694xg4Aa0uMuwG/view,features/vn/bang-chu-cai/class_e_c09fc8ba/sample_7872a5d5f6.npz,https://drive.google.com/file/d/1Q_h707LS3WIDPXiyRhqcXXSOLwdVovr9/view,,2026-05-15T06:57:32.151862Z,7872a5d5f6,8,class_e_c09fc8ba,sample_7872a5d5f6.npz,e,vn/bang-chu-cai/e
d53cbd5c14,c09fc8ba-781d-434a-844c-ab57902e06ed,e,E,vn,bang-chu-cai,camera,Minh,1778824957715,,,60,0,None,https://drive.google.com/file/d/1td3MARtRaSh3hMY7_CTGclefkWqZZdDM/view,features/vn/bang-chu-cai/class_e_c09fc8ba/sample_d53cbd5c14.npz,https://drive.google.com/file/d/1HYiyu4azarNGojsLmKW1RlyOsABlcjlc/view,,2026-05-15T07:01:43.700210Z,d53cbd5c14,8,class_e_c09fc8ba,sample_d53cbd5c14.npz,e,vn/bang-chu-cai/e
2758d29f61,c09fc8ba-781d-434a-844c-ab57902e06ed,e,E,vn,bang-chu-cai,camera,Trân,1778824957715,,,60,0,None,https://drive.google.com/file/d/1S9WDjlTf0ve4sd71hvxuAs0JEf1jPBHJ/view,features/vn/bang-chu-cai/class_e_c09fc8ba/sample_2758d29f61.npz,https://drive.google.com/file/d/1NjN2nbntmsl1F4yC-lCjWW2OumzAFjYu/view,,2026-05-15T06:58:41.435568Z,2758d29f61,8,class_e_c09fc8ba,sample_2758d29f61.npz,e,vn/bang-chu-cai/e
a8ccbfd8d9,c09fc8ba-781d-434a-844c-ab57902e06ed,e,E,vn,bang-chu-cai,camera,Minh,1778824957715,,,60,0,None,https://drive.google.com/file/d/1eADkaie5yT0_982BQVVr-RFJQ-hYjO3h/view,features/vn/bang-chu-cai/class_e_c09fc8ba/sample_a8ccbfd8d9.npz,https://drive.google.com/file/d/1bEt1fpWacAaufPOiertG4tW-jMxF0IOs/view,,2026-05-15T07:01:00.255873Z,a8ccbfd8d9,8,class_e_c09fc8ba,sample_a8ccbfd8d9.npz,e,vn/bang-chu-cai/e
023dba6e41,c09fc8ba-781d-434a-844c-ab57902e06ed,e,E,vn,bang-chu-cai,camera,Trân,1778824957715,,,60,0,None,https://drive.google.com/file/d/14CVleVG62lrQDRQDQfPu2Mm7m4VHzrhP/view,features/vn/bang-chu-cai/class_e_c09fc8ba/sample_023dba6e41.npz,https://drive.google.com/file/d/159bln6yImCwAbHLbpAB38EaLtSALgHqW/view,,2026-05-15T06:58:14.665575Z,023dba6e41,8,class_e_c09fc8ba,sample_023dba6e41.npz,e,vn/bang-chu-cai/e
e9842a8483,c09fc8ba-781d-434a-844c-ab57902e06ed,e,E,vn,bang-chu-cai,camera,Trân,1778824957715,,,60,0,None,https://drive.google.com/file/d/1oIw4Gq_BTKd7QB5iqtVxB43ExpwuS8TI/view,features/vn/bang-chu-cai/class_e_c09fc8ba/sample_e9842a8483.npz,https://drive.google.com/file/d/1xTH5FVGi3kvS-vN82NONm7639qZVwlu0/view,,2026-05-15T06:57:50.880989Z,e9842a8483,8,class_e_c09fc8ba,sample_e9842a8483.npz,e,vn/bang-chu-cai/e
596f8c351e,c09fc8ba-781d-434a-844c-ab57902e06ed,e,E,vn,bang-chu-cai,camera,Trân,1778824957715,,,60,0,None,https://drive.google.com/file/d/1xjhbA07_NrchuHg9Zah8nMCQ9nEuywPh/view,features/vn/bang-chu-cai/class_e_c09fc8ba/sample_596f8c351e.npz,https://drive.google.com/file/d/1OIT_PfA5m6IblSeWnhqEy5oA93Rvhsus/view,,2026-05-15T06:57:21.026081Z,596f8c351e,8,class_e_c09fc8ba,sample_596f8c351e.npz,e,vn/bang-chu-cai/e
746492a68e,c09fc8ba-781d-434a-844c-ab57902e06ed,e,E,vn,bang-chu-cai,camera,Trân,1778824957715,,,60,0,None,https://drive.google.com/file/d/1xKcWWDHgM_eyCUhR8PnxVBosjPXmv2QG/view,features/vn/bang-chu-cai/class_e_c09fc8ba/sample_746492a68e.npz,https://drive.google.com/file/d/1c-MHrZsHRKUyofhHSGuHUmifbKMl8Otl/view,,2026-05-15T06:56:59.100342Z,746492a68e,8,class_e_c09fc8ba,sample_746492a68e.npz,e,vn/bang-chu-cai/e
135da61b85,c09fc8ba-781d-434a-844c-ab57902e06ed,e,E,vn,bang-chu-cai,camera,Minh,1778824957715,,,60,0,None,https://drive.google.com/file/d/1x1FmiDx3348EDKqOiTxHtNl3vV82H-V2/view,features/vn/bang-chu-cai/class_e_c09fc8ba/sample_135da61b85.npz,https://drive.google.com/file/d/1K4ptBQcHUAvBzSxGRHchK_NtgX4plQN0/view,,2026-05-15T07:00:15.180752Z,135da61b85,8,class_e_c09fc8ba,sample_135da61b85.npz,e,vn/bang-chu-cai/e
bb34299aac,6a698d04-19f5-4742-94dd-419deab85c49,m,M,vn,bang-chu-cai,camera,Minh,1778824957715,,,60,0,None,https://drive.google.com/file/d/1C6M1nPUgOTNIw6rvbs7meYzyeu_0jq9Z/view,features/vn/bang-chu-cai/class_m_6a698d04/sample_bb34299aac.npz,https://drive.google.com/file/d/19HhQjE8AbdiYVgvNkumbvmKnFGK0fT-L/view,,2026-05-15T07:55:35.147290Z,bb34299aac,9,class_m_6a698d04,sample_bb34299aac.npz,m,vn/bang-chu-cai/m
9ec3cc5244,6a698d04-19f5-4742-94dd-419deab85c49,m,M,vn,bang-chu-cai,camera,Minh,1778824957715,,,60,0,None,https://drive.google.com/file/d/136csFTYyUcMp0e3U7UyOs7dw8R7o0pTT/view,features/vn/bang-chu-cai/class_m_6a698d04/sample_9ec3cc5244.npz,https://drive.google.com/file/d/1f-Z8nUnm-VbdDJb4fL4m9B6QaJOtLZ1h/view,,2026-05-15T07:55:00.796693Z,9ec3cc5244,9,class_m_6a698d04,sample_9ec3cc5244.npz,m,vn/bang-chu-cai/m
92f5fe6c81,6a698d04-19f5-4742-94dd-419deab85c49,m,M,vn,bang-chu-cai,camera,Trân,1778824957715,,,60,0,None,https://drive.google.com/file/d/1eUBYI7yziFhPHeVNFwhGrse4Znr_exmf/view,features/vn/bang-chu-cai/class_m_6a698d04/sample_92f5fe6c81.npz,https://drive.google.com/file/d/1r-2JOrNeUX_RALFmyNqLDGX8im1_gMos/view,,2026-05-15T07:52:49.797788Z,92f5fe6c81,9,class_m_6a698d04,sample_92f5fe6c81.npz,m,vn/bang-chu-cai/m
f2a6d6c4e1,6a698d04-19f5-4742-94dd-419deab85c49,m,M,vn,bang-chu-cai,camera,Ảnh,1778779201800,,,60,0,None,https://drive.google.com/file/d/1ybuA8mqCWIwTVpj76ujLV5OfWS3qyiAM/view,features/vn/bang-chu-cai/class_m_6a698d04/sample_f2a6d6c4e1.npz,https://drive.google.com/file/d/1SJI5sdeOSsPNN34fT5YZHDkO2kovGtgM/view,,2026-05-14T15:38:04.051354Z,f2a6d6c4e1,9,class_m_6a698d04,sample_f2a6d6c4e1.npz,m,vn/bang-chu-cai/m
dbc5b6774f,6a698d04-19f5-4742-94dd-419deab85c49,m,M,vn,bang-chu-cai,camera,Trân,1778824957715,,,60,0,None,https://drive.google.com/file/d/1BoaO4LYX9gkV7VvduORFPAiyZo9WTcQ7/view,features/vn/bang-chu-cai/class_m_6a698d04/sample_dbc5b6774f.npz,https://drive.google.com/file/d/17iQy743VHC9wRAdy7NS03JK4aqHVwr-x/view,,2026-05-15T07:51:33.162065Z,dbc5b6774f,9,class_m_6a698d04,sample_dbc5b6774f.npz,m,vn/bang-chu-cai/m
62251aeedb,6a698d04-19f5-4742-94dd-419deab85c49,m,M,vn,bang-chu-cai,camera,Minh,1778824957715,,,60,0,None,https://drive.google.com/file/d/1BiKX88Bm_drKdDdPfVsFjrCvRqbbRILr/view,features/vn/bang-chu-cai/class_m_6a698d04/sample_62251aeedb.npz,https://drive.google.com/file/d/1Kgv3LHi-CHhhepFi2RB44r1Fnx5pgk04/view,,2026-05-15T07:56:38.036213Z,62251aeedb,9,class_m_6a698d04,sample_62251aeedb.npz,m,vn/bang-chu-cai/m
57bd308ac1,6a698d04-19f5-4742-94dd-419deab85c49,m,M,vn,bang-chu-cai,camera,Trân,1778824957715,,,60,0,None,https://drive.google.com/file/d/1ZxnRkbEp0iQdy2Mabj7v6v2k67Luzx6n/view,features/vn/bang-chu-cai/class_m_6a698d04/sample_57bd308ac1.npz,https://drive.google.com/file/d/1u84mPvvNxZPiVrkGWOQSvv-X9KBPyX8e/view,,2026-05-15T07:54:03.246240Z,57bd308ac1,9,class_m_6a698d04,sample_57bd308ac1.npz,m,vn/bang-chu-cai/m
99588a2987,6a698d04-19f5-4742-94dd-419deab85c49,m,M,vn,bang-chu-cai,camera,Trân,1778824957715,,,60,0,None,https://drive.google.com/file/d/1PQeHwHNUd-qTGXQekUlT8GfPI1Epn_cL/view,features/vn/bang-chu-cai/class_m_6a698d04/sample_99588a2987.npz,https://drive.google.com/file/d/1HkJ2MEbtrpNTUO1Gz-3EcujU2MOUdr-B/view,,2026-05-15T07:52:38.520756Z,99588a2987,9,class_m_6a698d04,sample_99588a2987.npz,m,vn/bang-chu-cai/m
9775e79f4d,6a698d04-19f5-4742-94dd-419deab85c49,m,M,vn,bang-chu-cai,camera,Ảnh,1778779201800,,,60,0,None,https://drive.google.com/file/d/1ws0g7VSwDhEBe1GJlPEiVNCBJDyiCHwl/view,features/vn/bang-chu-cai/class_m_6a698d04/sample_9775e79f4d.npz,https://drive.google.com/file/d/1Zufm-UXxZZ8wRGQeoCRAVr7Pxq0ZJhQE/view,,2026-05-14T15:37:35.098267Z,9775e79f4d,9,class_m_6a698d04,sample_9775e79f4d.npz,m,vn/bang-chu-cai/m
a32b373010,6a698d04-19f5-4742-94dd-419deab85c49,m,M,vn,bang-chu-cai,camera,Minh,1778824957715,,,60,0,None,https://drive.google.com/file/d/19eXnVswIkUc7SrGJKeTmGKj8oxD9ulUH/view,features/vn/bang-chu-cai/class_m_6a698d04/sample_a32b373010.npz,https://drive.google.com/file/d/1LReSjM0wvH5sNGEnnicplN-b4cIhuSqr/view,,2026-05-15T07:56:15.351380Z,a32b373010,9,class_m_6a698d04,sample_a32b373010.npz,m,vn/bang-chu-cai/m
8841a96d17,6a698d04-19f5-4742-94dd-419deab85c49,m,M,vn,bang-chu-cai,camera,Trân,1778824957715,,,60,0,None,https://drive.google.com/file/d/1Y0WUoxZAKJVlOAL8-qhoAiDbwmqQ2Jbu/view,features/vn/bang-chu-cai/class_m_6a698d04/sample_8841a96d17.npz,https://drive.google.com/file/d/1PCog37fbtfoJEft7geoLaMpymAQoyNNJ/view,,2026-05-15T07:53:01.365008Z,8841a96d17,9,class_m_6a698d04,sample_8841a96d17.npz,m,vn/bang-chu-cai/m
ed61346d0d,6a698d04-19f5-4742-94dd-419deab85c49,m,M,vn,bang-chu-cai,camera,Minh,1778824957715,,,60,0,None,https://drive.google.com/file/d/1-BhEPE76ghGBMdzqNAHGTNDuxw5ECpU2/view,features/vn/bang-chu-cai/class_m_6a698d04/sample_ed61346d0d.npz,https://drive.google.com/file/d/1CBjggcNSu_sR7p4uSyGoUTyS5gAA0jeJ/view,,2026-05-15T07:56:26.817168Z,ed61346d0d,9,class_m_6a698d04,sample_ed61346d0d.npz,m,vn/bang-chu-cai/m
fc66eb410d,6a698d04-19f5-4742-94dd-419deab85c49,m,M,vn,bang-chu-cai,camera,Trân,1778824957715,,,60,0,None,https://drive.google.com/file/d/1ucO9VR0c50Eb3lJAJnQj_Pbr_gbxt8Rk/view,features/vn/bang-chu-cai/class_m_6a698d04/sample_fc66eb410d.npz,https://drive.google.com/file/d/1a_SkKU7kMNQuGeAAAYGyWkz7wwT2bGfn/view,,2026-05-15T07:51:44.843058Z,fc66eb410d,9,class_m_6a698d04,sample_fc66eb410d.npz,m,vn/bang-chu-cai/m
d1a433b96f,6a698d04-19f5-4742-94dd-419deab85c49,m,M,vn,bang-chu-cai,camera,Minh,1778824957715,,,60,0,None,https://drive.google.com/file/d/1kaMj_uu_TniF-7X_RksCPfNDAgw15LxE/view,features/vn/bang-chu-cai/class_m_6a698d04/sample_d1a433b96f.npz,https://drive.google.com/file/d/1--xk36gqpMP0TbbIsVQgZSMK1VBC4XzE/view,,2026-05-15T07:54:49.390230Z,d1a433b96f,9,class_m_6a698d04,sample_d1a433b96f.npz,m,vn/bang-chu-cai/m
ab81f1e93c,6a698d04-19f5-4742-94dd-419deab85c49,m,M,vn,bang-chu-cai,camera,Trân,1778824957715,,,60,0,None,https://drive.google.com/file/d/1_ms76rst4R6_m0hb-NfUlkh2f6km4aZ6/view,features/vn/bang-chu-cai/class_m_6a698d04/sample_ab81f1e93c.npz,https://drive.google.com/file/d/1nf-hfTkooIi24GZkmy37qOwRIql0XDtB/view,,2026-05-15T07:51:56.184632Z,ab81f1e93c,9,class_m_6a698d04,sample_ab81f1e93c.npz,m,vn/bang-chu-cai/m
f5680dcaf6,6a698d04-19f5-4742-94dd-419deab85c49,m,M,vn,bang-chu-cai,camera,Minh,1778824957715,,,60,0,None,https://drive.google.com/file/d/1LbTnT2bhfKx777Wa-L4qVt3jNFEGvZX8/view,features/vn/bang-chu-cai/class_m_6a698d04/sample_f5680dcaf6.npz,https://drive.google.com/file/d/1qSsNFbbdMdzxpxAGZcf5dyJN__y26eIr/view,,2026-05-15T07:55:52.538217Z,f5680dcaf6,9,class_m_6a698d04,sample_f5680dcaf6.npz,m,vn/bang-chu-cai/m
162c0bc204,6a698d04-19f5-4742-94dd-419deab85c49,m,M,vn,bang-chu-cai,camera,Minh,1778824957715,,,60,0,None,https://drive.google.com/file/d/1vDJN5FZx4NejgrAKR5ZR69TBUzlUQxeI/view,features/vn/bang-chu-cai/class_m_6a698d04/sample_162c0bc204.npz,https://drive.google.com/file/d/1i9r9mrZ60MntAxINNlJRZ4jQuiny85I3/view,,2026-05-15T07:55:12.050407Z,162c0bc204,9,class_m_6a698d04,sample_162c0bc204.npz,m,vn/bang-chu-cai/m
9e1cb9f574,6a698d04-19f5-4742-94dd-419deab85c49,m,M,vn,bang-chu-cai,camera,Trân,1778824957715,,,60,0,None,https://drive.google.com/file/d/1ITPTQx9R3B3Xs1sVYkbCjLFEXkscjh4M/view,features/vn/bang-chu-cai/class_m_6a698d04/sample_9e1cb9f574.npz,https://drive.google.com/file/d/17dfWg2BzhyMghLkGgkbPwFIOZCP4CzaL/view,,2026-05-15T07:53:51.606700Z,9e1cb9f574,9,class_m_6a698d04,sample_9e1cb9f574.npz,m,vn/bang-chu-cai/m
b6478434a5,6a698d04-19f5-4742-94dd-419deab85c49,m,M,vn,bang-chu-cai,camera,Minh,1778824957715,,,60,0,None,https://drive.google.com/file/d/1QxZx04kNIEJ5GLA1z04Q8GMDE87s83_a/view,features/vn/bang-chu-cai/class_m_6a698d04/sample_b6478434a5.npz,https://drive.google.com/file/d/1vVCIoT7svNNdOLoZYO-VdPV1d5gvQ8Sq/view,,2026-05-15T07:55:23.375452Z,b6478434a5,9,class_m_6a698d04,sample_b6478434a5.npz,m,vn/bang-chu-cai/m
1f5ddcbf9e,6a698d04-19f5-4742-94dd-419deab85c49,m,M,vn,bang-chu-cai,camera,Ảnh,1778779201800,,,60,0,None,https://drive.google.com/file/d/1L4lX2vOWATZrfO6etKqsB2GVGONOqVRA/view,features/vn/bang-chu-cai/class_m_6a698d04/sample_1f5ddcbf9e.npz,https://drive.google.com/file/d/11Hmfu8KbKxShCztBi0fzCpONgZGWAYpH/view,,2026-05-14T15:37:07.281624Z,1f5ddcbf9e,9,class_m_6a698d04,sample_1f5ddcbf9e.npz,m,vn/bang-chu-cai/m
ac1f6750e4,6a698d04-19f5-4742-94dd-419deab85c49,m,M,vn,bang-chu-cai,camera,Ảnh,1778779201800,,,60,0,None,https://drive.google.com/file/d/1o1WzuMp47Gn9qa0JfQF5cxvtpKdX41L7/view,features/vn/bang-chu-cai/class_m_6a698d04/sample_ac1f6750e4.npz,https://drive.google.com/file/d/15enMAos-eQkM9TFF56jfDSGXKGdGSJUM/view,,2026-05-14T15:37:21.133088Z,ac1f6750e4,9,class_m_6a698d04,sample_ac1f6750e4.npz,m,vn/bang-chu-cai/m
bfd534d5a0,07ab9408-4fc6-42ac-a41f-9ad289b91969,n,N,vn,bang-chu-cai,camera,Ảnh,1778779201800,,,60,0,None,https://drive.google.com/file/d/1p7lKZ9SAoFmUShcCM6RekteW097ZQavn/view,features/vn/bang-chu-cai/class_n_07ab9408/sample_bfd534d5a0.npz,https://drive.google.com/file/d/1FNIgsAXRUVcoOK42BHYcXpe-IHdUHFxs/view,,2026-05-14T15:39:39.155455Z,bfd534d5a0,10,class_n_07ab9408,sample_bfd534d5a0.npz,n,vn/bang-chu-cai/n
9be2e3a897,07ab9408-4fc6-42ac-a41f-9ad289b91969,n,N,vn,bang-chu-cai,camera,Trân,1778824957715,,,60,0,None,https://drive.google.com/file/d/1TZJlSXFZKu9gMHjb8L6T-gSbzWDHPOlQ/view,features/vn/bang-chu-cai/class_n_07ab9408/sample_9be2e3a897.npz,https://drive.google.com/file/d/1PQeHwHNUd-qTGXQekUlT8GfPI1Epn_cL/view,,2026-05-15T08:00:20.262035Z,9be2e3a897,10,class_n_07ab9408,sample_9be2e3a897.npz,n,vn/bang-chu-cai/n
6b2f9332aa,07ab9408-4fc6-42ac-a41f-9ad289b91969,n,N,vn,bang-chu-cai,camera,Trân,1778824957715,,,60,0,None,https://drive.google.com/file/d/1vXcPUIsara_IbYKggKYPazUANiB7bZ1D/view,features/vn/bang-chu-cai/class_n_07ab9408/sample_6b2f9332aa.npz,https://drive.google.com/file/d/1P5FcQ3o67oFyLrwBsagF0JzUeEZCxLBG/view,,2026-05-15T07:57:43.159251Z,6b2f9332aa,10,class_n_07ab9408,sample_6b2f9332aa.npz,n,vn/bang-chu-cai/n
df1c5403f2,07ab9408-4fc6-42ac-a41f-9ad289b91969,n,N,vn,bang-chu-cai,camera,Trân,1778824957715,,,60,0,None,https://drive.google.com/file/d/114IFjOkqy94jfehhhi-z-L73BseKRzVA/view,features/vn/bang-chu-cai/class_n_07ab9408/sample_df1c5403f2.npz,https://drive.google.com/file/d/1ucO9VR0c50Eb3lJAJnQj_Pbr_gbxt8Rk/view,,2026-05-15T07:59:37.578539Z,df1c5403f2,10,class_n_07ab9408,sample_df1c5403f2.npz,n,vn/bang-chu-cai/n
c6a0527077,07ab9408-4fc6-42ac-a41f-9ad289b91969,n,N,vn,bang-chu-cai,camera,Trân,1778824957715,,,60,0,None,https://drive.google.com/file/d/1cMOtpki3AdFV44Ur9H9aPE1UyJYo6b1B/view,features/vn/bang-chu-cai/class_n_07ab9408/sample_c6a0527077.npz,https://drive.google.com/file/d/1nmAttij78PCjhuH3gNJPnrautCN14RV3/view,,2026-05-15T07:57:07.881322Z,c6a0527077,10,class_n_07ab9408,sample_c6a0527077.npz,n,vn/bang-chu-cai/n
4e2b2cc3db,07ab9408-4fc6-42ac-a41f-9ad289b91969,n,N,vn,bang-chu-cai,camera,Trân,1778824957715,,,60,0,None,https://drive.google.com/file/d/1fautFrpcCttzkBblW9JkHxOe-owDdLW6/view,features/vn/bang-chu-cai/class_n_07ab9408/sample_4e2b2cc3db.npz,https://drive.google.com/file/d/1wDUqkQFJiigcjiZGDLhvvxms3hgLi0fb/view,,2026-05-15T08:01:06.403057Z,4e2b2cc3db,10,class_n_07ab9408,sample_4e2b2cc3db.npz,n,vn/bang-chu-cai/n
49e3610c74,07ab9408-4fc6-42ac-a41f-9ad289b91969,n,N,vn,bang-chu-cai,camera,Trân,1778824957715,,,60,0,None,https://drive.google.com/file/d/1uoeZmuRxsO5sMO7CPkSvp0EulEUHG3oW/view,features/vn/bang-chu-cai/class_n_07ab9408/sample_49e3610c74.npz,https://drive.google.com/file/d/1BoaO4LYX9gkV7VvduORFPAiyZo9WTcQ7/view,,2026-05-15T07:59:25.226807Z,49e3610c74,10,class_n_07ab9408,sample_49e3610c74.npz,n,vn/bang-chu-cai/n
7291903847,07ab9408-4fc6-42ac-a41f-9ad289b91969,n,N,vn,bang-chu-cai,camera,Ảnh,1778779201800,,,60,0,None,https://drive.google.com/file/d/1-xnl6oOay0_8hjmNbbO8ydUm7BhfI8hj/view,features/vn/bang-chu-cai/class_n_07ab9408/sample_7291903847.npz,https://drive.google.com/file/d/1dQCUhKtWdfdCN9NV6l9laj1bL0QXKgcy/view,,2026-05-14T15:39:23.950606Z,7291903847,10,class_n_07ab9408,sample_7291903847.npz,n,vn/bang-chu-cai/n
b0faf35450,07ab9408-4fc6-42ac-a41f-9ad289b91969,n,N,vn,bang-chu-cai,camera,Minh,1778824957715,,,60,0,None,https://drive.google.com/file/d/1ZqiFOn_cTnFpW6DOLub2sSygRJa_nqr0/view,features/vn/bang-chu-cai/class_n_07ab9408/sample_b0faf35450.npz,https://drive.google.com/file/d/1d2Vceae4sgJXHv6vS7eMKpk8MtCBKTMK/view,,2026-05-15T08:02:07.750907Z,b0faf35450,10,class_n_07ab9408,sample_b0faf35450.npz,n,vn/bang-chu-cai/n
ea9d3284df,07ab9408-4fc6-42ac-a41f-9ad289b91969,n,N,vn,bang-chu-cai,camera,Ảnh,1778779201800,,,60,0,None,https://drive.google.com/file/d/1P4JFHOZJXs4DDNWRXHXQcdWUGYVEgBTj/view,features/vn/bang-chu-cai/class_n_07ab9408/sample_ea9d3284df.npz,https://drive.google.com/file/d/14e3N4ciAGt6epoGEct97DdsZygAF-73H/view,,2026-05-14T15:39:08.700308Z,ea9d3284df,10,class_n_07ab9408,sample_ea9d3284df.npz,n,vn/bang-chu-cai/n
7bd345ed2a,07ab9408-4fc6-42ac-a41f-9ad289b91969,n,N,vn,bang-chu-cai,camera,Ảnh,1778779201800,,,60,0,None,https://drive.google.com/file/d/1_FM_Dg65mATx0Go9CEMpJoU7-_UUxkhS/view,features/vn/bang-chu-cai/class_n_07ab9408/sample_7bd345ed2a.npz,https://drive.google.com/file/d/178z26HU0i5cB8gg0SO3YyvHk9EsHE4FV/view,,2026-05-14T15:40:09.308001Z,7bd345ed2a,10,class_n_07ab9408,sample_7bd345ed2a.npz,n,vn/bang-chu-cai/n
c50aeb9116,07ab9408-4fc6-42ac-a41f-9ad289b91969,n,N,vn,bang-chu-cai,camera,Trân,1778824957715,,,60,0,None,https://drive.google.com/file/d/1X9GdSCgs1DVr57KdmreGJenmtCSQ__Em/view,features/vn/bang-chu-cai/class_n_07ab9408/sample_c50aeb9116.npz,https://drive.google.com/file/d/1Y0WUoxZAKJVlOAL8-qhoAiDbwmqQ2Jbu/view,,2026-05-15T08:00:43.258410Z,c50aeb9116,10,class_n_07ab9408,sample_c50aeb9116.npz,n,vn/bang-chu-cai/n
0af07345b7,07ab9408-4fc6-42ac-a41f-9ad289b91969,n,N,vn,bang-chu-cai,camera,Minh,1778824957715,,,60,0,None,https://drive.google.com/file/d/1xjKyBhwY-bXzu8Ud-2trptS17mhjffRH/view,features/vn/bang-chu-cai/class_n_07ab9408/sample_0af07345b7.npz,https://drive.google.com/file/d/1ZxnRkbEp0iQdy2Mabj7v6v2k67Luzx6n/view,,2026-05-15T08:01:45.219948Z,0af07345b7,10,class_n_07ab9408,sample_0af07345b7.npz,n,vn/bang-chu-cai/n
a0ef03744c,07ab9408-4fc6-42ac-a41f-9ad289b91969,n,N,vn,bang-chu-cai,camera,Minh,1778824957715,,,60,0,None,https://drive.google.com/file/d/1HNIUfOvTiutDmsiKnVMEQA-wpr-2Eivx/view,features/vn/bang-chu-cai/class_n_07ab9408/sample_a0ef03744c.npz,https://drive.google.com/file/d/1fwmq0J6r1GOKMNUS3it4gtb5zVkf6_dK/view,,2026-05-15T08:01:22.427429Z,a0ef03744c,10,class_n_07ab9408,sample_a0ef03744c.npz,n,vn/bang-chu-cai/n
ef2cb61124,07ab9408-4fc6-42ac-a41f-9ad289b91969,n,N,vn,bang-chu-cai,camera,Trân,1778824957715,,,60,0,None,https://drive.google.com/file/d/1_m7-rTeTentQZjwZg3SzNQZ1uU4BttFT/view,features/vn/bang-chu-cai/class_n_07ab9408/sample_ef2cb61124.npz,https://drive.google.com/file/d/1pvS1OyTBAAJXmPelOrzMI3rfLUKjSe6x/view,,2026-05-15T07:57:19.704911Z,ef2cb61124,10,class_n_07ab9408,sample_ef2cb61124.npz,n,vn/bang-chu-cai/n
9f2a277009,07ab9408-4fc6-42ac-a41f-9ad289b91969,n,N,vn,bang-chu-cai,camera,Minh,1778824957715,,,60,0,None,https://drive.google.com/file/d/1bbDkMQg53SHny1b6F4ZAD99nSsSHUfps/view,features/vn/bang-chu-cai/class_n_07ab9408/sample_9f2a277009.npz,https://drive.google.com/file/d/15Aa2uWv7OMnJ1LoaBwT_H3TjmRUaVGGA/view,,2026-05-15T08:01:56.630826Z,9f2a277009,10,class_n_07ab9408,sample_9f2a277009.npz,n,vn/bang-chu-cai/n
0f262c34c2,07ab9408-4fc6-42ac-a41f-9ad289b91969,n,N,vn,bang-chu-cai,camera,Trân,1778824957715,,,60,0,None,https://drive.google.com/file/d/1kERehhTQSaOVsjVsAlLNmywP0Q-PkbQS/view,features/vn/bang-chu-cai/class_n_07ab9408/sample_0f262c34c2.npz,https://drive.google.com/file/d/1lur2Zyc42_mruPvJW9DIVtRIljoITqtG/view,,2026-05-15T08:00:54.606615Z,0f262c34c2,10,class_n_07ab9408,sample_0f262c34c2.npz,n,vn/bang-chu-cai/n
f2488dc722,07ab9408-4fc6-42ac-a41f-9ad289b91969,n,N,vn,bang-chu-cai,camera,Trân,1778824957715,,,60,0,None,https://drive.google.com/file/d/18TcbkzMKCw6vz0dBwIV07t9E9x4nQ0do/view,features/vn/bang-chu-cai/class_n_07ab9408/sample_f2488dc722.npz,https://drive.google.com/file/d/1aWdx1-8Qb7WidiyK9wtPNyiw0LUuTU85/view,,2026-05-15T08:00:01.358031Z,f2488dc722,10,class_n_07ab9408,sample_f2488dc722.npz,n,vn/bang-chu-cai/n
9d656d8f94,0cebb97d-5300-4297-952e-601fde506004,o,O,vn,bang-chu-cai,camera,Trân,1778824957715,,,60,0,None,https://drive.google.com/file/d/10qmNBc7dtt7K1ydVOIS8dMpPj7Al_Hfi/view,features/vn/bang-chu-cai/class_o_0cebb97d/sample_9d656d8f94.npz,https://drive.google.com/file/d/1kaMj_uu_TniF-7X_RksCPfNDAgw15LxE/view,,2026-05-15T08:02:25.624106Z,9d656d8f94,11,class_o_0cebb97d,sample_9d656d8f94.npz,o,vn/bang-chu-cai/o
98db7e8232,0cebb97d-5300-4297-952e-601fde506004,o,O,vn,bang-chu-cai,camera,Trân,1778824957715,,,60,0,None,https://drive.google.com/file/d/10_dUXp01sGIHxwkZ_MNaHiGPrVACUjso/view,features/vn/bang-chu-cai/class_o_0cebb97d/sample_98db7e8232.npz,https://drive.google.com/file/d/1_m7-rTeTentQZjwZg3SzNQZ1uU4BttFT/view,,2026-05-15T08:05:13.741422Z,98db7e8232,11,class_o_0cebb97d,sample_98db7e8232.npz,o,vn/bang-chu-cai/o
76a3e98b4f,0cebb97d-5300-4297-952e-601fde506004,o,O,vn,bang-chu-cai,camera,Ảnh,1778779201800,,,60,0,None,https://drive.google.com/file/d/1KnhNXyzeFPjuUw3ywaoGvOQIeLIcpps7/view,features/vn/bang-chu-cai/class_o_0cebb97d/sample_76a3e98b4f.npz,https://drive.google.com/file/d/1p9SHHLzpg0Lik1wO0ChWsVlfutjlQyR_/view,,2026-05-14T15:50:21.644967Z,76a3e98b4f,11,class_o_0cebb97d,sample_76a3e98b4f.npz,o,vn/bang-chu-cai/o
ccf0a35a78,0cebb97d-5300-4297-952e-601fde506004,o,O,vn,bang-chu-cai,camera,Trân,1778824957715,,,60,0,None,https://drive.google.com/file/d/1-f0TEzW8UAEE5SroGV6bp5ET5fjM84ck/view,features/vn/bang-chu-cai/class_o_0cebb97d/sample_ccf0a35a78.npz,https://drive.google.com/file/d/114IFjOkqy94jfehhhi-z-L73BseKRzVA/view,,2026-05-15T08:06:18.495561Z,ccf0a35a78,11,class_o_0cebb97d,sample_ccf0a35a78.npz,o,vn/bang-chu-cai/o
fc8dafce73,0cebb97d-5300-4297-952e-601fde506004,o,O,vn,bang-chu-cai,camera,Trân,1778824957715,,,60,0,None,https://drive.google.com/file/d/1DA9QwEkbTbVRDfNUtBg9aefDz-_2SVOK/view,features/vn/bang-chu-cai/class_o_0cebb97d/sample_fc8dafce73.npz,https://drive.google.com/file/d/10BLU35ZG_DaugGNr2Z0R8oqZac-MnGkh/view,,2026-05-15T08:05:25.116959Z,fc8dafce73,11,class_o_0cebb97d,sample_fc8dafce73.npz,o,vn/bang-chu-cai/o
4f5e277dc3,0cebb97d-5300-4297-952e-601fde506004,o,O,vn,bang-chu-cai,camera,Ảnh,1778779201800,,,60,0,None,https://drive.google.com/file/d/18--UlzwOc1C-egeA86p8Do8HZrpt84gN/view,features/vn/bang-chu-cai/class_o_0cebb97d/sample_4f5e277dc3.npz,https://drive.google.com/file/d/14ml03MfbZj2YZP9dq5kiZi4WgxicI192/view,,2026-05-14T15:49:40.741383Z,4f5e277dc3,11,class_o_0cebb97d,sample_4f5e277dc3.npz,o,vn/bang-chu-cai/o
4d0becb155,0cebb97d-5300-4297-952e-601fde506004,o,O,vn,bang-chu-cai,camera,Trân,1778824957715,,,60,0,None,https://drive.google.com/file/d/1A9_-tBEDfHLSOsLD_gx2HYwrhCQmV8xl/view,features/vn/bang-chu-cai/class_o_0cebb97d/sample_4d0becb155.npz,https://drive.google.com/file/d/1QxZx04kNIEJ5GLA1z04Q8GMDE87s83_a/view,,2026-05-15T08:03:00.465476Z,4d0becb155,11,class_o_0cebb97d,sample_4d0becb155.npz,o,vn/bang-chu-cai/o
7a9e2add0e,0cebb97d-5300-4297-952e-601fde506004,o,O,vn,bang-chu-cai,camera,Trân,1778824957715,,,60,0,None,https://drive.google.com/file/d/1pQh_6hYRJ5sWXoZ8JuoVSETLrvJyFUSV/view,features/vn/bang-chu-cai/class_o_0cebb97d/sample_7a9e2add0e.npz,https://drive.google.com/file/d/1BiKX88Bm_drKdDdPfVsFjrCvRqbbRILr/view,,2026-05-15T08:04:17.962900Z,7a9e2add0e,11,class_o_0cebb97d,sample_7a9e2add0e.npz,o,vn/bang-chu-cai/o
8da878edb9,0cebb97d-5300-4297-952e-601fde506004,o,O,vn,bang-chu-cai,camera,Trân,1778824957715,,,60,0,None,https://drive.google.com/file/d/1Y2BRH15XNnbTK5arFBDXaqHum5bTa_R6/view,features/vn/bang-chu-cai/class_o_0cebb97d/sample_8da878edb9.npz,https://drive.google.com/file/d/1cMOtpki3AdFV44Ur9H9aPE1UyJYo6b1B/view,,2026-05-15T08:05:02.018740Z,8da878edb9,11,class_o_0cebb97d,sample_8da878edb9.npz,o,vn/bang-chu-cai/o
739a6e8277,0cebb97d-5300-4297-952e-601fde506004,o,O,vn,bang-chu-cai,camera,Trân,1778824957715,,,60,0,None,https://drive.google.com/file/d/1s1sXeHrfZsAhqcGQPpfFrugGNa4ynJNv/view,features/vn/bang-chu-cai/class_o_0cebb97d/sample_739a6e8277.npz,https://drive.google.com/file/d/1hKdnVOMzJ-LV_bf-I6-6JhIfGw4fieaZ/view,,2026-05-15T08:03:42.853466Z,739a6e8277,11,class_o_0cebb97d,sample_739a6e8277.npz,o,vn/bang-chu-cai/o
ebfd1eb6a9,0cebb97d-5300-4297-952e-601fde506004,o,O,vn,bang-chu-cai,camera,Trân,1778824957715,,,60,0,None,https://drive.google.com/file/d/1AYuoauoBsm7jrflYUEmAlvy3H12gf5Ml/view,features/vn/bang-chu-cai/class_o_0cebb97d/sample_ebfd1eb6a9.npz,https://drive.google.com/file/d/1-BhEPE76ghGBMdzqNAHGTNDuxw5ECpU2/view,,2026-05-15T08:04:06.361836Z,ebfd1eb6a9,11,class_o_0cebb97d,sample_ebfd1eb6a9.npz,o,vn/bang-chu-cai/o
7e1c1d7480,0cebb97d-5300-4297-952e-601fde506004,o,O,vn,bang-chu-cai,camera,Ảnh,1778779201800,,,60,0,None,https://drive.google.com/file/d/1FbZTofPuheOtLIwSoldvpZvYycW3RchU/view,features/vn/bang-chu-cai/class_o_0cebb97d/sample_7e1c1d7480.npz,https://drive.google.com/file/d/1V_xf5SwImoVJsk-D6RMYj4js1XQG6Qm_/view,,2026-05-14T15:50:07.953989Z,7e1c1d7480,11,class_o_0cebb97d,sample_7e1c1d7480.npz,o,vn/bang-chu-cai/o
ba5390c00c,0cebb97d-5300-4297-952e-601fde506004,o,O,vn,bang-chu-cai,camera,Trân,1778824957715,,,60,0,None,https://drive.google.com/file/d/1_gltJTHP42QNE_iBAx0vTTGESIPtP1Xq/view,features/vn/bang-chu-cai/class_o_0cebb97d/sample_ba5390c00c.npz,https://drive.google.com/file/d/19eXnVswIkUc7SrGJKeTmGKj8oxD9ulUH/view,,2026-05-15T08:03:54.713968Z,ba5390c00c,11,class_o_0cebb97d,sample_ba5390c00c.npz,o,vn/bang-chu-cai/o
90faf0c9f5,0cebb97d-5300-4297-952e-601fde506004,o,O,vn,bang-chu-cai,camera,Trân,1778824957715,,,60,0,None,https://drive.google.com/file/d/1UCS4GVnYmHl9RzGnoBqAp9I7Ez3aWZ5V/view,features/vn/bang-chu-cai/class_o_0cebb97d/sample_90faf0c9f5.npz,https://drive.google.com/file/d/1LbTnT2bhfKx777Wa-L4qVt3jNFEGvZX8/view,,2026-05-15T08:03:31.269855Z,90faf0c9f5,11,class_o_0cebb97d,sample_90faf0c9f5.npz,o,vn/bang-chu-cai/o
f2c0d6f6f6,0cebb97d-5300-4297-952e-601fde506004,o,O,vn,bang-chu-cai,camera,Minh,1778824957715,,,60,0,None,https://drive.google.com/file/d/1Mzerh360c3NPsD8l3LZiBxE98EKJXEr8/view,features/vn/bang-chu-cai/class_o_0cebb97d/sample_f2c0d6f6f6.npz,https://drive.google.com/file/d/1NZ3N3Uvs2daUY2wv2nTq8usiUOm8eS1Y/view,,2026-05-15T08:07:12.411249Z,f2c0d6f6f6,11,class_o_0cebb97d,sample_f2c0d6f6f6.npz,o,vn/bang-chu-cai/o
07a6c44e13,0cebb97d-5300-4297-952e-601fde506004,o,O,vn,bang-chu-cai,camera,Trân,1778824957715,,,60,0,None,https://drive.google.com/file/d/1LlJy2B39FlIDQ7DBuLXQtQnJS8Hit6qB/view,features/vn/bang-chu-cai/class_o_0cebb97d/sample_07a6c44e13.npz,https://drive.google.com/file/d/1C6M1nPUgOTNIw6rvbs7meYzyeu_0jq9Z/view,,2026-05-15T08:03:11.765205Z,07a6c44e13,11,class_o_0cebb97d,sample_07a6c44e13.npz,o,vn/bang-chu-cai/o
8284e3b42e,0cebb97d-5300-4297-952e-601fde506004,o,O,vn,bang-chu-cai,camera,Trân,1778824957715,,,60,0,None,https://drive.google.com/file/d/1gIzxcjk8TTgdPSoqSpIOnkf5E_LZHh5y/view,features/vn/bang-chu-cai/class_o_0cebb97d/sample_8284e3b42e.npz,https://drive.google.com/file/d/1vDJN5FZx4NejgrAKR5ZR69TBUzlUQxeI/view,,2026-05-15T08:02:48.946615Z,8284e3b42e,11,class_o_0cebb97d,sample_8284e3b42e.npz,o,vn/bang-chu-cai/o
1fa96a5196,0cebb97d-5300-4297-952e-601fde506004,o,O,vn,bang-chu-cai,camera,Trân,1778824957715,,,60,0,None,https://drive.google.com/file/d/116fDc833RZatz4EJ78mbnEP3ehnqxFGG/view,features/vn/bang-chu-cai/class_o_0cebb97d/sample_1fa96a5196.npz,https://drive.google.com/file/d/1i2prLjN7kNLViaNbzu9oBki9PAjeiz5n/view,,2026-05-15T08:05:55.890192Z,1fa96a5196,11,class_o_0cebb97d,sample_1fa96a5196.npz,o,vn/bang-chu-cai/o
9a4d0676c8,0cebb97d-5300-4297-952e-601fde506004,o,O,vn,bang-chu-cai,camera,Minh,1778824957715,,,60,0,None,https://drive.google.com/file/d/1qrnFkGMaL2ufhDAq5m18XyqdC4-ixNkZ/view,features/vn/bang-chu-cai/class_o_0cebb97d/sample_9a4d0676c8.npz,https://drive.google.com/file/d/18TcbkzMKCw6vz0dBwIV07t9E9x4nQ0do/view,,2026-05-15T08:06:41.886083Z,9a4d0676c8,11,class_o_0cebb97d,sample_9a4d0676c8.npz,o,vn/bang-chu-cai/o
f8e04cca22,0cebb97d-5300-4297-952e-601fde506004,o,O,vn,bang-chu-cai,camera,Trân,1778824957715,,,60,0,None,https://drive.google.com/file/d/1UoQCH8Y6mxDatMXnAjT6SHQgwsN0BVt4/view,features/vn/bang-chu-cai/class_o_0cebb97d/sample_f8e04cca22.npz,https://drive.google.com/file/d/1uoeZmuRxsO5sMO7CPkSvp0EulEUHG3oW/view,,2026-05-15T08:06:07.249529Z,f8e04cca22,11,class_o_0cebb97d,sample_f8e04cca22.npz,o,vn/bang-chu-cai/o
88f93739c8,bd134d66-3e4b-4273-a8cf-8e33966c8cbd,p,P,vn,bang-chu-cai,camera,Ảnh,1778779201800,,,60,0,None,https://drive.google.com/file/d/1vqmt5t2y_-XTGNi4Iy5omrzNigsNfc2B/view,features/vn/bang-chu-cai/class_p_bd134d66/sample_88f93739c8.npz,https://drive.google.com/file/d/1RVu3MESxgzjAm5ld0jXtuAiteO4Pvdn6/view,,2026-05-14T15:51:32.760465Z,88f93739c8,12,class_p_bd134d66,sample_88f93739c8.npz,p,vn/bang-chu-cai/p
5cbdaf043d,bd134d66-3e4b-4273-a8cf-8e33966c8cbd,p,P,vn,bang-chu-cai,camera,Ảnh,1778779201800,,,60,0,None,https://drive.google.com/file/d/1MTLxLw2ptiOyZmJvooVnVFN1LrbI1lSM/view,features/vn/bang-chu-cai/class_p_bd134d66/sample_5cbdaf043d.npz,https://drive.google.com/file/d/1xLuv3VZj_PtlrvZntjePC7Z3M4VEaSvX/view,,2026-05-14T15:51:05.989366Z,5cbdaf043d,12,class_p_bd134d66,sample_5cbdaf043d.npz,p,vn/bang-chu-cai/p
690286dfaa,bd134d66-3e4b-4273-a8cf-8e33966c8cbd,p,P,vn,bang-chu-cai,camera,Ảnh,1778779201800,,,60,0,None,https://drive.google.com/file/d/1NDzaFbr8trkVTmbiC2xQaJWWIVGE-0ng/view,features/vn/bang-chu-cai/class_p_bd134d66/sample_690286dfaa.npz,https://drive.google.com/file/d/1xuVwK2qCpkgEP0ZSX4PW_yzJ7bazcxq9/view,,2026-05-14T15:51:19.442506Z,690286dfaa,12,class_p_bd134d66,sample_690286dfaa.npz,p,vn/bang-chu-cai/p
58c77b0585,795eec29-34d7-4b23-aba9-89cab7a5deec,q,Q,vn,bang-chu-cai,camera,Tran,1780244780553,,,60,0,None,/dataset/features/vn/bang-chu-cai/class_q_795eec29/sample_58c77b0585.npz,features/vn/bang-chu-cai/class_q_795eec29/sample_58c77b0585.npz,,,2026-05-31T17:08:45.913495Z,58c77b0585,13,class_q_795eec29,sample_58c77b0585.npz,q,vn/bang-chu-cai/q
6dae171aea,795eec29-34d7-4b23-aba9-89cab7a5deec,q,Q,vn,bang-chu-cai,camera,Tran,1780244780553,,,60,0,None,/dataset/features/vn/bang-chu-cai/class_q_795eec29/sample_6dae171aea.npz,features/vn/bang-chu-cai/class_q_795eec29/sample_6dae171aea.npz,,,2026-05-31T17:08:03.681628Z,6dae171aea,13,class_q_795eec29,sample_6dae171aea.npz,q,vn/bang-chu-cai/q
4798846d27,795eec29-34d7-4b23-aba9-89cab7a5deec,q,Q,vn,bang-chu-cai,camera,Tran,1780244780553,,,60,0,None,/dataset/features/vn/bang-chu-cai/class_q_795eec29/sample_4798846d27.npz,features/vn/bang-chu-cai/class_q_795eec29/sample_4798846d27.npz,,,2026-05-31T17:05:17.370444Z,4798846d27,13,class_q_795eec29,sample_4798846d27.npz,q,vn/bang-chu-cai/q
993c378cf1,795eec29-34d7-4b23-aba9-89cab7a5deec,q,Q,vn,bang-chu-cai,camera,Tran,1780244780553,,,60,0,None,/dataset/features/vn/bang-chu-cai/class_q_795eec29/sample_993c378cf1.npz,features/vn/bang-chu-cai/class_q_795eec29/sample_993c378cf1.npz,,,2026-05-31T17:06:44.033579Z,993c378cf1,13,class_q_795eec29,sample_993c378cf1.npz,q,vn/bang-chu-cai/q
e9b4a07011,795eec29-34d7-4b23-aba9-89cab7a5deec,q,Q,vn,bang-chu-cai,camera,Minh,1780244780553,,,60,0,None,/dataset/features/vn/bang-chu-cai/class_q_795eec29/sample_e9b4a07011.npz,features/vn/bang-chu-cai/class_q_795eec29/sample_e9b4a07011.npz,,,2026-05-31T17:03:35.176986Z,e9b4a07011,13,class_q_795eec29,sample_e9b4a07011.npz,q,vn/bang-chu-cai/q
bb6f37a9dc,795eec29-34d7-4b23-aba9-89cab7a5deec,q,Q,vn,bang-chu-cai,camera,Tran,1780244780553,,,60,0,None,/dataset/features/vn/bang-chu-cai/class_q_795eec29/sample_bb6f37a9dc.npz,features/vn/bang-chu-cai/class_q_795eec29/sample_bb6f37a9dc.npz,,,2026-05-31T17:06:54.046704Z,bb6f37a9dc,13,class_q_795eec29,sample_bb6f37a9dc.npz,q,vn/bang-chu-cai/q
e17944836b,795eec29-34d7-4b23-aba9-89cab7a5deec,q,Q,vn,bang-chu-cai,camera,Minh,1780244780553,,,60,0,None,/dataset/features/vn/bang-chu-cai/class_q_795eec29/sample_e17944836b.npz,features/vn/bang-chu-cai/class_q_795eec29/sample_e17944836b.npz,,,2026-05-31T17:02:49.833663Z,e17944836b,13,class_q_795eec29,sample_e17944836b.npz,q,vn/bang-chu-cai/q
8c23ecf727,795eec29-34d7-4b23-aba9-89cab7a5deec,q,Q,vn,bang-chu-cai,camera,Ảnh,1778779201800,,,60,0,None,https://drive.google.com/file/d/15jWFmUZ38aq69FASsQA06pPWrk2mjEXn/view,features/vn/bang-chu-cai/class_q_795eec29/sample_8c23ecf727.npz,https://drive.google.com/file/d/1IKYLNiNTAZpepURSEpXjT2pVeirzUc1v/view,,2026-05-14T16:00:34.081023Z,8c23ecf727,13,class_q_795eec29,sample_8c23ecf727.npz,q,vn/bang-chu-cai/q
c99e554643,795eec29-34d7-4b23-aba9-89cab7a5deec,q,Q,vn,bang-chu-cai,camera,Tran,1780244780553,,,60,0,None,/dataset/features/vn/bang-chu-cai/class_q_795eec29/sample_c99e554643.npz,features/vn/bang-chu-cai/class_q_795eec29/sample_c99e554643.npz,,,2026-05-31T17:08:35.340689Z,c99e554643,13,class_q_795eec29,sample_c99e554643.npz,q,vn/bang-chu-cai/q
c34ff7763c,795eec29-34d7-4b23-aba9-89cab7a5deec,q,Q,vn,bang-chu-cai,camera,Minh,1780244780553,,,60,0,None,/dataset/features/vn/bang-chu-cai/class_q_795eec29/sample_c34ff7763c.npz,features/vn/bang-chu-cai/class_q_795eec29/sample_c34ff7763c.npz,,,2026-05-31T17:03:22.063435Z,c34ff7763c,13,class_q_795eec29,sample_c34ff7763c.npz,q,vn/bang-chu-cai/q
822f4696e5,795eec29-34d7-4b23-aba9-89cab7a5deec,q,Q,vn,bang-chu-cai,camera,Minh,1780244780553,,,60,0,None,/dataset/features/vn/bang-chu-cai/class_q_795eec29/sample_822f4696e5.npz,features/vn/bang-chu-cai/class_q_795eec29/sample_822f4696e5.npz,,,2026-05-31T17:04:28.675254Z,822f4696e5,13,class_q_795eec29,sample_822f4696e5.npz,q,vn/bang-chu-cai/q
641080264a,795eec29-34d7-4b23-aba9-89cab7a5deec,q,Q,vn,bang-chu-cai,camera,Tran,1780244780553,,,60,0,None,/dataset/features/vn/bang-chu-cai/class_q_795eec29/sample_641080264a.npz,features/vn/bang-chu-cai/class_q_795eec29/sample_641080264a.npz,,,2026-05-31T17:08:24.741193Z,641080264a,13,class_q_795eec29,sample_641080264a.npz,q,vn/bang-chu-cai/q
6a37d87ab2,795eec29-34d7-4b23-aba9-89cab7a5deec,q,Q,vn,bang-chu-cai,camera,Ảnh,1778779201800,,,60,0,None,https://drive.google.com/file/d/1T-aJ03fkRpTBgdJevCaTQV5OwNCs8yAf/view,features/vn/bang-chu-cai/class_q_795eec29/sample_6a37d87ab2.npz,https://drive.google.com/file/d/1_3-q7CW3k9BJieNulTzlYeP4kiGuk69L/view,,2026-05-14T16:01:14.683737Z,6a37d87ab2,13,class_q_795eec29,sample_6a37d87ab2.npz,q,vn/bang-chu-cai/q
cd872c81aa,795eec29-34d7-4b23-aba9-89cab7a5deec,q,Q,vn,bang-chu-cai,camera,Tran,1780244780553,,,60,0,None,/dataset/features/vn/bang-chu-cai/class_q_795eec29/sample_cd872c81aa.npz,features/vn/bang-chu-cai/class_q_795eec29/sample_cd872c81aa.npz,,,2026-05-31T17:05:38.654512Z,cd872c81aa,13,class_q_795eec29,sample_cd872c81aa.npz,q,vn/bang-chu-cai/q
56786526eb,795eec29-34d7-4b23-aba9-89cab7a5deec,q,Q,vn,bang-chu-cai,camera,Minh,1780244780553,,,60,0,None,/dataset/features/vn/bang-chu-cai/class_q_795eec29/sample_56786526eb.npz,features/vn/bang-chu-cai/class_q_795eec29/sample_56786526eb.npz,,,2026-05-31T17:04:17.867489Z,56786526eb,13,class_q_795eec29,sample_56786526eb.npz,q,vn/bang-chu-cai/q
902e1f9d42,795eec29-34d7-4b23-aba9-89cab7a5deec,q,Q,vn,bang-chu-cai,camera,Ảnh,1778779201800,,,60,0,None,https://drive.google.com/file/d/1aRSZ1ARfmswNKwItHo9SiHJA9xGjyCOV/view,features/vn/bang-chu-cai/class_q_795eec29/sample_902e1f9d42.npz,https://drive.google.com/file/d/1uv_e-o6m2EdEgHnAIjEJ6Mz7b7V9KuZd/view,,2026-05-14T16:00:47.463360Z,902e1f9d42,13,class_q_795eec29,sample_902e1f9d42.npz,q,vn/bang-chu-cai/q
e30663da61,795eec29-34d7-4b23-aba9-89cab7a5deec,q,Q,vn,bang-chu-cai,camera,Tran,1780244780553,,,60,0,None,/dataset/features/vn/bang-chu-cai/class_q_795eec29/sample_e30663da61.npz,features/vn/bang-chu-cai/class_q_795eec29/sample_e30663da61.npz,,,2026-05-31T17:08:14.341761Z,e30663da61,13,class_q_795eec29,sample_e30663da61.npz,q,vn/bang-chu-cai/q
4acbbc35ac,795eec29-34d7-4b23-aba9-89cab7a5deec,q,Q,vn,bang-chu-cai,camera,Tran,1780244780553,,,60,0,None,/dataset/features/vn/bang-chu-cai/class_q_795eec29/sample_4acbbc35ac.npz,features/vn/bang-chu-cai/class_q_795eec29/sample_4acbbc35ac.npz,,,2026-05-31T17:07:15.653203Z,4acbbc35ac,13,class_q_795eec29,sample_4acbbc35ac.npz,q,vn/bang-chu-cai/q
c58ab00bc4,795eec29-34d7-4b23-aba9-89cab7a5deec,q,Q,vn,bang-chu-cai,camera,Tran,1780244780553,,,60,0,None,/dataset/features/vn/bang-chu-cai/class_q_795eec29/sample_c58ab00bc4.npz,features/vn/bang-chu-cai/class_q_795eec29/sample_c58ab00bc4.npz,,,2026-05-31T17:04:55.983384Z,c58ab00bc4,13,class_q_795eec29,sample_c58ab00bc4.npz,q,vn/bang-chu-cai/q
121d98b960,795eec29-34d7-4b23-aba9-89cab7a5deec,q,Q,vn,bang-chu-cai,camera,Minh,1780244780553,,,60,0,None,/dataset/features/vn/bang-chu-cai/class_q_795eec29/sample_121d98b960.npz,features/vn/bang-chu-cai/class_q_795eec29/sample_121d98b960.npz,,,2026-05-31T17:03:09.923157Z,121d98b960,13,class_q_795eec29,sample_121d98b960.npz,q,vn/bang-chu-cai/q
eb39935a67,795eec29-34d7-4b23-aba9-89cab7a5deec,q,Q,vn,bang-chu-cai,camera,Tran,1780244780553,,,60,0,None,/dataset/features/vn/bang-chu-cai/class_q_795eec29/sample_eb39935a67.npz,features/vn/bang-chu-cai/class_q_795eec29/sample_eb39935a67.npz,,,2026-05-31T17:05:06.650740Z,eb39935a67,13,class_q_795eec29,sample_eb39935a67.npz,q,vn/bang-chu-cai/q
747568ac72,795eec29-34d7-4b23-aba9-89cab7a5deec,q,Q,vn,bang-chu-cai,camera,Tran,1780244780553,,,60,0,None,/dataset/features/vn/bang-chu-cai/class_q_795eec29/sample_747568ac72.npz,features/vn/bang-chu-cai/class_q_795eec29/sample_747568ac72.npz,,,2026-05-31T17:05:27.828453Z,747568ac72,13,class_q_795eec29,sample_747568ac72.npz,q,vn/bang-chu-cai/q
8f3ad9e576,795eec29-34d7-4b23-aba9-89cab7a5deec,q,Q,vn,bang-chu-cai,camera,Minh,1780244780553,,,60,0,None,/dataset/features/vn/bang-chu-cai/class_q_795eec29/sample_8f3ad9e576.npz,features/vn/bang-chu-cai/class_q_795eec29/sample_8f3ad9e576.npz,,,2026-05-31T16:20:00.795451Z,8f3ad9e576,13,class_q_795eec29,sample_8f3ad9e576.npz,q,vn/bang-chu-cai/q
227a6331f4,795eec29-34d7-4b23-aba9-89cab7a5deec,q,Q,vn,bang-chu-cai,camera,Minh,1780244780553,,,60,0,None,/dataset/features/vn/bang-chu-cai/class_q_795eec29/sample_227a6331f4.npz,features/vn/bang-chu-cai/class_q_795eec29/sample_227a6331f4.npz,,,2026-05-31T16:20:49.540963Z,227a6331f4,13,class_q_795eec29,sample_227a6331f4.npz,q,vn/bang-chu-cai/q
c154af2d61,3a9d324b-5e21-4bc1-8cc1-7de8346b85b8,r,R,vn,bang-chu-cai,camera,Ảnh,1778779201800,,,60,0,None,https://drive.google.com/file/d/1UJO6QL_DgEiPEjQ6cbiTsR9yUxQFQQ8N/view,features/vn/bang-chu-cai/class_r_3a9d324b/sample_c154af2d61.npz,https://drive.google.com/file/d/1_VnUVH045yhIcjcyXie1Gcioccpq07hc/view,,2026-05-14T16:02:36.239143Z,c154af2d61,14,class_r_3a9d324b,sample_c154af2d61.npz,r,vn/bang-chu-cai/r
7634120a48,3a9d324b-5e21-4bc1-8cc1-7de8346b85b8,r,R,vn,bang-chu-cai,camera,Minh,1780290454320,,,60,0,None,/dataset/features/vn/bang-chu-cai/class_r_3a9d324b/sample_7634120a48.npz,features/vn/bang-chu-cai/class_r_3a9d324b/sample_7634120a48.npz,,,2026-06-01T03:37:59.202446Z,7634120a48,14,class_r_3a9d324b,sample_7634120a48.npz,r,vn/bang-chu-cai/r
6ace78be6d,3a9d324b-5e21-4bc1-8cc1-7de8346b85b8,r,R,vn,bang-chu-cai,camera,Tran,1780290454320,,,60,0,None,/dataset/features/vn/bang-chu-cai/class_r_3a9d324b/sample_6ace78be6d.npz,features/vn/bang-chu-cai/class_r_3a9d324b/sample_6ace78be6d.npz,,,2026-06-01T03:39:23.530973Z,6ace78be6d,14,class_r_3a9d324b,sample_6ace78be6d.npz,r,vn/bang-chu-cai/r
e2c6feb434,3a9d324b-5e21-4bc1-8cc1-7de8346b85b8,r,R,vn,bang-chu-cai,camera,Minh,1780290454320,,,60,0,None,/dataset/features/vn/bang-chu-cai/class_r_3a9d324b/sample_e2c6feb434.npz,features/vn/bang-chu-cai/class_r_3a9d324b/sample_e2c6feb434.npz,,,2026-06-01T03:31:29.404537Z,e2c6feb434,14,class_r_3a9d324b,sample_e2c6feb434.npz,r,vn/bang-chu-cai/r
cdb3f37a5b,3a9d324b-5e21-4bc1-8cc1-7de8346b85b8,r,R,vn,bang-chu-cai,camera,Ảnh,1778779201800,,,60,0,None,https://drive.google.com/file/d/18TMpIKw8kWbON6k2QxfJW9xBn-kQVUhx/view,features/vn/bang-chu-cai/class_r_3a9d324b/sample_cdb3f37a5b.npz,https://drive.google.com/file/d/1s9qGbpCbDVTwcY663qPttVrKW39eDmT2/view,,2026-05-14T16:02:07.887741Z,cdb3f37a5b,14,class_r_3a9d324b,sample_cdb3f37a5b.npz,r,vn/bang-chu-cai/r
436c090614,3a9d324b-5e21-4bc1-8cc1-7de8346b85b8,r,R,vn,bang-chu-cai,camera,Minh,1780290454320,,,60,0,None,/dataset/features/vn/bang-chu-cai/class_r_3a9d324b/sample_436c090614.npz,features/vn/bang-chu-cai/class_r_3a9d324b/sample_436c090614.npz,,,2026-06-01T03:30:22.805430Z,436c090614,14,class_r_3a9d324b,sample_436c090614.npz,r,vn/bang-chu-cai/r
41af2547ec,3a9d324b-5e21-4bc1-8cc1-7de8346b85b8,r,R,vn,bang-chu-cai,camera,Minh,1780290454320,,,60,0,None,/dataset/features/vn/bang-chu-cai/class_r_3a9d324b/sample_41af2547ec.npz,features/vn/bang-chu-cai/class_r_3a9d324b/sample_41af2547ec.npz,,,2026-06-01T03:31:56.487758Z,41af2547ec,14,class_r_3a9d324b,sample_41af2547ec.npz,r,vn/bang-chu-cai/r
70a49cb974,3a9d324b-5e21-4bc1-8cc1-7de8346b85b8,r,R,vn,bang-chu-cai,camera,Minh,1780290454320,,,60,0,None,/dataset/features/vn/bang-chu-cai/class_r_3a9d324b/sample_70a49cb974.npz,features/vn/bang-chu-cai/class_r_3a9d324b/sample_70a49cb974.npz,,,2026-06-01T03:31:43.914563Z,70a49cb974,14,class_r_3a9d324b,sample_70a49cb974.npz,r,vn/bang-chu-cai/r
703daceb69,3a9d324b-5e21-4bc1-8cc1-7de8346b85b8,r,R,vn,bang-chu-cai,camera,Minh,1780290454320,,,60,0,None,/dataset/features/vn/bang-chu-cai/class_r_3a9d324b/sample_703daceb69.npz,features/vn/bang-chu-cai/class_r_3a9d324b/sample_703daceb69.npz,,,2026-06-01T03:32:08.739550Z,703daceb69,14,class_r_3a9d324b,sample_703daceb69.npz,r,vn/bang-chu-cai/r
76e55087b9,3a9d324b-5e21-4bc1-8cc1-7de8346b85b8,r,R,vn,bang-chu-cai,camera,Minh,1780290454320,,,60,0,None,/dataset/features/vn/bang-chu-cai/class_r_3a9d324b/sample_76e55087b9.npz,features/vn/bang-chu-cai/class_r_3a9d324b/sample_76e55087b9.npz,,,2026-06-01T03:30:37.475179Z,76e55087b9,14,class_r_3a9d324b,sample_76e55087b9.npz,r,vn/bang-chu-cai/r
5f56792982,3a9d324b-5e21-4bc1-8cc1-7de8346b85b8,r,R,vn,bang-chu-cai,camera,Minh,1780290454320,,,60,0,None,/dataset/features/vn/bang-chu-cai/class_r_3a9d324b/sample_5f56792982.npz,features/vn/bang-chu-cai/class_r_3a9d324b/sample_5f56792982.npz,,,2026-06-01T03:37:48.689546Z,5f56792982,14,class_r_3a9d324b,sample_5f56792982.npz,r,vn/bang-chu-cai/r
debcc1bff7,3a9d324b-5e21-4bc1-8cc1-7de8346b85b8,r,R,vn,bang-chu-cai,camera,Minh,1780290454320,,,60,0,None,/dataset/features/vn/bang-chu-cai/class_r_3a9d324b/sample_debcc1bff7.npz,features/vn/bang-chu-cai/class_r_3a9d324b/sample_debcc1bff7.npz,,,2026-06-01T03:37:38.167226Z,debcc1bff7,14,class_r_3a9d324b,sample_debcc1bff7.npz,r,vn/bang-chu-cai/r
f9c89df7b3,3a9d324b-5e21-4bc1-8cc1-7de8346b85b8,r,R,vn,bang-chu-cai,camera,Tran,1780290454320,,,60,0,None,/dataset/features/vn/bang-chu-cai/class_r_3a9d324b/sample_f9c89df7b3.npz,features/vn/bang-chu-cai/class_r_3a9d324b/sample_f9c89df7b3.npz,,,2026-06-01T03:39:40.607955Z,f9c89df7b3,14,class_r_3a9d324b,sample_f9c89df7b3.npz,r,vn/bang-chu-cai/r
c9a099f5c6,3a9d324b-5e21-4bc1-8cc1-7de8346b85b8,r,R,vn,bang-chu-cai,camera,Minh,1780290454320,,,60,0,None,/dataset/features/vn/bang-chu-cai/class_r_3a9d324b/sample_c9a099f5c6.npz,features/vn/bang-chu-cai/class_r_3a9d324b/sample_c9a099f5c6.npz,,,2026-06-01T03:37:26.712542Z,c9a099f5c6,14,class_r_3a9d324b,sample_c9a099f5c6.npz,r,vn/bang-chu-cai/r
772262329b,3a9d324b-5e21-4bc1-8cc1-7de8346b85b8,r,R,vn,bang-chu-cai,camera,Tran,1780290454320,,,60,0,None,/dataset/features/vn/bang-chu-cai/class_r_3a9d324b/sample_772262329b.npz,features/vn/bang-chu-cai/class_r_3a9d324b/sample_772262329b.npz,,,2026-06-01T03:38:46.923289Z,772262329b,14,class_r_3a9d324b,sample_772262329b.npz,r,vn/bang-chu-cai/r
e696bd101c,3a9d324b-5e21-4bc1-8cc1-7de8346b85b8,r,R,vn,bang-chu-cai,camera,Ảnh,1778779201800,,,60,0,None,https://drive.google.com/file/d/1M-yB3TRGY2G0a84Rku5z9EqT4KxuoZs9/view,features/vn/bang-chu-cai/class_r_3a9d324b/sample_e696bd101c.npz,https://drive.google.com/file/d/1YFGAUnaN5FOW2Uq2s5EQmkxcbHc5sCZZ/view,,2026-05-14T16:02:22.061583Z,e696bd101c,14,class_r_3a9d324b,sample_e696bd101c.npz,r,vn/bang-chu-cai/r
1abd7350fa,3a9d324b-5e21-4bc1-8cc1-7de8346b85b8,r,R,vn,bang-chu-cai,camera,Minh,1780290454320,,,60,0,None,/dataset/features/vn/bang-chu-cai/class_r_3a9d324b/sample_1abd7350fa.npz,features/vn/bang-chu-cai/class_r_3a9d324b/sample_1abd7350fa.npz,,,2026-06-01T03:29:57.974050Z,1abd7350fa,14,class_r_3a9d324b,sample_1abd7350fa.npz,r,vn/bang-chu-cai/r
74b040ea75,3a9d324b-5e21-4bc1-8cc1-7de8346b85b8,r,R,vn,bang-chu-cai,camera,Minh,1780290454320,,,60,0,None,/dataset/features/vn/bang-chu-cai/class_r_3a9d324b/sample_74b040ea75.npz,features/vn/bang-chu-cai/class_r_3a9d324b/sample_74b040ea75.npz,,,2026-06-01T03:37:15.767037Z,74b040ea75,14,class_r_3a9d324b,sample_74b040ea75.npz,r,vn/bang-chu-cai/r
a14b88193a,3a9d324b-5e21-4bc1-8cc1-7de8346b85b8,r,R,vn,bang-chu-cai,camera,Ảnh,1778779201800,,,60,0,None,https://drive.google.com/file/d/1CFMjs-y0qDYVuq8IKgXxca5WTXAK6EOj/view,features/vn/bang-chu-cai/class_r_3a9d324b/sample_a14b88193a.npz,https://drive.google.com/file/d/1LCL4rz_X8FtZjd4aYfumE0TI-WKZ0lHP/view,,2026-05-14T16:02:50.104432Z,a14b88193a,14,class_r_3a9d324b,sample_a14b88193a.npz,r,vn/bang-chu-cai/r
202ef0ccaf,3a9d324b-5e21-4bc1-8cc1-7de8346b85b8,r,R,vn,bang-chu-cai,camera,Tran,1780290454320,,,60,0,None,/dataset/features/vn/bang-chu-cai/class_r_3a9d324b/sample_202ef0ccaf.npz,features/vn/bang-chu-cai/class_r_3a9d324b/sample_202ef0ccaf.npz,,,2026-06-01T03:40:11.434199Z,202ef0ccaf,14,class_r_3a9d324b,sample_202ef0ccaf.npz,r,vn/bang-chu-cai/r
89878475a0,3a9d324b-5e21-4bc1-8cc1-7de8346b85b8,r,R,vn,bang-chu-cai,camera,Tran,1780290454320,,,60,0,None,/dataset/features/vn/bang-chu-cai/class_r_3a9d324b/sample_89878475a0.npz,features/vn/bang-chu-cai/class_r_3a9d324b/sample_89878475a0.npz,,,2026-06-01T03:39:11.247592Z,89878475a0,14,class_r_3a9d324b,sample_89878475a0.npz,r,vn/bang-chu-cai/r
b53129ed59,86198dbe-45b0-40c6-903e-10bc99642571,s,S,vn,bang-chu-cai,camera,Minh,1780808569903,,,60,0,None,/dataset/features/vn/bang-chu-cai/class_s_86198dbe/sample_b53129ed59.npz,features/vn/bang-chu-cai/class_s_86198dbe/sample_b53129ed59.npz,https://drive.google.com/file/d/13xfTG2pzODT8aP4MQ2-wBzO-8maG8yQ7/view,,2026-06-07T05:18:48.215165Z,b53129ed59,15,class_s_86198dbe,sample_b53129ed59.npz,s,vn/bang-chu-cai/s
7973d8f42d,86198dbe-45b0-40c6-903e-10bc99642571,s,S,vn,bang-chu-cai,camera,Tran,1780290454320,,,60,0,None,/dataset/features/vn/bang-chu-cai/class_s_86198dbe/sample_7973d8f42d.npz,features/vn/bang-chu-cai/class_s_86198dbe/sample_7973d8f42d.npz,,,2026-06-01T05:23:49.030970Z,7973d8f42d,15,class_s_86198dbe,sample_7973d8f42d.npz,s,vn/bang-chu-cai/s
f5dec3a869,86198dbe-45b0-40c6-903e-10bc99642571,s,S,vn,bang-chu-cai,camera,Tran,1780290454320,,,60,0,None,/dataset/features/vn/bang-chu-cai/class_s_86198dbe/sample_f5dec3a869.npz,features/vn/bang-chu-cai/class_s_86198dbe/sample_f5dec3a869.npz,,,2026-06-01T05:23:12.225412Z,f5dec3a869,15,class_s_86198dbe,sample_f5dec3a869.npz,s,vn/bang-chu-cai/s
3741d9bd22,86198dbe-45b0-40c6-903e-10bc99642571,s,S,vn,bang-chu-cai,camera,Minh,1780808569903,,,60,0,None,/dataset/features/vn/bang-chu-cai/class_s_86198dbe/sample_3741d9bd22.npz,features/vn/bang-chu-cai/class_s_86198dbe/sample_3741d9bd22.npz,https://drive.google.com/file/d/1pX9TXKUy1Lh3WEUhJf5Ye2xHZZHBE5XO/view,,2026-06-07T05:17:56.298230Z,3741d9bd22,15,class_s_86198dbe,sample_3741d9bd22.npz,s,vn/bang-chu-cai/s
5b855ee51d,86198dbe-45b0-40c6-903e-10bc99642571,s,S,vn,bang-chu-cai,camera,Tran,1780290454320,,,60,0,None,/dataset/features/vn/bang-chu-cai/class_s_86198dbe/sample_5b855ee51d.npz,features/vn/bang-chu-cai/class_s_86198dbe/sample_5b855ee51d.npz,,,2026-06-01T05:22:40.820780Z,5b855ee51d,15,class_s_86198dbe,sample_5b855ee51d.npz,s,vn/bang-chu-cai/s
72c0c4d8dd,86198dbe-45b0-40c6-903e-10bc99642571,s,S,vn,bang-chu-cai,camera,Tran,1780808569903,,,60,0,None,/dataset/features/vn/bang-chu-cai/class_s_86198dbe/sample_72c0c4d8dd.npz,features/vn/bang-chu-cai/class_s_86198dbe/sample_72c0c4d8dd.npz,https://drive.google.com/file/d/1p-o3ycDGLYmMF5O2opr2-7YzIO1Vk5mC/view,,2026-06-07T05:16:35.282696Z,72c0c4d8dd,15,class_s_86198dbe,sample_72c0c4d8dd.npz,s,vn/bang-chu-cai/s
f707f644a6,86198dbe-45b0-40c6-903e-10bc99642571,s,S,vn,bang-chu-cai,camera,Tran,1780808569903,,,60,0,None,/dataset/features/vn/bang-chu-cai/class_s_86198dbe/sample_f707f644a6.npz,features/vn/bang-chu-cai/class_s_86198dbe/sample_f707f644a6.npz,https://drive.google.com/file/d/1mLJjTHfVH8E_PXY-czzIjvd7zHOiAaeG/view,,2026-06-07T05:15:09.664429Z,f707f644a6,15,class_s_86198dbe,sample_f707f644a6.npz,s,vn/bang-chu-cai/s
f91e8d35c1,86198dbe-45b0-40c6-903e-10bc99642571,s,S,vn,bang-chu-cai,camera,Minh,1780290454320,,,60,0,None,/dataset/features/vn/bang-chu-cai/class_s_86198dbe/sample_f91e8d35c1.npz,features/vn/bang-chu-cai/class_s_86198dbe/sample_f91e8d35c1.npz,,,2026-06-01T03:44:04.351763Z,f91e8d35c1,15,class_s_86198dbe,sample_f91e8d35c1.npz,s,vn/bang-chu-cai/s
a976b1bfa1,86198dbe-45b0-40c6-903e-10bc99642571,s,S,vn,bang-chu-cai,camera,Tran,1780290454320,,,60,0,None,/dataset/features/vn/bang-chu-cai/class_s_86198dbe/sample_a976b1bfa1.npz,features/vn/bang-chu-cai/class_s_86198dbe/sample_a976b1bfa1.npz,,,2026-06-01T05:22:16.069169Z,a976b1bfa1,15,class_s_86198dbe,sample_a976b1bfa1.npz,s,vn/bang-chu-cai/s
6efaebff83,86198dbe-45b0-40c6-903e-10bc99642571,s,S,vn,bang-chu-cai,camera,Minh,1780808569903,,,60,0,None,/dataset/features/vn/bang-chu-cai/class_s_86198dbe/sample_6efaebff83.npz,features/vn/bang-chu-cai/class_s_86198dbe/sample_6efaebff83.npz,https://drive.google.com/file/d/1qMPvBxrL1-L8OuDznKex8HnBPuLcUjkz/view,,2026-06-07T05:19:11.850692Z,6efaebff83,15,class_s_86198dbe,sample_6efaebff83.npz,s,vn/bang-chu-cai/s
311d58c169,86198dbe-45b0-40c6-903e-10bc99642571,s,S,vn,bang-chu-cai,camera,Tran,1780290454320,,,60,0,None,/dataset/features/vn/bang-chu-cai/class_s_86198dbe/sample_311d58c169.npz,features/vn/bang-chu-cai/class_s_86198dbe/sample_311d58c169.npz,,,2026-06-01T05:23:36.003161Z,311d58c169,15,class_s_86198dbe,sample_311d58c169.npz,s,vn/bang-chu-cai/s
b1d4d04b5e,86198dbe-45b0-40c6-903e-10bc99642571,s,S,vn,bang-chu-cai,camera,Ảnh,1778779201800,,,60,0,None,https://drive.google.com/file/d/1Vp-zkDwUFHoFNQE6prOZNwMb74GcxH44/view,features/vn/bang-chu-cai/class_s_86198dbe/sample_b1d4d04b5e.npz,https://drive.google.com/file/d/1ws0g7VSwDhEBe1GJlPEiVNCBJDyiCHwl/view,,2026-05-14T18:35:56.687399Z,b1d4d04b5e,15,class_s_86198dbe,sample_b1d4d04b5e.npz,s,vn/bang-chu-cai/s
a30ffcf2c6,86198dbe-45b0-40c6-903e-10bc99642571,s,S,vn,bang-chu-cai,camera,Minh,1780290454320,,,60,0,None,/dataset/features/vn/bang-chu-cai/class_s_86198dbe/sample_a30ffcf2c6.npz,features/vn/bang-chu-cai/class_s_86198dbe/sample_a30ffcf2c6.npz,,,2026-06-01T05:19:14.387131Z,a30ffcf2c6,15,class_s_86198dbe,sample_a30ffcf2c6.npz,s,vn/bang-chu-cai/s
cd9cfe9b72,86198dbe-45b0-40c6-903e-10bc99642571,s,S,vn,bang-chu-cai,camera,Tran,1780290454320,,,60,0,None,/dataset/features/vn/bang-chu-cai/class_s_86198dbe/sample_cd9cfe9b72.npz,features/vn/bang-chu-cai/class_s_86198dbe/sample_cd9cfe9b72.npz,,,2026-06-01T05:24:03.442160Z,cd9cfe9b72,15,class_s_86198dbe,sample_cd9cfe9b72.npz,s,vn/bang-chu-cai/s
9c37f8343a,86198dbe-45b0-40c6-903e-10bc99642571,s,S,vn,bang-chu-cai,camera,Ảnh,1778779201800,,,60,0,None,https://drive.google.com/file/d/1Jz9PGKVlm7vMV-XoGcSp1NEOhLdAE8dr/view,features/vn/bang-chu-cai/class_s_86198dbe/sample_9c37f8343a.npz,https://drive.google.com/file/d/1ybuA8mqCWIwTVpj76ujLV5OfWS3qyiAM/view,,2026-05-14T18:36:28.855715Z,9c37f8343a,15,class_s_86198dbe,sample_9c37f8343a.npz,s,vn/bang-chu-cai/s
d890fed29f,86198dbe-45b0-40c6-903e-10bc99642571,s,S,vn,bang-chu-cai,camera,Tran,1780808569903,,,60,0,None,/dataset/features/vn/bang-chu-cai/class_s_86198dbe/sample_d890fed29f.npz,features/vn/bang-chu-cai/class_s_86198dbe/sample_d890fed29f.npz,https://drive.google.com/file/d/1vyHyumO2GLO56uIdNQ8jV6or36RsVF0R/view,,2026-06-07T05:16:03.509955Z,d890fed29f,15,class_s_86198dbe,sample_d890fed29f.npz,s,vn/bang-chu-cai/s
1122e1a975,86198dbe-45b0-40c6-903e-10bc99642571,s,S,vn,bang-chu-cai,camera,Tran,1780808569903,,,60,0,None,/dataset/features/vn/bang-chu-cai/class_s_86198dbe/sample_1122e1a975.npz,features/vn/bang-chu-cai/class_s_86198dbe/sample_1122e1a975.npz,https://drive.google.com/file/d/105s994MfSZzMr4ZGpqxwz1OhFr-MiLTL/view,,2026-06-07T05:14:05.495772Z,1122e1a975,15,class_s_86198dbe,sample_1122e1a975.npz,s,vn/bang-chu-cai/s
72e5bdd52d,86198dbe-45b0-40c6-903e-10bc99642571,s,S,vn,bang-chu-cai,camera,Minh,1780290454320,,,60,0,None,/dataset/features/vn/bang-chu-cai/class_s_86198dbe/sample_72e5bdd52d.npz,features/vn/bang-chu-cai/class_s_86198dbe/sample_72e5bdd52d.npz,,,2026-06-01T05:20:55.362358Z,72e5bdd52d,15,class_s_86198dbe,sample_72e5bdd52d.npz,s,vn/bang-chu-cai/s
ddea84c2c2,86198dbe-45b0-40c6-903e-10bc99642571,s,S,vn,bang-chu-cai,camera,Tran,1780808569903,,,60,0,None,/dataset/features/vn/bang-chu-cai/class_s_86198dbe/sample_ddea84c2c2.npz,features/vn/bang-chu-cai/class_s_86198dbe/sample_ddea84c2c2.npz,https://drive.google.com/file/d/1KqO5jEL0r9q5nIQGkJBzRLhCzO38GHjr/view,,2026-06-07T05:13:06.246019Z,ddea84c2c2,15,class_s_86198dbe,sample_ddea84c2c2.npz,s,vn/bang-chu-cai/s
14487dfeea,86198dbe-45b0-40c6-903e-10bc99642571,s,S,vn,bang-chu-cai,camera,Minh,1780290454320,,,60,0,None,/dataset/features/vn/bang-chu-cai/class_s_86198dbe/sample_14487dfeea.npz,features/vn/bang-chu-cai/class_s_86198dbe/sample_14487dfeea.npz,,,2026-06-01T03:43:37.155756Z,14487dfeea,15,class_s_86198dbe,sample_14487dfeea.npz,s,vn/bang-chu-cai/s
97d094bccd,86198dbe-45b0-40c6-903e-10bc99642571,s,S,vn,bang-chu-cai,camera,Tran,1780290454320,,,60,0,None,/dataset/features/vn/bang-chu-cai/class_s_86198dbe/sample_97d094bccd.npz,features/vn/bang-chu-cai/class_s_86198dbe/sample_97d094bccd.npz,,,2026-06-01T05:22:28.097962Z,97d094bccd,15,class_s_86198dbe,sample_97d094bccd.npz,s,vn/bang-chu-cai/s
34aef65d6f,86198dbe-45b0-40c6-903e-10bc99642571,s,S,vn,bang-chu-cai,camera,Tran,1780290454320,,,60,0,None,/dataset/features/vn/bang-chu-cai/class_s_86198dbe/sample_34aef65d6f.npz,features/vn/bang-chu-cai/class_s_86198dbe/sample_34aef65d6f.npz,,,2026-06-01T05:22:52.739234Z,34aef65d6f,15,class_s_86198dbe,sample_34aef65d6f.npz,s,vn/bang-chu-cai/s
fbc1ed951d,86198dbe-45b0-40c6-903e-10bc99642571,s,S,vn,bang-chu-cai,camera,Minh,1780290454320,,,60,0,None,/dataset/features/vn/bang-chu-cai/class_s_86198dbe/sample_fbc1ed951d.npz,features/vn/bang-chu-cai/class_s_86198dbe/sample_fbc1ed951d.npz,,,2026-06-01T05:20:42.781981Z,fbc1ed951d,15,class_s_86198dbe,sample_fbc1ed951d.npz,s,vn/bang-chu-cai/s
768c8bdc60,86198dbe-45b0-40c6-903e-10bc99642571,s,S,vn,bang-chu-cai,camera,Minh,1780290454320,,,60,0,None,/dataset/features/vn/bang-chu-cai/class_s_86198dbe/sample_768c8bdc60.npz,features/vn/bang-chu-cai/class_s_86198dbe/sample_768c8bdc60.npz,,,2026-06-01T03:44:16.093953Z,768c8bdc60,15,class_s_86198dbe,sample_768c8bdc60.npz,s,vn/bang-chu-cai/s
bd7f4f8340,86198dbe-45b0-40c6-903e-10bc99642571,s,S,vn,bang-chu-cai,camera,Minh,1780290454320,,,60,0,None,/dataset/features/vn/bang-chu-cai/class_s_86198dbe/sample_bd7f4f8340.npz,features/vn/bang-chu-cai/class_s_86198dbe/sample_bd7f4f8340.npz,,,2026-06-01T05:20:30.681177Z,bd7f4f8340,15,class_s_86198dbe,sample_bd7f4f8340.npz,s,vn/bang-chu-cai/s
7b7491940f,86198dbe-45b0-40c6-903e-10bc99642571,s,S,vn,bang-chu-cai,camera,Tran,1780808569903,,,60,0,None,/dataset/features/vn/bang-chu-cai/class_s_86198dbe/sample_7b7491940f.npz,features/vn/bang-chu-cai/class_s_86198dbe/sample_7b7491940f.npz,https://drive.google.com/file/d/1UsXgSFZ62DL7rE1k1rjUhAhG_kQKbuZh/view,,2026-06-07T05:13:34.293339Z,7b7491940f,15,class_s_86198dbe,sample_7b7491940f.npz,s,vn/bang-chu-cai/s
0ab050a105,86198dbe-45b0-40c6-903e-10bc99642571,s,S,vn,bang-chu-cai,camera,Tran,1780808569903,,,60,0,None,/dataset/features/vn/bang-chu-cai/class_s_86198dbe/sample_0ab050a105.npz,features/vn/bang-chu-cai/class_s_86198dbe/sample_0ab050a105.npz,https://drive.google.com/file/d/1kX_BGOl5_5JYBQSipepX21a0mdrdJCye/view,,2026-06-07T05:16:24.634695Z,0ab050a105,15,class_s_86198dbe,sample_0ab050a105.npz,s,vn/bang-chu-cai/s
ccb8f997c5,86198dbe-45b0-40c6-903e-10bc99642571,s,S,vn,bang-chu-cai,camera,Tran,1780808569903,,,60,0,None,/dataset/features/vn/bang-chu-cai/class_s_86198dbe/sample_ccb8f997c5.npz,features/vn/bang-chu-cai/class_s_86198dbe/sample_ccb8f997c5.npz,https://drive.google.com/file/d/1Ef_UVjowZttwJqYh79lwvvmTBpySYhFt/view,,2026-06-07T05:13:44.608652Z,ccb8f997c5,15,class_s_86198dbe,sample_ccb8f997c5.npz,s,vn/bang-chu-cai/s
7ce0692e11,86198dbe-45b0-40c6-903e-10bc99642571,s,S,vn,bang-chu-cai,camera,Minh,1780808569903,,,60,0,None,/dataset/features/vn/bang-chu-cai/class_s_86198dbe/sample_7ce0692e11.npz,features/vn/bang-chu-cai/class_s_86198dbe/sample_7ce0692e11.npz,https://drive.google.com/file/d/1EVXNTCF6QBf65YPclUIUWdEvu10fONiB/view,,2026-06-07T05:19:33.311955Z,7ce0692e11,15,class_s_86198dbe,sample_7ce0692e11.npz,s,vn/bang-chu-cai/s
e50e99dde4,86198dbe-45b0-40c6-903e-10bc99642571,s,S,vn,bang-chu-cai,camera,Tran,1780808569903,,,60,0,None,/dataset/features/vn/bang-chu-cai/class_s_86198dbe/sample_e50e99dde4.npz,features/vn/bang-chu-cai/class_s_86198dbe/sample_e50e99dde4.npz,https://drive.google.com/file/d/1xDfmbiF6rpQkTxSchGBzdXqq095RuzhR/view,,2026-06-07T05:16:14.111531Z,e50e99dde4,15,class_s_86198dbe,sample_e50e99dde4.npz,s,vn/bang-chu-cai/s
5ed84838c8,86198dbe-45b0-40c6-903e-10bc99642571,s,S,vn,bang-chu-cai,camera,Tran,1780808569903,,,60,0,None,/dataset/features/vn/bang-chu-cai/class_s_86198dbe/sample_5ed84838c8.npz,features/vn/bang-chu-cai/class_s_86198dbe/sample_5ed84838c8.npz,https://drive.google.com/file/d/1DOn6I8UEnsoL4U3OWbT6lDNBc7xSaAZw/view,,2026-06-07T05:14:59.365779Z,5ed84838c8,15,class_s_86198dbe,sample_5ed84838c8.npz,s,vn/bang-chu-cai/s
8ddd4767fa,86198dbe-45b0-40c6-903e-10bc99642571,s,S,vn,bang-chu-cai,camera,Tran,1780808569903,,,60,0,None,/dataset/features/vn/bang-chu-cai/class_s_86198dbe/sample_8ddd4767fa.npz,features/vn/bang-chu-cai/class_s_86198dbe/sample_8ddd4767fa.npz,https://drive.google.com/file/d/1L39vLg1P2RNVjfxokX9cHEhOpLozaHzZ/view,,2026-06-07T05:15:20.008566Z,8ddd4767fa,15,class_s_86198dbe,sample_8ddd4767fa.npz,s,vn/bang-chu-cai/s
b7bc463920,86198dbe-45b0-40c6-903e-10bc99642571,s,S,vn,bang-chu-cai,camera,Tran,1780808569903,,,60,0,None,/dataset/features/vn/bang-chu-cai/class_s_86198dbe/sample_b7bc463920.npz,features/vn/bang-chu-cai/class_s_86198dbe/sample_b7bc463920.npz,https://drive.google.com/file/d/1aFcOa0A8ZYzG8yvpOL0a-JCUTHPZIwtR/view,,2026-06-07T05:12:34.843677Z,b7bc463920,15,class_s_86198dbe,sample_b7bc463920.npz,s,vn/bang-chu-cai/s
813d12494d,86198dbe-45b0-40c6-903e-10bc99642571,s,S,vn,bang-chu-cai,camera,Tran,1780290454320,,,60,0,None,/dataset/features/vn/bang-chu-cai/class_s_86198dbe/sample_813d12494d.npz,features/vn/bang-chu-cai/class_s_86198dbe/sample_813d12494d.npz,,,2026-06-01T05:23:24.269378Z,813d12494d,15,class_s_86198dbe,sample_813d12494d.npz,s,vn/bang-chu-cai/s
d5805eaff6,86198dbe-45b0-40c6-903e-10bc99642571,s,S,vn,bang-chu-cai,camera,Tran,1780808569903,,,60,0,None,/dataset/features/vn/bang-chu-cai/class_s_86198dbe/sample_d5805eaff6.npz,features/vn/bang-chu-cai/class_s_86198dbe/sample_d5805eaff6.npz,https://drive.google.com/file/d/1A_jJcRuh8NQE_kOY2nnyXsSdH5ZEeojx/view,,2026-06-07T05:16:46.028638Z,d5805eaff6,15,class_s_86198dbe,sample_d5805eaff6.npz,s,vn/bang-chu-cai/s
3d5ee3e36a,86198dbe-45b0-40c6-903e-10bc99642571,s,S,vn,bang-chu-cai,camera,Ảnh,1778779201800,,,60,0,None,https://drive.google.com/file/d/1gsEmofaTs0cMnJJPDEqVfDoSC6AUCbtG/view,features/vn/bang-chu-cai/class_s_86198dbe/sample_3d5ee3e36a.npz,https://drive.google.com/file/d/1oiclG6iqEBrvplt2Oj90Ffm6Z4aYSm9E/view,,2026-05-14T18:36:12.963532Z,3d5ee3e36a,15,class_s_86198dbe,sample_3d5ee3e36a.npz,s,vn/bang-chu-cai/s
b0b5204ed4,86198dbe-45b0-40c6-903e-10bc99642571,s,S,vn,bang-chu-cai,camera,Minh,1780808569903,,,60,0,None,/dataset/features/vn/bang-chu-cai/class_s_86198dbe/sample_b0b5204ed4.npz,features/vn/bang-chu-cai/class_s_86198dbe/sample_b0b5204ed4.npz,https://drive.google.com/file/d/1PJFtfvQObzz8rmbjcIzZz5kYGDbbmltQ/view,,2026-06-07T05:17:45.614062Z,b0b5204ed4,15,class_s_86198dbe,sample_b0b5204ed4.npz,s,vn/bang-chu-cai/s
c3a1828fb4,86198dbe-45b0-40c6-903e-10bc99642571,s,S,vn,bang-chu-cai,camera,Minh,1780290454320,,,60,0,None,/dataset/features/vn/bang-chu-cai/class_s_86198dbe/sample_c3a1828fb4.npz,features/vn/bang-chu-cai/class_s_86198dbe/sample_c3a1828fb4.npz,,,2026-06-01T03:43:49.574447Z,c3a1828fb4,15,class_s_86198dbe,sample_c3a1828fb4.npz,s,vn/bang-chu-cai/s
a4ef5e2a69,86198dbe-45b0-40c6-903e-10bc99642571,s,S,vn,bang-chu-cai,camera,Minh,1780290454320,,,60,0,None,/dataset/features/vn/bang-chu-cai/class_s_86198dbe/sample_a4ef5e2a69.npz,features/vn/bang-chu-cai/class_s_86198dbe/sample_a4ef5e2a69.npz,,,2026-06-01T05:19:38.285583Z,a4ef5e2a69,15,class_s_86198dbe,sample_a4ef5e2a69.npz,s,vn/bang-chu-cai/s
f1b5608462,86198dbe-45b0-40c6-903e-10bc99642571,s,S,vn,bang-chu-cai,camera,Tran,1780808569903,,,60,0,None,/dataset/features/vn/bang-chu-cai/class_s_86198dbe/sample_f1b5608462.npz,features/vn/bang-chu-cai/class_s_86198dbe/sample_f1b5608462.npz,https://drive.google.com/file/d/1NIWTaFBgsVPfCajo6u-tot-fX1Iiz4GP/view,,2026-06-07T05:12:55.655249Z,f1b5608462,15,class_s_86198dbe,sample_f1b5608462.npz,s,vn/bang-chu-cai/s
3dc0937ad4,86198dbe-45b0-40c6-903e-10bc99642571,s,S,vn,bang-chu-cai,camera,Minh,1780808569903,,,60,0,None,/dataset/features/vn/bang-chu-cai/class_s_86198dbe/sample_3dc0937ad4.npz,features/vn/bang-chu-cai/class_s_86198dbe/sample_3dc0937ad4.npz,https://drive.google.com/file/d/1xOcof20PHBnwsX5VwPOtceNAZhJeUG0y/view,,2026-06-07T05:18:07.003969Z,3dc0937ad4,15,class_s_86198dbe,sample_3dc0937ad4.npz,s,vn/bang-chu-cai/s
d11eed5642,86198dbe-45b0-40c6-903e-10bc99642571,s,S,vn,bang-chu-cai,camera,Minh,1780808569903,,,60,0,None,/dataset/features/vn/bang-chu-cai/class_s_86198dbe/sample_d11eed5642.npz,features/vn/bang-chu-cai/class_s_86198dbe/sample_d11eed5642.npz,https://drive.google.com/file/d/1HcQ9r84G9bHQULDacweiDkXmcMKOejgz/view,,2026-06-07T05:19:22.382644Z,d11eed5642,15,class_s_86198dbe,sample_d11eed5642.npz,s,vn/bang-chu-cai/s
77388e1408,42d9e7de-4628-40e2-b90b-a235d32e6632,t,T,vn,bang-chu-cai,camera,Minh,1780810814487,,,60,0,None,/dataset/features/vn/bang-chu-cai/class_t_42d9e7de/sample_77388e1408.npz,features/vn/bang-chu-cai/class_t_42d9e7de/sample_77388e1408.npz,https://drive.google.com/file/d/1qbpnAyUsram-loCaLKoKgmlN4xVeCMne/view,,2026-06-07T05:45:30.181771Z,77388e1408,16,class_t_42d9e7de,sample_77388e1408.npz,t,vn/bang-chu-cai/t
814ba6fdb2,42d9e7de-4628-40e2-b90b-a235d32e6632,t,T,vn,bang-chu-cai,camera,trân,1780803886535,,,60,0,None,/dataset/features/vn/bang-chu-cai/class_t_42d9e7de/sample_814ba6fdb2.npz,features/vn/bang-chu-cai/class_t_42d9e7de/sample_814ba6fdb2.npz,https://drive.google.com/file/d/1VzI0KL-Bb9m620MBJbv7z49RvQ3RJccr/view,,2026-06-07T04:08:30.659194Z,814ba6fdb2,16,class_t_42d9e7de,sample_814ba6fdb2.npz,t,vn/bang-chu-cai/t
da2824c124,42d9e7de-4628-40e2-b90b-a235d32e6632,t,T,vn,bang-chu-cai,camera,Minh,1780810814487,,,60,0,None,/dataset/features/vn/bang-chu-cai/class_t_42d9e7de/sample_da2824c124.npz,features/vn/bang-chu-cai/class_t_42d9e7de/sample_da2824c124.npz,https://drive.google.com/file/d/1jWceD_29NYJ6MTfqmbfGpc8JHrLeMr6R/view,,2026-06-07T05:46:13.619420Z,da2824c124,16,class_t_42d9e7de,sample_da2824c124.npz,t,vn/bang-chu-cai/t
2fb948f6e4,42d9e7de-4628-40e2-b90b-a235d32e6632,t,T,vn,bang-chu-cai,camera,minh,1780803886535,,,60,0,None,/dataset/features/vn/bang-chu-cai/class_t_42d9e7de/sample_2fb948f6e4.npz,features/vn/bang-chu-cai/class_t_42d9e7de/sample_2fb948f6e4.npz,https://drive.google.com/file/d/1GPSUlaYLzJQfU1hduuhB3LNvVBXGfAjq/view,,2026-06-07T04:10:16.583480Z,2fb948f6e4,16,class_t_42d9e7de,sample_2fb948f6e4.npz,t,vn/bang-chu-cai/t
8a06923927,42d9e7de-4628-40e2-b90b-a235d32e6632,t,T,vn,bang-chu-cai,camera,trân,1780803886535,,,60,0,None,/dataset/features/vn/bang-chu-cai/class_t_42d9e7de/sample_8a06923927.npz,features/vn/bang-chu-cai/class_t_42d9e7de/sample_8a06923927.npz,https://drive.google.com/file/d/1qhp8enurz26uEa7BP8tw5fldKf5o-QOZ/view,,2026-06-07T04:06:38.240417Z,8a06923927,16,class_t_42d9e7de,sample_8a06923927.npz,t,vn/bang-chu-cai/t
2d906a5394,42d9e7de-4628-40e2-b90b-a235d32e6632,t,T,vn,bang-chu-cai,camera,minh,1780803886535,,,60,0,None,/dataset/features/vn/bang-chu-cai/class_t_42d9e7de/sample_2d906a5394.npz,features/vn/bang-chu-cai/class_t_42d9e7de/sample_2d906a5394.npz,https://drive.google.com/file/d/1qGRtBstMad7ujf9JvVysAbnwb2hmyEjP/view,,2026-06-07T04:09:52.575959Z,2d906a5394,16,class_t_42d9e7de,sample_2d906a5394.npz,t,vn/bang-chu-cai/t
aa67db6f5c,42d9e7de-4628-40e2-b90b-a235d32e6632,t,T,vn,bang-chu-cai,camera,Minh,1780810814487,,,60,0,None,/dataset/features/vn/bang-chu-cai/class_t_42d9e7de/sample_aa67db6f5c.npz,features/vn/bang-chu-cai/class_t_42d9e7de/sample_aa67db6f5c.npz,https://drive.google.com/file/d/1119D_7GQmWAEkUsjliRkpiq04_dzISa6/view,,2026-06-07T05:44:21.439667Z,aa67db6f5c,16,class_t_42d9e7de,sample_aa67db6f5c.npz,t,vn/bang-chu-cai/t
c83dace95e,42d9e7de-4628-40e2-b90b-a235d32e6632,t,T,vn,bang-chu-cai,camera,Tran,1780810814487,,,60,0,None,/dataset/features/vn/bang-chu-cai/class_t_42d9e7de/sample_c83dace95e.npz,features/vn/bang-chu-cai/class_t_42d9e7de/sample_c83dace95e.npz,https://drive.google.com/file/d/1_u1POJQq3y968C8T5lYjrrMef-1MB6hX/view,,2026-06-07T05:40:31.367727Z,c83dace95e,16,class_t_42d9e7de,sample_c83dace95e.npz,t,vn/bang-chu-cai/t
3cbfbbcac4,42d9e7de-4628-40e2-b90b-a235d32e6632,t,T,vn,bang-chu-cai,camera,Ảnh,1778779201800,,,60,0,None,https://drive.google.com/file/d/10sJG2UibIRmMKZvB7oQg97J4_jgFOX2N/view,features/vn/bang-chu-cai/class_t_42d9e7de/sample_3cbfbbcac4.npz,https://drive.google.com/file/d/1p7lKZ9SAoFmUShcCM6RekteW097ZQavn/view,,2026-05-14T18:38:08.895035Z,3cbfbbcac4,16,class_t_42d9e7de,sample_3cbfbbcac4.npz,t,vn/bang-chu-cai/t
0fa13638f1,42d9e7de-4628-40e2-b90b-a235d32e6632,t,T,vn,bang-chu-cai,camera,trân,1780803886535,,,60,0,None,/dataset/features/vn/bang-chu-cai/class_t_42d9e7de/sample_0fa13638f1.npz,features/vn/bang-chu-cai/class_t_42d9e7de/sample_0fa13638f1.npz,https://drive.google.com/file/d/1OB3a8I-9SUqB_CjJjvbeXFv9akX3pYwg/view,,2026-06-07T04:07:01.795914Z,0fa13638f1,16,class_t_42d9e7de,sample_0fa13638f1.npz,t,vn/bang-chu-cai/t
cb5e641998,42d9e7de-4628-40e2-b90b-a235d32e6632,t,T,vn,bang-chu-cai,camera,trân,1780803886535,,,60,0,None,/dataset/features/vn/bang-chu-cai/class_t_42d9e7de/sample_cb5e641998.npz,features/vn/bang-chu-cai/class_t_42d9e7de/sample_cb5e641998.npz,https://drive.google.com/file/d/1mKR0UiRGsw0BmU3A2fiNlJMBEXvVfpax/view,,2026-06-07T04:07:25.952476Z,cb5e641998,16,class_t_42d9e7de,sample_cb5e641998.npz,t,vn/bang-chu-cai/t
187e872e46,42d9e7de-4628-40e2-b90b-a235d32e6632,t,T,vn,bang-chu-cai,camera,minh,1780803886535,,,60,0,None,/dataset/features/vn/bang-chu-cai/class_t_42d9e7de/sample_187e872e46.npz,features/vn/bang-chu-cai/class_t_42d9e7de/sample_187e872e46.npz,https://drive.google.com/file/d/1qwMI_b4wJsGcWcLWSrgAP1p1uBPTMCmu/view,,2026-06-07T04:10:28.569874Z,187e872e46,16,class_t_42d9e7de,sample_187e872e46.npz,t,vn/bang-chu-cai/t
ff25bf0c0d,42d9e7de-4628-40e2-b90b-a235d32e6632,t,T,vn,bang-chu-cai,camera,minh,1780803886535,,,60,0,None,/dataset/features/vn/bang-chu-cai/class_t_42d9e7de/sample_ff25bf0c0d.npz,features/vn/bang-chu-cai/class_t_42d9e7de/sample_ff25bf0c0d.npz,https://drive.google.com/file/d/1nHXDjjO6PZyQ7xS2RUwO3B3xwFwlXmvS/view,,2026-06-07T04:10:04.827775Z,ff25bf0c0d,16,class_t_42d9e7de,sample_ff25bf0c0d.npz,t,vn/bang-chu-cai/t
8e329e8f28,42d9e7de-4628-40e2-b90b-a235d32e6632,t,T,vn,bang-chu-cai,camera,Tran,1780810814487,,,60,0,None,/dataset/features/vn/bang-chu-cai/class_t_42d9e7de/sample_8e329e8f28.npz,features/vn/bang-chu-cai/class_t_42d9e7de/sample_8e329e8f28.npz,https://drive.google.com/file/d/1P4m4LbgQQRvhLZHeTtFsftFtF9bYzPVE/view,,2026-06-07T05:43:31.200076Z,8e329e8f28,16,class_t_42d9e7de,sample_8e329e8f28.npz,t,vn/bang-chu-cai/t
3386b0753b,42d9e7de-4628-40e2-b90b-a235d32e6632,t,T,vn,bang-chu-cai,camera,trân,1780803886535,,,60,0,None,/dataset/features/vn/bang-chu-cai/class_t_42d9e7de/sample_3386b0753b.npz,features/vn/bang-chu-cai/class_t_42d9e7de/sample_3386b0753b.npz,https://drive.google.com/file/d/1RxTdVH6CSDBEBRSpNtkKwY0PxSoP743c/view,,2026-06-07T04:08:55.083538Z,3386b0753b,16,class_t_42d9e7de,sample_3386b0753b.npz,t,vn/bang-chu-cai/t
c74568485f,42d9e7de-4628-40e2-b90b-a235d32e6632,t,T,vn,bang-chu-cai,camera,trân,1780803886535,,,60,0,None,/dataset/features/vn/bang-chu-cai/class_t_42d9e7de/sample_c74568485f.npz,features/vn/bang-chu-cai/class_t_42d9e7de/sample_c74568485f.npz,https://drive.google.com/file/d/1KuymEJ2d1AFlnpkeB6z9WOqhETlRyTDW/view,,2026-06-07T04:09:07.325244Z,c74568485f,16,class_t_42d9e7de,sample_c74568485f.npz,t,vn/bang-chu-cai/t
a1b1e5d0b7,42d9e7de-4628-40e2-b90b-a235d32e6632,t,T,vn,bang-chu-cai,camera,Ảnh,1778779201800,,,60,0,None,https://drive.google.com/file/d/1hQdpA57fCNzZ9IhUxNkzBDFptU4ZSHqE/view,features/vn/bang-chu-cai/class_t_42d9e7de/sample_a1b1e5d0b7.npz,https://drive.google.com/file/d/1-xnl6oOay0_8hjmNbbO8ydUm7BhfI8hj/view,,2026-05-14T18:37:53.472764Z,a1b1e5d0b7,16,class_t_42d9e7de,sample_a1b1e5d0b7.npz,t,vn/bang-chu-cai/t
dcd7c7a1e1,42d9e7de-4628-40e2-b90b-a235d32e6632,t,T,vn,bang-chu-cai,camera,Minh,1780810814487,,,60,0,None,/dataset/features/vn/bang-chu-cai/class_t_42d9e7de/sample_dcd7c7a1e1.npz,features/vn/bang-chu-cai/class_t_42d9e7de/sample_dcd7c7a1e1.npz,https://drive.google.com/file/d/1ofmhk0ZmwZuKwKPzKqU2oSMlQoDJM2rn/view,,2026-06-07T05:44:54.169337Z,dcd7c7a1e1,16,class_t_42d9e7de,sample_dcd7c7a1e1.npz,t,vn/bang-chu-cai/t
dfae4d2cf9,42d9e7de-4628-40e2-b90b-a235d32e6632,t,T,vn,bang-chu-cai,camera,Tran,1780810814487,,,60,0,None,/dataset/features/vn/bang-chu-cai/class_t_42d9e7de/sample_dfae4d2cf9.npz,features/vn/bang-chu-cai/class_t_42d9e7de/sample_dfae4d2cf9.npz,https://drive.google.com/file/d/1bKSR5KR9OGoeGpeLEGjOzsL_WquGlxZ3/view,,2026-06-07T05:42:17.427007Z,dfae4d2cf9,16,class_t_42d9e7de,sample_dfae4d2cf9.npz,t,vn/bang-chu-cai/t
b1434da4ba,42d9e7de-4628-40e2-b90b-a235d32e6632,t,T,vn,bang-chu-cai,camera,Ảnh,1778779201800,,,60,0,None,https://drive.google.com/file/d/1bS67jTQ-a7CBvj8CKgiDxlLQVF9QSkgC/view,features/vn/bang-chu-cai/class_t_42d9e7de/sample_b1434da4ba.npz,https://drive.google.com/file/d/1EHtKxloVK8eahGT4i_EGFK_QSg6qSzwK/view,,2026-05-14T18:38:25.004444Z,b1434da4ba,16,class_t_42d9e7de,sample_b1434da4ba.npz,t,vn/bang-chu-cai/t
4a2017e426,42d9e7de-4628-40e2-b90b-a235d32e6632,t,T,vn,bang-chu-cai,camera,Tran,1780810814487,,,60,0,None,/dataset/features/vn/bang-chu-cai/class_t_42d9e7de/sample_4a2017e426.npz,features/vn/bang-chu-cai/class_t_42d9e7de/sample_4a2017e426.npz,https://drive.google.com/file/d/1KoBaudm4WB6O3n494-XfJFNohOCpSuAl/view,,2026-06-07T05:42:07.103050Z,4a2017e426,16,class_t_42d9e7de,sample_4a2017e426.npz,t,vn/bang-chu-cai/t
933192fc47,42d9e7de-4628-40e2-b90b-a235d32e6632,t,T,vn,bang-chu-cai,camera,Tran,1780810814487,,,60,0,None,/dataset/features/vn/bang-chu-cai/class_t_42d9e7de/sample_933192fc47.npz,features/vn/bang-chu-cai/class_t_42d9e7de/sample_933192fc47.npz,https://drive.google.com/file/d/1a4l_frK5WPmM2vlzY9sKxy5cXxeZx3cW/view,,2026-06-07T05:44:02.935198Z,933192fc47,16,class_t_42d9e7de,sample_933192fc47.npz,t,vn/bang-chu-cai/t
7bd333bd1c,42d9e7de-4628-40e2-b90b-a235d32e6632,t,T,vn,bang-chu-cai,camera,trân,1780803886535,,,60,0,None,/dataset/features/vn/bang-chu-cai/class_t_42d9e7de/sample_7bd333bd1c.npz,features/vn/bang-chu-cai/class_t_42d9e7de/sample_7bd333bd1c.npz,https://drive.google.com/file/d/117-_tKHz-Qm_ZpqFHPibIsQNCiJ2BJZH/view,,2026-06-07T04:07:14.076371Z,7bd333bd1c,16,class_t_42d9e7de,sample_7bd333bd1c.npz,t,vn/bang-chu-cai/t
89a7c7eafe,42d9e7de-4628-40e2-b90b-a235d32e6632,t,T,vn,bang-chu-cai,camera,trân,1780803886535,,,60,0,None,/dataset/features/vn/bang-chu-cai/class_t_42d9e7de/sample_89a7c7eafe.npz,features/vn/bang-chu-cai/class_t_42d9e7de/sample_89a7c7eafe.npz,https://drive.google.com/file/d/1jOElaWSuw205z_9XTeuKCOKHU69BnVxU/view,,2026-06-07T04:08:18.749382Z,89a7c7eafe,16,class_t_42d9e7de,sample_89a7c7eafe.npz,t,vn/bang-chu-cai/t
ba5c6cadba,42d9e7de-4628-40e2-b90b-a235d32e6632,t,T,vn,bang-chu-cai,camera,Tran,1780810814487,,,60,0,None,/dataset/features/vn/bang-chu-cai/class_t_42d9e7de/sample_ba5c6cadba.npz,features/vn/bang-chu-cai/class_t_42d9e7de/sample_ba5c6cadba.npz,https://drive.google.com/file/d/1Y4fxBtDxuvbgmnF1S_IdENtv15HtbMu2/view,,2026-06-07T05:40:52.058210Z,ba5c6cadba,16,class_t_42d9e7de,sample_ba5c6cadba.npz,t,vn/bang-chu-cai/t
ed8faa809b,42d9e7de-4628-40e2-b90b-a235d32e6632,t,T,vn,bang-chu-cai,camera,Minh,1780810814487,,,60,0,None,/dataset/features/vn/bang-chu-cai/class_t_42d9e7de/sample_ed8faa809b.npz,features/vn/bang-chu-cai/class_t_42d9e7de/sample_ed8faa809b.npz,https://drive.google.com/file/d/1wh1AVyZB_uWVUEvkygWSbLde1XBbLRpq/view,,2026-06-07T05:45:40.793657Z,ed8faa809b,16,class_t_42d9e7de,sample_ed8faa809b.npz,t,vn/bang-chu-cai/t
02bea2973b,42d9e7de-4628-40e2-b90b-a235d32e6632,t,T,vn,bang-chu-cai,camera,Tran,1780810814487,,,60,0,None,/dataset/features/vn/bang-chu-cai/class_t_42d9e7de/sample_02bea2973b.npz,features/vn/bang-chu-cai/class_t_42d9e7de/sample_02bea2973b.npz,https://drive.google.com/file/d/1nqBDN3GEMP9eH5cLgGKGXDHjOOq05LVS/view,,2026-06-07T05:41:46.143577Z,02bea2973b,16,class_t_42d9e7de,sample_02bea2973b.npz,t,vn/bang-chu-cai/t
7b3e510401,42d9e7de-4628-40e2-b90b-a235d32e6632,t,T,vn,bang-chu-cai,camera,trân,1780803886535,,,60,0,None,/dataset/features/vn/bang-chu-cai/class_t_42d9e7de/sample_7b3e510401.npz,features/vn/bang-chu-cai/class_t_42d9e7de/sample_7b3e510401.npz,https://drive.google.com/file/d/1cbfD6lHbeK8drige3RjpopkHmgO1Chlh/view,,2026-06-07T04:08:42.820284Z,7b3e510401,16,class_t_42d9e7de,sample_7b3e510401.npz,t,vn/bang-chu-cai/t
70a3068b1c,42d9e7de-4628-40e2-b90b-a235d32e6632,t,T,vn,bang-chu-cai,camera,Minh,1780810814487,,,60,0,None,/dataset/features/vn/bang-chu-cai/class_t_42d9e7de/sample_70a3068b1c.npz,features/vn/bang-chu-cai/class_t_42d9e7de/sample_70a3068b1c.npz,https://drive.google.com/file/d/17FbCdU7O0R1fxiX-mmqWgNUFHLGs4w0m/view,,2026-06-07T05:46:02.937624Z,70a3068b1c,16,class_t_42d9e7de,sample_70a3068b1c.npz,t,vn/bang-chu-cai/t
f7b764fb44,42d9e7de-4628-40e2-b90b-a235d32e6632,t,T,vn,bang-chu-cai,camera,minh,1780803886535,,,60,0,None,/dataset/features/vn/bang-chu-cai/class_t_42d9e7de/sample_f7b764fb44.npz,features/vn/bang-chu-cai/class_t_42d9e7de/sample_f7b764fb44.npz,https://drive.google.com/file/d/1d2FWzhdEWyynDdOJG9-hN3T2KbvaLFXM/view,,2026-06-07T04:09:40.282838Z,f7b764fb44,16,class_t_42d9e7de,sample_f7b764fb44.npz,t,vn/bang-chu-cai/t
daf935ff0c,42d9e7de-4628-40e2-b90b-a235d32e6632,t,T,vn,bang-chu-cai,camera,Minh,1780810814487,,,60,0,None,/dataset/features/vn/bang-chu-cai/class_t_42d9e7de/sample_daf935ff0c.npz,features/vn/bang-chu-cai/class_t_42d9e7de/sample_daf935ff0c.npz,https://drive.google.com/file/d/1c5jTth5E9kX52Na3fUEXnMBggC9oQJVF/view,,2026-06-07T05:44:43.475824Z,daf935ff0c,16,class_t_42d9e7de,sample_daf935ff0c.npz,t,vn/bang-chu-cai/t
2f93e7361b,8c1e0174-e611-4300-8c1c-1565871f03aa,u,U,vn,bang-chu-cai,camera,Minh,1780290454320,,,60,0,None,/dataset/features/vn/bang-chu-cai/class_u_8c1e0174/sample_2f93e7361b.npz,features/vn/bang-chu-cai/class_u_8c1e0174/sample_2f93e7361b.npz,,,2026-06-01T05:30:21.919377Z,2f93e7361b,17,class_u_8c1e0174,sample_2f93e7361b.npz,u,vn/bang-chu-cai/u
47e994765c,8c1e0174-e611-4300-8c1c-1565871f03aa,u,U,vn,bang-chu-cai,camera,Minh,1780290454320,,,60,0,None,/dataset/features/vn/bang-chu-cai/class_u_8c1e0174/sample_47e994765c.npz,features/vn/bang-chu-cai/class_u_8c1e0174/sample_47e994765c.npz,,,2026-06-01T05:32:05.108044Z,47e994765c,17,class_u_8c1e0174,sample_47e994765c.npz,u,vn/bang-chu-cai/u
0fabcf7663,8c1e0174-e611-4300-8c1c-1565871f03aa,u,U,vn,bang-chu-cai,camera,Minh,1780290454320,,,60,0,None,/dataset/features/vn/bang-chu-cai/class_u_8c1e0174/sample_0fabcf7663.npz,features/vn/bang-chu-cai/class_u_8c1e0174/sample_0fabcf7663.npz,,,2026-06-01T05:32:16.895516Z,0fabcf7663,17,class_u_8c1e0174,sample_0fabcf7663.npz,u,vn/bang-chu-cai/u
7596a547b5,8c1e0174-e611-4300-8c1c-1565871f03aa,u,U,vn,bang-chu-cai,camera,Tran,1780290454320,,,60,0,None,/dataset/features/vn/bang-chu-cai/class_u_8c1e0174/sample_7596a547b5.npz,features/vn/bang-chu-cai/class_u_8c1e0174/sample_7596a547b5.npz,,,2026-06-01T05:34:49.692188Z,7596a547b5,17,class_u_8c1e0174,sample_7596a547b5.npz,u,vn/bang-chu-cai/u
d11510f962,8c1e0174-e611-4300-8c1c-1565871f03aa,u,U,vn,bang-chu-cai,camera,Minh,1780290454320,,,60,0,None,/dataset/features/vn/bang-chu-cai/class_u_8c1e0174/sample_d11510f962.npz,features/vn/bang-chu-cai/class_u_8c1e0174/sample_d11510f962.npz,,,2026-06-01T05:31:20.079642Z,d11510f962,17,class_u_8c1e0174,sample_d11510f962.npz,u,vn/bang-chu-cai/u
8258375704,8c1e0174-e611-4300-8c1c-1565871f03aa,u,U,vn,bang-chu-cai,camera,Tran,1780290454320,,,60,0,None,/dataset/features/vn/bang-chu-cai/class_u_8c1e0174/sample_8258375704.npz,features/vn/bang-chu-cai/class_u_8c1e0174/sample_8258375704.npz,,,2026-06-01T05:36:23.037102Z,8258375704,17,class_u_8c1e0174,sample_8258375704.npz,u,vn/bang-chu-cai/u
c8301ede79,8c1e0174-e611-4300-8c1c-1565871f03aa,u,U,vn,bang-chu-cai,camera,Ảnh,1778779201800,,,60,0,None,https://drive.google.com/file/d/1ntNC6VgL-nviAJhwnIAeJDzgWRLNXImo/view,features/vn/bang-chu-cai/class_u_8c1e0174/sample_c8301ede79.npz,https://drive.google.com/file/d/1Q0OsOzOhcNVV8DbEgvhbvwleQqA6Pz2M/view,,2026-05-14T18:41:18.082023Z,c8301ede79,17,class_u_8c1e0174,sample_c8301ede79.npz,u,vn/bang-chu-cai/u
6251082784,8c1e0174-e611-4300-8c1c-1565871f03aa,u,U,vn,bang-chu-cai,camera,Minh,1780290454320,,,60,0,None,/dataset/features/vn/bang-chu-cai/class_u_8c1e0174/sample_6251082784.npz,features/vn/bang-chu-cai/class_u_8c1e0174/sample_6251082784.npz,,,2026-06-01T05:24:45.342771Z,6251082784,17,class_u_8c1e0174,sample_6251082784.npz,u,vn/bang-chu-cai/u
a91850ffb4,8c1e0174-e611-4300-8c1c-1565871f03aa,u,U,vn,bang-chu-cai,camera,Ảnh,1778779201800,,,60,0,None,https://drive.google.com/file/d/1zOa_i7vf0qSVJyZ3kr0j26EuZOrLG5Yy/view,features/vn/bang-chu-cai/class_u_8c1e0174/sample_a91850ffb4.npz,https://drive.google.com/file/d/1FbZTofPuheOtLIwSoldvpZvYycW3RchU/view,,2026-05-14T18:41:34.414240Z,a91850ffb4,17,class_u_8c1e0174,sample_a91850ffb4.npz,u,vn/bang-chu-cai/u
9e1b054639,8c1e0174-e611-4300-8c1c-1565871f03aa,u,U,vn,bang-chu-cai,camera,Minh,1780290454320,,,60,0,None,/dataset/features/vn/bang-chu-cai/class_u_8c1e0174/sample_9e1b054639.npz,features/vn/bang-chu-cai/class_u_8c1e0174/sample_9e1b054639.npz,,,2026-06-01T05:30:34.382238Z,9e1b054639,17,class_u_8c1e0174,sample_9e1b054639.npz,u,vn/bang-chu-cai/u
4fa476807b,8c1e0174-e611-4300-8c1c-1565871f03aa,u,U,vn,bang-chu-cai,camera,Tran,1780290454320,,,60,0,None,/dataset/features/vn/bang-chu-cai/class_u_8c1e0174/sample_4fa476807b.npz,features/vn/bang-chu-cai/class_u_8c1e0174/sample_4fa476807b.npz,,,2026-06-01T05:36:11.895208Z,4fa476807b,17,class_u_8c1e0174,sample_4fa476807b.npz,u,vn/bang-chu-cai/u
337a9971db,8c1e0174-e611-4300-8c1c-1565871f03aa,u,U,vn,bang-chu-cai,camera,Minh,1780290454320,,,60,0,None,/dataset/features/vn/bang-chu-cai/class_u_8c1e0174/sample_337a9971db.npz,features/vn/bang-chu-cai/class_u_8c1e0174/sample_337a9971db.npz,,,2026-06-01T05:24:57.000160Z,337a9971db,17,class_u_8c1e0174,sample_337a9971db.npz,u,vn/bang-chu-cai/u
3ac3f56df3,8c1e0174-e611-4300-8c1c-1565871f03aa,u,U,vn,bang-chu-cai,camera,Minh,1780290454320,,,60,0,None,/dataset/features/vn/bang-chu-cai/class_u_8c1e0174/sample_3ac3f56df3.npz,features/vn/bang-chu-cai/class_u_8c1e0174/sample_3ac3f56df3.npz,,,2026-06-01T05:30:56.614880Z,3ac3f56df3,17,class_u_8c1e0174,sample_3ac3f56df3.npz,u,vn/bang-chu-cai/u
aef74c29df,8c1e0174-e611-4300-8c1c-1565871f03aa,u,U,vn,bang-chu-cai,camera,Tran,1780290454320,,,60,0,None,/dataset/features/vn/bang-chu-cai/class_u_8c1e0174/sample_aef74c29df.npz,features/vn/bang-chu-cai/class_u_8c1e0174/sample_aef74c29df.npz,,,2026-06-01T05:36:34.324607Z,aef74c29df,17,class_u_8c1e0174,sample_aef74c29df.npz,u,vn/bang-chu-cai/u
288b7cda54,8c1e0174-e611-4300-8c1c-1565871f03aa,u,U,vn,bang-chu-cai,camera,Minh,1780290454320,,,60,0,None,/dataset/features/vn/bang-chu-cai/class_u_8c1e0174/sample_288b7cda54.npz,features/vn/bang-chu-cai/class_u_8c1e0174/sample_288b7cda54.npz,,,2026-06-01T05:29:53.135852Z,288b7cda54,17,class_u_8c1e0174,sample_288b7cda54.npz,u,vn/bang-chu-cai/u
6fa9376aac,8c1e0174-e611-4300-8c1c-1565871f03aa,u,U,vn,bang-chu-cai,camera,Tran,1780290454320,,,60,0,None,/dataset/features/vn/bang-chu-cai/class_u_8c1e0174/sample_6fa9376aac.npz,features/vn/bang-chu-cai/class_u_8c1e0174/sample_6fa9376aac.npz,,,2026-06-01T05:35:03.240177Z,6fa9376aac,17,class_u_8c1e0174,sample_6fa9376aac.npz,u,vn/bang-chu-cai/u
caaa6a7387,8c1e0174-e611-4300-8c1c-1565871f03aa,u,U,vn,bang-chu-cai,camera,Minh,1780290454320,,,60,0,None,/dataset/features/vn/bang-chu-cai/class_u_8c1e0174/sample_caaa6a7387.npz,features/vn/bang-chu-cai/class_u_8c1e0174/sample_caaa6a7387.npz,,,2026-06-01T05:25:21.719192Z,caaa6a7387,17,class_u_8c1e0174,sample_caaa6a7387.npz,u,vn/bang-chu-cai/u
1d84d3393a,8c1e0174-e611-4300-8c1c-1565871f03aa,u,U,vn,bang-chu-cai,camera,Ảnh,1778779201800,,,60,0,None,https://drive.google.com/file/d/1-SDBne8itN7oiKR4Yj0owdDx21ePY1oj/view,features/vn/bang-chu-cai/class_u_8c1e0174/sample_1d84d3393a.npz,https://drive.google.com/file/d/18--UlzwOc1C-egeA86p8Do8HZrpt84gN/view,,2026-05-14T18:41:02.637532Z,1d84d3393a,17,class_u_8c1e0174,sample_1d84d3393a.npz,u,vn/bang-chu-cai/u
a16d3f088c,8c1e0174-e611-4300-8c1c-1565871f03aa,u,U,vn,bang-chu-cai,camera,Minh,1780290454320,,,60,0,None,/dataset/features/vn/bang-chu-cai/class_u_8c1e0174/sample_a16d3f088c.npz,features/vn/bang-chu-cai/class_u_8c1e0174/sample_a16d3f088c.npz,,,2026-06-01T05:30:06.474023Z,a16d3f088c,17,class_u_8c1e0174,sample_a16d3f088c.npz,u,vn/bang-chu-cai/u
069e93b233,8c1e0174-e611-4300-8c1c-1565871f03aa,u,U,vn,bang-chu-cai,camera,Tran,1780290454320,,,60,0,None,/dataset/features/vn/bang-chu-cai/class_u_8c1e0174/sample_069e93b233.npz,features/vn/bang-chu-cai/class_u_8c1e0174/sample_069e93b233.npz,,,2026-06-01T05:34:12.727570Z,069e93b233,17,class_u_8c1e0174,sample_069e93b233.npz,u,vn/bang-chu-cai/u
e8bf50e130,8c1e0174-e611-4300-8c1c-1565871f03aa,u,U,vn,bang-chu-cai,camera,Minh,1780290454320,,,60,0,None,/dataset/features/vn/bang-chu-cai/class_u_8c1e0174/sample_e8bf50e130.npz,features/vn/bang-chu-cai/class_u_8c1e0174/sample_e8bf50e130.npz,,,2026-06-01T05:29:35.363506Z,e8bf50e130,17,class_u_8c1e0174,sample_e8bf50e130.npz,u,vn/bang-chu-cai/u
4dcf68df56,8c1e0174-e611-4300-8c1c-1565871f03aa,u,U,vn,bang-chu-cai,camera,Minh,1780290454320,,,60,0,None,/dataset/features/vn/bang-chu-cai/class_u_8c1e0174/sample_4dcf68df56.npz,features/vn/bang-chu-cai/class_u_8c1e0174/sample_4dcf68df56.npz,,,2026-06-01T05:30:45.367541Z,4dcf68df56,17,class_u_8c1e0174,sample_4dcf68df56.npz,u,vn/bang-chu-cai/u
6a504d11a2,8c1e0174-e611-4300-8c1c-1565871f03aa,u,U,vn,bang-chu-cai,camera,Tran,1780290454320,,,60,0,None,/dataset/features/vn/bang-chu-cai/class_u_8c1e0174/sample_6a504d11a2.npz,features/vn/bang-chu-cai/class_u_8c1e0174/sample_6a504d11a2.npz,,,2026-06-01T05:34:37.157559Z,6a504d11a2,17,class_u_8c1e0174,sample_6a504d11a2.npz,u,vn/bang-chu-cai/u
0b78c73b92,8c1e0174-e611-4300-8c1c-1565871f03aa,u,U,vn,bang-chu-cai,camera,Minh,1780290454320,,,60,0,None,/dataset/features/vn/bang-chu-cai/class_u_8c1e0174/sample_0b78c73b92.npz,features/vn/bang-chu-cai/class_u_8c1e0174/sample_0b78c73b92.npz,,,2026-06-01T05:24:34.129892Z,0b78c73b92,17,class_u_8c1e0174,sample_0b78c73b92.npz,u,vn/bang-chu-cai/u
b73ae135d6,849d0b5c-96dd-4dc4-96cc-421d69364e40,v,V,vn,bang-chu-cai,camera,Tran,1780244780553,,,60,0,None,/dataset/features/vn/bang-chu-cai/class_v_849d0b5c/sample_b73ae135d6.npz,features/vn/bang-chu-cai/class_v_849d0b5c/sample_b73ae135d6.npz,,,2026-05-31T16:17:12.461307Z,b73ae135d6,18,class_v_849d0b5c,sample_b73ae135d6.npz,v,vn/bang-chu-cai/v
800001ff91,849d0b5c-96dd-4dc4-96cc-421d69364e40,v,V,vn,bang-chu-cai,camera,Ảnh,1778779201800,,,60,0,None,https://drive.google.com/file/d/1QWmYlHVu2O-oR3A-EDLA6qTmF1e7cG8Y/view,features/vn/bang-chu-cai/class_v_849d0b5c/sample_800001ff91.npz,https://drive.google.com/file/d/1cIlYxf0PuUqg5b3cGZl_VRjIxU65TViH/view,,2026-05-14T18:42:45.536449Z,800001ff91,18,class_v_849d0b5c,sample_800001ff91.npz,v,vn/bang-chu-cai/v
542440b577,849d0b5c-96dd-4dc4-96cc-421d69364e40,v,V,vn,bang-chu-cai,camera,Tran,1780244780553,,,60,0,None,/dataset/features/vn/bang-chu-cai/class_v_849d0b5c/sample_542440b577.npz,features/vn/bang-chu-cai/class_v_849d0b5c/sample_542440b577.npz,,,2026-05-31T16:17:36.635649Z,542440b577,18,class_v_849d0b5c,sample_542440b577.npz,v,vn/bang-chu-cai/v
e4621776bd,849d0b5c-96dd-4dc4-96cc-421d69364e40,v,V,vn,bang-chu-cai,camera,Minh,1780244780553,,,60,0,None,/dataset/features/vn/bang-chu-cai/class_v_849d0b5c/sample_e4621776bd.npz,features/vn/bang-chu-cai/class_v_849d0b5c/sample_e4621776bd.npz,,,2026-05-31T16:16:29.870967Z,e4621776bd,18,class_v_849d0b5c,sample_e4621776bd.npz,v,vn/bang-chu-cai/v
bdba375c8d,849d0b5c-96dd-4dc4-96cc-421d69364e40,v,V,vn,bang-chu-cai,camera,Minh,1780244780553,,,60,0,None,/dataset/features/vn/bang-chu-cai/class_v_849d0b5c/sample_bdba375c8d.npz,features/vn/bang-chu-cai/class_v_849d0b5c/sample_bdba375c8d.npz,https://drive.google.com/file/d/1XFmZgRSMSUoWzQ9lSliCZ0ZAY66bCDdT/view?usp=drive_link,,2026-05-31T16:15:22.756987Z,bdba375c8d,18,class_v_849d0b5c,sample_bdba375c8d.npz,v,vn/bang-chu-cai/v
3f9fad8f70,849d0b5c-96dd-4dc4-96cc-421d69364e40,v,V,vn,bang-chu-cai,camera,Tran,1780244780553,,,60,0,None,/dataset/features/vn/bang-chu-cai/class_v_849d0b5c/sample_3f9fad8f70.npz,features/vn/bang-chu-cai/class_v_849d0b5c/sample_3f9fad8f70.npz,,,2026-05-31T16:17:59.183942Z,3f9fad8f70,18,class_v_849d0b5c,sample_3f9fad8f70.npz,v,vn/bang-chu-cai/v
3e603e8259,849d0b5c-96dd-4dc4-96cc-421d69364e40,v,V,vn,bang-chu-cai,camera,Ảnh,1778779201800,,,60,0,None,https://drive.google.com/file/d/1ABRJsbK06exdg-32n7-emDv_CgC0f8z0/view,features/vn/bang-chu-cai/class_v_849d0b5c/sample_3e603e8259.npz,https://drive.google.com/file/d/1MTLxLw2ptiOyZmJvooVnVFN1LrbI1lSM/view,,2026-05-14T18:43:01.481551Z,3e603e8259,18,class_v_849d0b5c,sample_3e603e8259.npz,v,vn/bang-chu-cai/v
708714acdb,849d0b5c-96dd-4dc4-96cc-421d69364e40,v,V,vn,bang-chu-cai,camera,Minh,1780244780553,,,60,0,None,/dataset/features/vn/bang-chu-cai/class_v_849d0b5c/sample_708714acdb.npz,features/vn/bang-chu-cai/class_v_849d0b5c/sample_708714acdb.npz,,,2026-05-31T16:16:17.342925Z,708714acdb,18,class_v_849d0b5c,sample_708714acdb.npz,v,vn/bang-chu-cai/v
6e9c738a61,849d0b5c-96dd-4dc4-96cc-421d69364e40,v,V,vn,bang-chu-cai,camera,Minh,1780244780553,,,60,0,None,/dataset/features/vn/bang-chu-cai/class_v_849d0b5c/sample_6e9c738a61.npz,features/vn/bang-chu-cai/class_v_849d0b5c/sample_6e9c738a61.npz,https://drive.google.com/file/d/1S3ZBqPht7MucHodC1rtLlOZawUJm5bRl/view,,2026-05-16T03:32:35.536937Z,6e9c738a61,18,class_v_849d0b5c,sample_6e9c738a61.npz,v,vn/bang-chu-cai/v
84229a5c6a,849d0b5c-96dd-4dc4-96cc-421d69364e40,v,V,vn,bang-chu-cai,camera,Tran,1780244780553,,,60,0,None,/dataset/features/vn/bang-chu-cai/class_v_849d0b5c/sample_84229a5c6a.npz,features/vn/bang-chu-cai/class_v_849d0b5c/sample_84229a5c6a.npz,,,2026-05-31T16:17:47.939841Z,84229a5c6a,18,class_v_849d0b5c,sample_84229a5c6a.npz,v,vn/bang-chu-cai/v
50d9c8d218,849d0b5c-96dd-4dc4-96cc-421d69364e40,v,V,vn,bang-chu-cai,camera,Tran,1780244780553,,,60,0,None,/dataset/features/vn/bang-chu-cai/class_v_849d0b5c/sample_50d9c8d218.npz,features/vn/bang-chu-cai/class_v_849d0b5c/sample_50d9c8d218.npz,,,2026-05-31T16:19:15.068719Z,50d9c8d218,18,class_v_849d0b5c,sample_50d9c8d218.npz,v,vn/bang-chu-cai/v
d4a00be1e5,849d0b5c-96dd-4dc4-96cc-421d69364e40,v,V,vn,bang-chu-cai,camera,Minh,1780244780553,,,60,0,None,/dataset/features/vn/bang-chu-cai/class_v_849d0b5c/sample_d4a00be1e5.npz,features/vn/bang-chu-cai/class_v_849d0b5c/sample_d4a00be1e5.npz,https://drive.google.com/file/d/1mrSwZV5IkEynE0XwDU-1HWq0xTuhrUjI/view,,2026-05-16T03:32:52.402632Z,d4a00be1e5,18,class_v_849d0b5c,sample_d4a00be1e5.npz,v,vn/bang-chu-cai/v
fc97f56809,849d0b5c-96dd-4dc4-96cc-421d69364e40,v,V,vn,bang-chu-cai,camera,Tran,1780244780553,,,60,0,None,/dataset/features/vn/bang-chu-cai/class_v_849d0b5c/sample_fc97f56809.npz,features/vn/bang-chu-cai/class_v_849d0b5c/sample_fc97f56809.npz,,,2026-05-31T16:17:24.962960Z,fc97f56809,18,class_v_849d0b5c,sample_fc97f56809.npz,v,vn/bang-chu-cai/v
bb4672f4bf,849d0b5c-96dd-4dc4-96cc-421d69364e40,v,V,vn,bang-chu-cai,camera,Minh,1780244780553,,,60,0,None,/dataset/features/vn/bang-chu-cai/class_v_849d0b5c/sample_bb4672f4bf.npz,features/vn/bang-chu-cai/class_v_849d0b5c/sample_bb4672f4bf.npz,https://drive.google.com/file/d/1fqqg20VDsRPjV6bpgLNpAyEumYPlphsz/view,,2026-05-16T03:33:26.549807Z,bb4672f4bf,18,class_v_849d0b5c,sample_bb4672f4bf.npz,v,vn/bang-chu-cai/v
95f5c4eb7a,849d0b5c-96dd-4dc4-96cc-421d69364e40,v,V,vn,bang-chu-cai,camera,Ảnh,1778779201800,,,60,0,None,https://drive.google.com/file/d/11rdq3QX1jKtt6f3BP5TrksaQggaxIXQI/view,features/vn/bang-chu-cai/class_v_849d0b5c/sample_95f5c4eb7a.npz,https://drive.google.com/file/d/1i7al2vd1OT9GYLBPStSFqVlfGeB1sTni/view,,2026-05-14T18:43:50.897324Z,95f5c4eb7a,18,class_v_849d0b5c,sample_95f5c4eb7a.npz,v,vn/bang-chu-cai/v
eff34b6d45,849d0b5c-96dd-4dc4-96cc-421d69364e40,v,V,vn,bang-chu-cai,camera,Minh,1780244780553,,,60,0,None,/dataset/features/vn/bang-chu-cai/class_v_849d0b5c/sample_eff34b6d45.npz,features/vn/bang-chu-cai/class_v_849d0b5c/sample_eff34b6d45.npz,,,2026-05-31T16:16:04.987794Z,eff34b6d45,18,class_v_849d0b5c,sample_eff34b6d45.npz,v,vn/bang-chu-cai/v
2082920565,849d0b5c-96dd-4dc4-96cc-421d69364e40,v,V,vn,bang-chu-cai,camera,Minh,1780244780553,,,60,0,None,/dataset/features/vn/bang-chu-cai/class_v_849d0b5c/sample_2082920565.npz,features/vn/bang-chu-cai/class_v_849d0b5c/sample_2082920565.npz,https://drive.google.com/file/d/1OYXPmVxuJkUJjqNwSp6TxnuR8rkXJC7T/view,,2026-05-16T03:33:43.779220Z,2082920565,18,class_v_849d0b5c,sample_2082920565.npz,v,vn/bang-chu-cai/v
7801a35ada,849d0b5c-96dd-4dc4-96cc-421d69364e40,v,V,vn,bang-chu-cai,camera,Minh,1780244780553,,,60,0,None,/dataset/features/vn/bang-chu-cai/class_v_849d0b5c/sample_7801a35ada.npz,features/vn/bang-chu-cai/class_v_849d0b5c/sample_7801a35ada.npz,,,2026-05-31T16:15:47.039345Z,7801a35ada,18,class_v_849d0b5c,sample_7801a35ada.npz,v,vn/bang-chu-cai/v
b1ddd484e5,849d0b5c-96dd-4dc4-96cc-421d69364e40,v,V,vn,bang-chu-cai,camera,Tran,1780244780553,,,60,0,None,/dataset/features/vn/bang-chu-cai/class_v_849d0b5c/sample_b1ddd484e5.npz,features/vn/bang-chu-cai/class_v_849d0b5c/sample_b1ddd484e5.npz,,,2026-05-31T16:18:50.075388Z,b1ddd484e5,18,class_v_849d0b5c,sample_b1ddd484e5.npz,v,vn/bang-chu-cai/v
2556fe67ca,849d0b5c-96dd-4dc4-96cc-421d69364e40,v,V,vn,bang-chu-cai,camera,Minh,1780244780553,,,60,0,None,/dataset/features/vn/bang-chu-cai/class_v_849d0b5c/sample_2556fe67ca.npz,features/vn/bang-chu-cai/class_v_849d0b5c/sample_2556fe67ca.npz,https://drive.google.com/file/d/1I7ZKoXVWxGwM2EONZq7sxOad0gTyESYP/view?usp=drive_link,,2026-05-31T16:15:00.318080Z,2556fe67ca,18,class_v_849d0b5c,sample_2556fe67ca.npz,v,vn/bang-chu-cai/v
a09be13c51,849d0b5c-96dd-4dc4-96cc-421d69364e40,v,V,vn,bang-chu-cai,camera,Minh,1780244780553,,,60,0,None,/dataset/features/vn/bang-chu-cai/class_v_849d0b5c/sample_a09be13c51.npz,features/vn/bang-chu-cai/class_v_849d0b5c/sample_a09be13c51.npz,https://drive.google.com/file/d/1LEVP0BbxT5I6x1ohgtJv5i_QYgx6xiuF/view,,2026-05-16T03:33:09.479150Z,a09be13c51,18,class_v_849d0b5c,sample_a09be13c51.npz,v,vn/bang-chu-cai/v
a5f69ef10e,49ab9b7a-4a36-41ca-acea-92da53adc53c,a,A,vn,bang-chu-cai,camera,Tran,1780807279811,,,60,0,None,/dataset/features/vn/bang-chu-cai/class_a_49ab9b7a/sample_a5f69ef10e.npz,features/vn/bang-chu-cai/class_a_49ab9b7a/sample_a5f69ef10e.npz,https://drive.google.com/file/d/14GbNlqpODr0yWzYrh5TNq6V2hp50lxlB/view,,2026-06-07T04:50:36.162727Z,a5f69ef10e,20,class_a_49ab9b7a,sample_a5f69ef10e.npz,a,vn/bang-chu-cai/a
24a6d17464,49ab9b7a-4a36-41ca-acea-92da53adc53c,a,A,vn,bang-chu-cai,camera,Minh,1778824957715,,,60,0,None,https://drive.google.com/file/d/1jg64E5cRG9ZJ452ykaK07kV7cibPqc_8/view,features/vn/bang-chu-cai/class_a_49ab9b7a/sample_24a6d17464.npz,https://drive.google.com/file/d/1u1ph8uJoK11g3OvFlKzxM46KNRkHbGk8/view,,2026-05-15T05:39:09.077591Z,24a6d17464,20,class_a_49ab9b7a,sample_24a6d17464.npz,a,vn/bang-chu-cai/a
7e1fcc106e,49ab9b7a-4a36-41ca-acea-92da53adc53c,a,A,vn,bang-chu-cai,camera,Tran,1780807279811,,,60,0,None,/dataset/features/vn/bang-chu-cai/class_a_49ab9b7a/sample_7e1fcc106e.npz,features/vn/bang-chu-cai/class_a_49ab9b7a/sample_7e1fcc106e.npz,https://drive.google.com/file/d/1JPDVZDpACWE6p_ok_NVHS_tX0WhGLTXF/view,,2026-06-07T04:55:24.230495Z,7e1fcc106e,20,class_a_49ab9b7a,sample_7e1fcc106e.npz,a,vn/bang-chu-cai/a
051bf6b63c,49ab9b7a-4a36-41ca-acea-92da53adc53c,a,A,vn,bang-chu-cai,camera,Tran,1780807279811,,,60,0,None,/dataset/features/vn/bang-chu-cai/class_a_49ab9b7a/sample_051bf6b63c.npz,features/vn/bang-chu-cai/class_a_49ab9b7a/sample_051bf6b63c.npz,https://drive.google.com/file/d/1t1nN-mlhuh6kNfo64Ixk0iNm_scQFBqS/view,,2026-06-07T04:53:26.931391Z,051bf6b63c,20,class_a_49ab9b7a,sample_051bf6b63c.npz,a,vn/bang-chu-cai/a
cee32abf38,49ab9b7a-4a36-41ca-acea-92da53adc53c,a,A,vn,bang-chu-cai,camera,Tran,1780807279811,,,60,0,None,/dataset/features/vn/bang-chu-cai/class_a_49ab9b7a/sample_cee32abf38.npz,features/vn/bang-chu-cai/class_a_49ab9b7a/sample_cee32abf38.npz,https://drive.google.com/file/d/1uYa1brE-HEB0KrfKduVZplwg6S995OpR/view,,2026-06-07T04:53:50.001875Z,cee32abf38,20,class_a_49ab9b7a,sample_cee32abf38.npz,a,vn/bang-chu-cai/a
c049e80d6d,49ab9b7a-4a36-41ca-acea-92da53adc53c,a,A,vn,bang-chu-cai,camera,Minh,1780807279811,,,60,0,None,/dataset/features/vn/bang-chu-cai/class_a_49ab9b7a/sample_c049e80d6d.npz,features/vn/bang-chu-cai/class_a_49ab9b7a/sample_c049e80d6d.npz,https://drive.google.com/file/d/1P5P2Cm-2Bft5UNq5EgCAtjU_dcFxTKc5/view,,2026-06-07T04:47:42.245481Z,c049e80d6d,20,class_a_49ab9b7a,sample_c049e80d6d.npz,a,vn/bang-chu-cai/a
375cfdf5bc,49ab9b7a-4a36-41ca-acea-92da53adc53c,a,A,vn,bang-chu-cai,camera,Minh,1780807279811,,,60,0,None,/dataset/features/vn/bang-chu-cai/class_a_49ab9b7a/sample_375cfdf5bc.npz,features/vn/bang-chu-cai/class_a_49ab9b7a/sample_375cfdf5bc.npz,https://drive.google.com/file/d/178hR7gZypNeGf3AoMEcsJrglM0UdoeYv/view,,2026-06-07T04:50:14.380889Z,375cfdf5bc,20,class_a_49ab9b7a,sample_375cfdf5bc.npz,a,vn/bang-chu-cai/a
4c241bf33b,49ab9b7a-4a36-41ca-acea-92da53adc53c,a,A,vn,bang-chu-cai,camera,Tran,1780807279811,,,60,0,None,/dataset/features/vn/bang-chu-cai/class_a_49ab9b7a/sample_4c241bf33b.npz,features/vn/bang-chu-cai/class_a_49ab9b7a/sample_4c241bf33b.npz,https://drive.google.com/file/d/1T3QoLPs6-ZXvKUBp7GuxfDM0XMQoh1d5/view,,2026-06-07T04:55:03.593635Z,4c241bf33b,20,class_a_49ab9b7a,sample_4c241bf33b.npz,a,vn/bang-chu-cai/a
7a914f50c2,49ab9b7a-4a36-41ca-acea-92da53adc53c,a,A,vn,bang-chu-cai,camera,user1,1778824957715,,,60,0,None,https://drive.google.com/file/d/1TADznjte2NdZepX62BMK_9DTbApaglws/view,features/vn/bang-chu-cai/class_a_49ab9b7a/sample_7a914f50c2.npz,https://drive.google.com/file/d/1O4YuLdAKqN9xamfmNXHaPidM-w-E11ue/view,,2026-05-15T04:53:12.711028Z,7a914f50c2,20,class_a_49ab9b7a,sample_7a914f50c2.npz,a,vn/bang-chu-cai/a
61478a66be,49ab9b7a-4a36-41ca-acea-92da53adc53c,a,A,vn,bang-chu-cai,camera,Tran,1780807279811,,,60,0,None,/dataset/features/vn/bang-chu-cai/class_a_49ab9b7a/sample_61478a66be.npz,features/vn/bang-chu-cai/class_a_49ab9b7a/sample_61478a66be.npz,https://drive.google.com/file/d/1Y3kw3Y_nTlr8yRxfB_sJuUC_hz0c7b5n/view,,2026-06-07T04:52:34.630646Z,61478a66be,20,class_a_49ab9b7a,sample_61478a66be.npz,a,vn/bang-chu-cai/a
8304db85ee,49ab9b7a-4a36-41ca-acea-92da53adc53c,a,A,vn,bang-chu-cai,camera,Minh,1778824957715,,,60,0,None,https://drive.google.com/file/d/1YtWztNoi5q2By8g9ZednVdeaW2c0OfiJ/view,features/vn/bang-chu-cai/class_a_49ab9b7a/sample_8304db85ee.npz,https://drive.google.com/file/d/1Baxs3l-4rrPpxxv8AzYQKTuuPLp8sY9c/view,,2026-05-15T05:38:26.969203Z,8304db85ee,20,class_a_49ab9b7a,sample_8304db85ee.npz,a,vn/bang-chu-cai/a
85605e0676,49ab9b7a-4a36-41ca-acea-92da53adc53c,a,A,vn,bang-chu-cai,camera,user1,1778824957715,,,60,0,None,https://drive.google.com/file/d/1ckuujxm2GF4Y9iBqbXdRqTKpinRfBBwI/view,features/vn/bang-chu-cai/class_a_49ab9b7a/sample_85605e0676.npz,https://drive.google.com/file/d/1ISwudgMGF4Xh0GPj1SmlGTjv0Znrg0t8/view,,2026-05-15T04:53:27.165635Z,85605e0676,20,class_a_49ab9b7a,sample_85605e0676.npz,a,vn/bang-chu-cai/a
c46452dd41,49ab9b7a-4a36-41ca-acea-92da53adc53c,a,A,vn,bang-chu-cai,camera,Minh,1780807279811,,,60,0,None,/dataset/features/vn/bang-chu-cai/class_a_49ab9b7a/sample_c46452dd41.npz,features/vn/bang-chu-cai/class_a_49ab9b7a/sample_c46452dd41.npz,https://drive.google.com/file/d/1OMLPXg1zX3d-ZRTJtHKhMKOa4bo0qXWf/view,,2026-06-07T04:42:27.849560Z,c46452dd41,20,class_a_49ab9b7a,sample_c46452dd41.npz,a,vn/bang-chu-cai/a
42be09ecab,49ab9b7a-4a36-41ca-acea-92da53adc53c,a,A,vn,bang-chu-cai,camera,Tran,1780807279811,,,60,0,None,/dataset/features/vn/bang-chu-cai/class_a_49ab9b7a/sample_42be09ecab.npz,features/vn/bang-chu-cai/class_a_49ab9b7a/sample_42be09ecab.npz,https://drive.google.com/file/d/15CKDBXfKJgsAWwZkWqcvsY_ljQWUpxEO/view,,2026-06-07T04:54:52.957367Z,42be09ecab,20,class_a_49ab9b7a,sample_42be09ecab.npz,a,vn/bang-chu-cai/a
a896c77fab,49ab9b7a-4a36-41ca-acea-92da53adc53c,a,A,vn,bang-chu-cai,camera,Tran,1780807279811,,,60,0,None,/dataset/features/vn/bang-chu-cai/class_a_49ab9b7a/sample_a896c77fab.npz,features/vn/bang-chu-cai/class_a_49ab9b7a/sample_a896c77fab.npz,https://drive.google.com/file/d/14XFPI0PSCwXcTBkfC1qLFvyh3UYv4buv/view,,2026-06-07T04:53:37.213161Z,a896c77fab,20,class_a_49ab9b7a,sample_a896c77fab.npz,a,vn/bang-chu-cai/a
9f54bb37b5,49ab9b7a-4a36-41ca-acea-92da53adc53c,a,A,vn,bang-chu-cai,camera,Tran,1780807279811,,,60,0,None,/dataset/features/vn/bang-chu-cai/class_a_49ab9b7a/sample_9f54bb37b5.npz,features/vn/bang-chu-cai/class_a_49ab9b7a/sample_9f54bb37b5.npz,https://drive.google.com/file/d/1aviT195V0KUpbYyrK-Sa6lwCbZTFNZ34/view,,2026-06-07T04:48:38.984379Z,9f54bb37b5,20,class_a_49ab9b7a,sample_9f54bb37b5.npz,a,vn/bang-chu-cai/a
b39db6adf9,49ab9b7a-4a36-41ca-acea-92da53adc53c,a,A,vn,bang-chu-cai,camera,Minh,1780807279811,,,60,0,None,/dataset/features/vn/bang-chu-cai/class_a_49ab9b7a/sample_b39db6adf9.npz,features/vn/bang-chu-cai/class_a_49ab9b7a/sample_b39db6adf9.npz,https://drive.google.com/file/d/1XRnSH2gNM96F0-dd8iSM-yR0o1PZPxyU/view,,2026-06-07T04:45:31.745003Z,b39db6adf9,20,class_a_49ab9b7a,sample_b39db6adf9.npz,a,vn/bang-chu-cai/a
cb150c0223,49ab9b7a-4a36-41ca-acea-92da53adc53c,a,A,vn,bang-chu-cai,camera,Tran,1780807279811,,,60,0,None,/dataset/features/vn/bang-chu-cai/class_a_49ab9b7a/sample_cb150c0223.npz,features/vn/bang-chu-cai/class_a_49ab9b7a/sample_cb150c0223.npz,https://drive.google.com/file/d/1beop1gcXCfDn6c5afsxBuGhJxlCnSybL/view,,2026-06-07T04:54:42.569266Z,cb150c0223,20,class_a_49ab9b7a,sample_cb150c0223.npz,a,vn/bang-chu-cai/a
972d9fa4d8,49ab9b7a-4a36-41ca-acea-92da53adc53c,a,A,vn,bang-chu-cai,camera,Trân,1778824957715,,,60,0,None,https://drive.google.com/file/d/1tf6J1gwokYH6qGJsiIlmv1vc4TJ4V6Y2/view,features/vn/bang-chu-cai/class_a_49ab9b7a/sample_972d9fa4d8.npz,https://drive.google.com/file/d/17aZ0Rt_OwZNXSjGGaqKguCQU8xqFhd_h/view,,2026-05-15T05:14:09.072133Z,972d9fa4d8,20,class_a_49ab9b7a,sample_972d9fa4d8.npz,a,vn/bang-chu-cai/a
a07fc5ec59,49ab9b7a-4a36-41ca-acea-92da53adc53c,a,A,vn,bang-chu-cai,camera,Tran,1780807279811,,,60,0,None,/dataset/features/vn/bang-chu-cai/class_a_49ab9b7a/sample_a07fc5ec59.npz,features/vn/bang-chu-cai/class_a_49ab9b7a/sample_a07fc5ec59.npz,https://drive.google.com/file/d/1Nea0g8AUWaID1iTGw4uNdL4x-yumqkLN/view,,2026-06-07T04:52:13.809319Z,a07fc5ec59,20,class_a_49ab9b7a,sample_a07fc5ec59.npz,a,vn/bang-chu-cai/a
948bcc7496,49ab9b7a-4a36-41ca-acea-92da53adc53c,a,A,vn,bang-chu-cai,camera,Minh,1780807279811,,,60,0,None,/dataset/features/vn/bang-chu-cai/class_a_49ab9b7a/sample_948bcc7496.npz,features/vn/bang-chu-cai/class_a_49ab9b7a/sample_948bcc7496.npz,https://drive.google.com/file/d/1es5bSazDf3KM1f2QZxTG_QJa0cmcRS8J/view,,2026-06-07T04:43:00.319226Z,948bcc7496,20,class_a_49ab9b7a,sample_948bcc7496.npz,a,vn/bang-chu-cai/a
f577342b1c,49ab9b7a-4a36-41ca-acea-92da53adc53c,a,A,vn,bang-chu-cai,camera,Minh,1780807279811,,,60,0,None,/dataset/features/vn/bang-chu-cai/class_a_49ab9b7a/sample_f577342b1c.npz,features/vn/bang-chu-cai/class_a_49ab9b7a/sample_f577342b1c.npz,https://drive.google.com/file/d/1LoM9WYLrsjAssLDOXAoM85bmtJ2e2r9w/view,,2026-06-07T04:44:17.255841Z,f577342b1c,20,class_a_49ab9b7a,sample_f577342b1c.npz,a,vn/bang-chu-cai/a
d83571ba51,49ab9b7a-4a36-41ca-acea-92da53adc53c,a,A,vn,bang-chu-cai,camera,Tran,1780807279811,,,60,0,None,/dataset/features/vn/bang-chu-cai/class_a_49ab9b7a/sample_d83571ba51.npz,features/vn/bang-chu-cai/class_a_49ab9b7a/sample_d83571ba51.npz,https://drive.google.com/file/d/1RcDtBJigtMuOGKchIBP6XGJs3Gcypbav/view,,2026-06-07T04:53:05.857907Z,d83571ba51,20,class_a_49ab9b7a,sample_d83571ba51.npz,a,vn/bang-chu-cai/a
b61c55e9cc,49ab9b7a-4a36-41ca-acea-92da53adc53c,a,A,vn,bang-chu-cai,camera,Minh,1778824957715,,,60,0,None,https://drive.google.com/file/d/1vqWQUms3arWG7vswdqNq3ReF52OVzwit/view,features/vn/bang-chu-cai/class_a_49ab9b7a/sample_b61c55e9cc.npz,https://drive.google.com/file/d/1z6syB7rLL0pSxkOHFHd4p5atXGh9MoUq/view,,2026-05-15T05:38:41.301117Z,b61c55e9cc,20,class_a_49ab9b7a,sample_b61c55e9cc.npz,a,vn/bang-chu-cai/a
6368e946d1,49ab9b7a-4a36-41ca-acea-92da53adc53c,a,A,vn,bang-chu-cai,camera,Trân,1778824957715,,,60,0,None,https://drive.google.com/file/d/124ufGKBEs4052ufDagTa8XLmvY8O4v8s/view,features/vn/bang-chu-cai/class_a_49ab9b7a/sample_6368e946d1.npz,https://drive.google.com/file/d/1JbXchyn9XA56XyPU20EhJPUGNUpgImdA/view,,2026-05-15T05:14:53.178502Z,6368e946d1,20,class_a_49ab9b7a,sample_6368e946d1.npz,a,vn/bang-chu-cai/a
1f04750993,49ab9b7a-4a36-41ca-acea-92da53adc53c,a,A,vn,bang-chu-cai,camera,Minh,1780807279811,,,60,0,None,/dataset/features/vn/bang-chu-cai/class_a_49ab9b7a/sample_1f04750993.npz,features/vn/bang-chu-cai/class_a_49ab9b7a/sample_1f04750993.npz,https://drive.google.com/file/d/1YO_zBpq9ezrby3icAUP0qwgprFFnJB8o/view,,2026-06-07T04:49:31.982220Z,1f04750993,20,class_a_49ab9b7a,sample_1f04750993.npz,a,vn/bang-chu-cai/a
6aded66362,49ab9b7a-4a36-41ca-acea-92da53adc53c,a,A,vn,bang-chu-cai,camera,Tran,1780807279811,,,60,0,None,/dataset/features/vn/bang-chu-cai/class_a_49ab9b7a/sample_6aded66362.npz,features/vn/bang-chu-cai/class_a_49ab9b7a/sample_6aded66362.npz,https://drive.google.com/file/d/1R08uQoErB2TpLtvaeEv6oJx5KgvOg0po/view,,2026-06-07T04:54:31.746815Z,6aded66362,20,class_a_49ab9b7a,sample_6aded66362.npz,a,vn/bang-chu-cai/a
cd9a3e631e,49ab9b7a-4a36-41ca-acea-92da53adc53c,a,A,vn,bang-chu-cai,camera,Minh,1780807279811,,,60,0,None,/dataset/features/vn/bang-chu-cai/class_a_49ab9b7a/sample_cd9a3e631e.npz,features/vn/bang-chu-cai/class_a_49ab9b7a/sample_cd9a3e631e.npz,https://drive.google.com/file/d/1bmQfnM66hefZaSAq3qxYeCyGXa6Y8C-r/view,,2026-06-07T04:51:20.767970Z,cd9a3e631e,20,class_a_49ab9b7a,sample_cd9a3e631e.npz,a,vn/bang-chu-cai/a
5e53cd8528,49ab9b7a-4a36-41ca-acea-92da53adc53c,a,A,vn,bang-chu-cai,camera,Minh,1778824957715,,,60,0,None,https://drive.google.com/file/d/1rxqmDtSp4nW4BD6D4CCrY3GM8oRTw4I_/view,features/vn/bang-chu-cai/class_a_49ab9b7a/sample_5e53cd8528.npz,https://drive.google.com/file/d/1X1AvdpvpN-PtydkLfeg0Jck0COSfEVEX/view,,2026-05-15T05:16:56.315967Z,5e53cd8528,20,class_a_49ab9b7a,sample_5e53cd8528.npz,a,vn/bang-chu-cai/a
7ee78efacf,49ab9b7a-4a36-41ca-acea-92da53adc53c,a,A,vn,bang-chu-cai,camera,Minh,1780807279811,,,60,0,None,/dataset/features/vn/bang-chu-cai/class_a_49ab9b7a/sample_7ee78efacf.npz,features/vn/bang-chu-cai/class_a_49ab9b7a/sample_7ee78efacf.npz,https://drive.google.com/file/d/1XIr0Kk7bOIuAajD-bFxvyKjdO8Am7gTH/view,,2026-06-07T04:45:20.776616Z,7ee78efacf,20,class_a_49ab9b7a,sample_7ee78efacf.npz,a,vn/bang-chu-cai/a
af5efd49af,49ab9b7a-4a36-41ca-acea-92da53adc53c,a,A,vn,bang-chu-cai,camera,Minh,1778824957715,,,60,0,None,https://drive.google.com/file/d/1D2N_Tq3ldAtsYz2BeWIaA-lXnGgChcS0/view,features/vn/bang-chu-cai/class_a_49ab9b7a/sample_af5efd49af.npz,https://drive.google.com/file/d/1LpqVe2bZWQCI7zNWok7ALdu1vH2aTlX2/view,,2026-05-15T05:16:12.102409Z,af5efd49af,20,class_a_49ab9b7a,sample_af5efd49af.npz,a,vn/bang-chu-cai/a
7afacc166e,49ab9b7a-4a36-41ca-acea-92da53adc53c,a,A,vn,bang-chu-cai,camera,Tran,1780807279811,,,60,0,None,/dataset/features/vn/bang-chu-cai/class_a_49ab9b7a/sample_7afacc166e.npz,features/vn/bang-chu-cai/class_a_49ab9b7a/sample_7afacc166e.npz,https://drive.google.com/file/d/1OX5Qqd_HNgWqoCJgMF1cMZBYI0Gzm_aG/view,,2026-06-07T04:55:13.852773Z,7afacc166e,20,class_a_49ab9b7a,sample_7afacc166e.npz,a,vn/bang-chu-cai/a
79cf4e3250,49ab9b7a-4a36-41ca-acea-92da53adc53c,a,A,vn,bang-chu-cai,camera,Minh,1780807279811,,,60,0,None,/dataset/features/vn/bang-chu-cai/class_a_49ab9b7a/sample_79cf4e3250.npz,features/vn/bang-chu-cai/class_a_49ab9b7a/sample_79cf4e3250.npz,https://drive.google.com/file/d/1sMG1nBjqZznoN1RR-Xdcv41V1dbV6INI/view,,2026-06-07T04:46:28.394967Z,79cf4e3250,20,class_a_49ab9b7a,sample_79cf4e3250.npz,a,vn/bang-chu-cai/a
fb74d88da8,49ab9b7a-4a36-41ca-acea-92da53adc53c,a,A,vn,bang-chu-cai,camera,Minh,1780807279811,,,60,0,None,/dataset/features/vn/bang-chu-cai/class_a_49ab9b7a/sample_fb74d88da8.npz,features/vn/bang-chu-cai/class_a_49ab9b7a/sample_fb74d88da8.npz,https://drive.google.com/file/d/1dyxFMDrpbC1EwqUL7UWUd_Bmz5vIc18T/view,,2026-06-07T04:48:17.096396Z,fb74d88da8,20,class_a_49ab9b7a,sample_fb74d88da8.npz,a,vn/bang-chu-cai/a
83be43a0c0,49ab9b7a-4a36-41ca-acea-92da53adc53c,a,A,vn,bang-chu-cai,camera,Minh,1778824957715,,,60,0,None,https://drive.google.com/file/d/1cYgLeFgKSiRBP6GVaBSGoZuTKF21jyJc/view,features/vn/bang-chu-cai/class_a_49ab9b7a/sample_83be43a0c0.npz,https://drive.google.com/file/d/16xUdF3boFb-twgDVYhYAxbNPL7Ccu61e/view,,2026-05-15T05:39:17.659718Z,83be43a0c0,20,class_a_49ab9b7a,sample_83be43a0c0.npz,a,vn/bang-chu-cai/a
de2d6f9762,49ab9b7a-4a36-41ca-acea-92da53adc53c,a,A,vn,bang-chu-cai,camera,user1,1778824957715,,,60,0,None,https://drive.google.com/file/d/1m-lAyedlSoutnPn-PB1nuqqvA0r5Gn0e/view,features/vn/bang-chu-cai/class_a_49ab9b7a/sample_de2d6f9762.npz,https://drive.google.com/file/d/1i2pIuqVoFDzgWT4iyuoblgqRSE-EeIO6/view,,2026-05-15T04:53:56.193630Z,de2d6f9762,20,class_a_49ab9b7a,sample_de2d6f9762.npz,a,vn/bang-chu-cai/a
28f4751fc5,49ab9b7a-4a36-41ca-acea-92da53adc53c,a,A,vn,bang-chu-cai,camera,Trân,1778824957715,,,60,0,None,https://drive.google.com/file/d/16Y2YRBuF_5CGMDnN2LLpQ1dAqaAHB1Js/view,features/vn/bang-chu-cai/class_a_49ab9b7a/sample_28f4751fc5.npz,https://drive.google.com/file/d/184E0F_qE2CTcGNBXA89nq4u1VFAd0EpK/view,,2026-05-15T05:00:36.685050Z,28f4751fc5,20,class_a_49ab9b7a,sample_28f4751fc5.npz,a,vn/bang-chu-cai/a
65ed59013c,49ab9b7a-4a36-41ca-acea-92da53adc53c,a,A,vn,bang-chu-cai,camera,Tran,1780807279811,,,60,0,None,/dataset/features/vn/bang-chu-cai/class_a_49ab9b7a/sample_65ed59013c.npz,features/vn/bang-chu-cai/class_a_49ab9b7a/sample_65ed59013c.npz,https://drive.google.com/file/d/1sFAdTz37ZAd7zfJx-qETKMhXdnai3Axl/view,,2026-06-07T04:54:10.875304Z,65ed59013c,20,class_a_49ab9b7a,sample_65ed59013c.npz,a,vn/bang-chu-cai/a
48c1a81317,49ab9b7a-4a36-41ca-acea-92da53adc53c,a,A,vn,bang-chu-cai,camera,Minh,1780807005353,,,60,0,None,/dataset/features/vn/bang-chu-cai/class_a_49ab9b7a/sample_48c1a81317.npz,features/vn/bang-chu-cai/class_a_49ab9b7a/sample_48c1a81317.npz,https://drive.google.com/file/d/1HcNa7MDJqpT_QNzibIQGiy38DRRLZlCh/view,,2026-06-07T04:37:30.570639Z,48c1a81317,20,class_a_49ab9b7a,sample_48c1a81317.npz,a,vn/bang-chu-cai/a
3e869a0797,49ab9b7a-4a36-41ca-acea-92da53adc53c,a,A,vn,bang-chu-cai,camera,Tran,1780807279811,,,60,0,None,/dataset/features/vn/bang-chu-cai/class_a_49ab9b7a/sample_3e869a0797.npz,features/vn/bang-chu-cai/class_a_49ab9b7a/sample_3e869a0797.npz,https://drive.google.com/file/d/1hV5YVhlO3nsqMGK01IgxdSHsaSD4u3eW/view,,2026-06-07T04:51:53.154360Z,3e869a0797,20,class_a_49ab9b7a,sample_3e869a0797.npz,a,vn/bang-chu-cai/a
bc0e6dc957,49ab9b7a-4a36-41ca-acea-92da53adc53c,a,A,vn,bang-chu-cai,camera,Minh,1780807005353,,,60,0,None,/dataset/features/vn/bang-chu-cai/class_a_49ab9b7a/sample_bc0e6dc957.npz,features/vn/bang-chu-cai/class_a_49ab9b7a/sample_bc0e6dc957.npz,https://drive.google.com/file/d/1HO9Hzq67IUKz1YcLmUBraeQXBO1ngqVv/view,,2026-06-07T04:37:08.439712Z,bc0e6dc957,20,class_a_49ab9b7a,sample_bc0e6dc957.npz,a,vn/bang-chu-cai/a
c92345f6b1,49ab9b7a-4a36-41ca-acea-92da53adc53c,a,A,vn,bang-chu-cai,camera,Minh,1780807279811,,,60,0,None,/dataset/features/vn/bang-chu-cai/class_a_49ab9b7a/sample_c92345f6b1.npz,features/vn/bang-chu-cai/class_a_49ab9b7a/sample_c92345f6b1.npz,https://drive.google.com/file/d/1xFFOeiz3LZXrMB5sPWouhn4cFRz7MgFj/view,,2026-06-07T04:48:49.918535Z,c92345f6b1,20,class_a_49ab9b7a,sample_c92345f6b1.npz,a,vn/bang-chu-cai/a
98ab1c2830,49ab9b7a-4a36-41ca-acea-92da53adc53c,a,A,vn,bang-chu-cai,camera,Trân,1778824957715,,,60,0,None,https://drive.google.com/file/d/1_JAc6Qm-IHMtfcE84lJrwt_vQ_V3xEOY/view,features/vn/bang-chu-cai/class_a_49ab9b7a/sample_98ab1c2830.npz,https://drive.google.com/file/d/1mQvaLU1TqhuHYqUD_8KG-QRtfopdJMNH/view,,2026-05-15T05:14:38.397876Z,98ab1c2830,20,class_a_49ab9b7a,sample_98ab1c2830.npz,a,vn/bang-chu-cai/a
192a159440,49ab9b7a-4a36-41ca-acea-92da53adc53c,a,A,vn,bang-chu-cai,camera,Tran,1780807279811,,,60,0,None,/dataset/features/vn/bang-chu-cai/class_a_49ab9b7a/sample_192a159440.npz,features/vn/bang-chu-cai/class_a_49ab9b7a/sample_192a159440.npz,https://drive.google.com/file/d/1H7aRhRLWV2iqHUTpPq_r1qqGdRsN1Ik5/view,,2026-06-07T04:50:24.940267Z,192a159440,20,class_a_49ab9b7a,sample_192a159440.npz,a,vn/bang-chu-cai/a
63f1bb65b9,49ab9b7a-4a36-41ca-acea-92da53adc53c,a,A,vn,bang-chu-cai,camera,Minh,1780807005353,,,60,0,None,/dataset/features/vn/bang-chu-cai/class_a_49ab9b7a/sample_63f1bb65b9.npz,features/vn/bang-chu-cai/class_a_49ab9b7a/sample_63f1bb65b9.npz,https://drive.google.com/file/d/1UkbvXfZEmui5XnjxV6ElkNuA1UP1Jfwr/view,,2026-06-07T04:37:52.269568Z,63f1bb65b9,20,class_a_49ab9b7a,sample_63f1bb65b9.npz,a,vn/bang-chu-cai/a
d0b2f1c61a,49ab9b7a-4a36-41ca-acea-92da53adc53c,a,A,vn,bang-chu-cai,camera,Tran,1780807279811,,,60,0,None,/dataset/features/vn/bang-chu-cai/class_a_49ab9b7a/sample_d0b2f1c61a.npz,features/vn/bang-chu-cai/class_a_49ab9b7a/sample_d0b2f1c61a.npz,https://drive.google.com/file/d/1u2Pmi_sZEGksA2yDWYFdv3zZELW6PRGy/view,,2026-06-07T04:51:10.323817Z,d0b2f1c61a,20,class_a_49ab9b7a,sample_d0b2f1c61a.npz,a,vn/bang-chu-cai/a
0aec2d1f02,49ab9b7a-4a36-41ca-acea-92da53adc53c,a,A,vn,bang-chu-cai,camera,Minh,1780807279811,,,60,0,None,/dataset/features/vn/bang-chu-cai/class_a_49ab9b7a/sample_0aec2d1f02.npz,features/vn/bang-chu-cai/class_a_49ab9b7a/sample_0aec2d1f02.npz,https://drive.google.com/file/d/1r_Wu0ESX0FTwfEpwbSWB6gedoEWvRa0K/view,,2026-06-07T04:46:59.413242Z,0aec2d1f02,20,class_a_49ab9b7a,sample_0aec2d1f02.npz,a,vn/bang-chu-cai/a
39075f522d,49ab9b7a-4a36-41ca-acea-92da53adc53c,a,A,vn,bang-chu-cai,camera,Trân,1778824957715,,,60,0,None,https://drive.google.com/file/d/1Ops4V2vwLmk8z_7RUFv-_67uen3Obn2Y/view,features/vn/bang-chu-cai/class_a_49ab9b7a/sample_39075f522d.npz,https://drive.google.com/file/d/1cETAza7RU_-g2wP6pz-m7Q89PtcnVcnP/view,,2026-05-15T04:59:38.073152Z,39075f522d,20,class_a_49ab9b7a,sample_39075f522d.npz,a,vn/bang-chu-cai/a
6deae7e0f9,49ab9b7a-4a36-41ca-acea-92da53adc53c,a,A,vn,bang-chu-cai,camera,Trân,1778824957715,,,60,0,None,https://drive.google.com/file/d/1mG9uHN5SXYs2YtjKi8rmlHOCRCtXnYfJ/view,features/vn/bang-chu-cai/class_a_49ab9b7a/sample_6deae7e0f9.npz,https://drive.google.com/file/d/1V2Ou2vv69RWM7lo2Ph5xeGVniIAe-Zt2/view,,2026-05-15T05:15:43.730226Z,6deae7e0f9,20,class_a_49ab9b7a,sample_6deae7e0f9.npz,a,vn/bang-chu-cai/a
95a2eab09d,49ab9b7a-4a36-41ca-acea-92da53adc53c,a,A,vn,bang-chu-cai,camera,Minh,1780807279811,,,60,0,None,/dataset/features/vn/bang-chu-cai/class_a_49ab9b7a/sample_95a2eab09d.npz,features/vn/bang-chu-cai/class_a_49ab9b7a/sample_95a2eab09d.npz,https://drive.google.com/file/d/1OJy8elJJ2eNOOLJPHdYmt3OyAgN1rDqT/view,,2026-06-07T04:46:38.468869Z,95a2eab09d,20,class_a_49ab9b7a,sample_95a2eab09d.npz,a,vn/bang-chu-cai/a
448430bb6f,49ab9b7a-4a36-41ca-acea-92da53adc53c,a,A,vn,bang-chu-cai,camera,Trân,1778824957715,,,60,0,None,https://drive.google.com/file/d/1lJoXIruwfpd1y1S4T38hSGAAdvB9YaGx/view,features/vn/bang-chu-cai/class_a_49ab9b7a/sample_448430bb6f.npz,https://drive.google.com/file/d/1LEaE2-MjbjBWQ0BPT0CuSVbyDVvgIENW/view,,2026-05-15T04:54:51.872563Z,448430bb6f,20,class_a_49ab9b7a,sample_448430bb6f.npz,a,vn/bang-chu-cai/a
e1dffce576,49ab9b7a-4a36-41ca-acea-92da53adc53c,a,A,vn,bang-chu-cai,camera,Trân,1778824957715,,,60,0,None,https://drive.google.com/file/d/1DRkeA-_5iDZX1xfoAfOUyMYgXQuYWL01/view,features/vn/bang-chu-cai/class_a_49ab9b7a/sample_e1dffce576.npz,https://drive.google.com/file/d/1PWLXcB4oMYAkndgl5YO3vGSBWiATbn4l/view,,2026-05-15T04:55:22.937684Z,e1dffce576,20,class_a_49ab9b7a,sample_e1dffce576.npz,a,vn/bang-chu-cai/a
48ea947175,49ab9b7a-4a36-41ca-acea-92da53adc53c,a,A,vn,bang-chu-cai,camera,Minh,1778824957715,,,60,0,None,https://drive.google.com/file/d/1JClWLrrz_K3Nvj95RpauwcGGW8gV8HCO/view,features/vn/bang-chu-cai/class_a_49ab9b7a/sample_48ea947175.npz,https://drive.google.com/file/d/1gykVAyOOYZK_h5WCfIbC_utzep9rRztf/view,,2026-05-15T05:16:26.960855Z,48ea947175,20,class_a_49ab9b7a,sample_48ea947175.npz,a,vn/bang-chu-cai/a
133ebeb46e,49ab9b7a-4a36-41ca-acea-92da53adc53c,a,A,vn,bang-chu-cai,camera,Minh,1780807279811,,,60,0,None,/dataset/features/vn/bang-chu-cai/class_a_49ab9b7a/sample_133ebeb46e.npz,features/vn/bang-chu-cai/class_a_49ab9b7a/sample_133ebeb46e.npz,https://drive.google.com/file/d/196HOT3BY9E_nKMYt32PrplKltfrWnpXC/view,,2026-06-07T04:47:10.111942Z,133ebeb46e,20,class_a_49ab9b7a,sample_133ebeb46e.npz,a,vn/bang-chu-cai/a
140a75639a,49ab9b7a-4a36-41ca-acea-92da53adc53c,a,A,vn,bang-chu-cai,camera,user1,1778824957715,,,60,0,None,https://drive.google.com/file/d/12Zw9cIalBdk5C7N3futUz14AEI5_dQ77/view,features/vn/bang-chu-cai/class_a_49ab9b7a/sample_140a75639a.npz,https://drive.google.com/file/d/15IEAybg3pUSqGS5NoTgUdoeO0YSZvs0u/view,,2026-05-15T04:53:42.185522Z,140a75639a,20,class_a_49ab9b7a,sample_140a75639a.npz,a,vn/bang-chu-cai/a
ab95dee730,49ab9b7a-4a36-41ca-acea-92da53adc53c,a,A,vn,bang-chu-cai,camera,Minh,1780807005353,,,60,0,None,/dataset/features/vn/bang-chu-cai/class_a_49ab9b7a/sample_ab95dee730.npz,features/vn/bang-chu-cai/class_a_49ab9b7a/sample_ab95dee730.npz,https://drive.google.com/file/d/1gU8BHjpFEk-uOt0Go35Gi3CdCqudhdKt/view,,2026-06-07T04:37:41.657793Z,ab95dee730,20,class_a_49ab9b7a,sample_ab95dee730.npz,a,vn/bang-chu-cai/a
8ba7dfcba5,49ab9b7a-4a36-41ca-acea-92da53adc53c,a,A,vn,bang-chu-cai,camera,Minh,1780807279811,,,60,0,None,/dataset/features/vn/bang-chu-cai/class_a_49ab9b7a/sample_8ba7dfcba5.npz,features/vn/bang-chu-cai/class_a_49ab9b7a/sample_8ba7dfcba5.npz,https://drive.google.com/file/d/1LWBGhncaD1FNj09V7bds64HyYip2otDj/view,,2026-06-07T04:44:27.696664Z,8ba7dfcba5,20,class_a_49ab9b7a,sample_8ba7dfcba5.npz,a,vn/bang-chu-cai/a
eecb4b2b19,49ab9b7a-4a36-41ca-acea-92da53adc53c,a,A,vn,bang-chu-cai,camera,Minh,1780807279811,,,60,0,None,/dataset/features/vn/bang-chu-cai/class_a_49ab9b7a/sample_eecb4b2b19.npz,features/vn/bang-chu-cai/class_a_49ab9b7a/sample_eecb4b2b19.npz,https://drive.google.com/file/d/1cfTIPcurExp6a_XXXqrv2bdkNYSkWORF/view,,2026-06-07T04:49:00.156540Z,eecb4b2b19,20,class_a_49ab9b7a,sample_eecb4b2b19.npz,a,vn/bang-chu-cai/a
231189fe94,49ab9b7a-4a36-41ca-acea-92da53adc53c,a,A,vn,bang-chu-cai,camera,Tran,1780807279811,,,60,0,None,/dataset/features/vn/bang-chu-cai/class_a_49ab9b7a/sample_231189fe94.npz,features/vn/bang-chu-cai/class_a_49ab9b7a/sample_231189fe94.npz,https://drive.google.com/file/d/115Ha1qlZYP-5OabwM3a7iMXPGJd6t0sB/view,,2026-06-07T04:52:55.519423Z,231189fe94,20,class_a_49ab9b7a,sample_231189fe94.npz,a,vn/bang-chu-cai/a
f1179cccfa,49ab9b7a-4a36-41ca-acea-92da53adc53c,a,A,vn,bang-chu-cai,camera,Minh,1780807005353,,,60,0,None,/dataset/features/vn/bang-chu-cai/class_a_49ab9b7a/sample_f1179cccfa.npz,features/vn/bang-chu-cai/class_a_49ab9b7a/sample_f1179cccfa.npz,https://drive.google.com/file/d/1s6B6B6955Q0_hE0WPFEeAo791b-bF92w/view,,2026-06-07T04:37:19.683178Z,f1179cccfa,20,class_a_49ab9b7a,sample_f1179cccfa.npz,a,vn/bang-chu-cai/a
443542032c,49ab9b7a-4a36-41ca-acea-92da53adc53c,a,A,vn,bang-chu-cai,camera,Trân,1778824957715,,,60,0,None,https://drive.google.com/file/d/1JdU3s_brHSe8jE3vp80cIVBxQ0ady6ce/view,features/vn/bang-chu-cai/class_a_49ab9b7a/sample_443542032c.npz,https://drive.google.com/file/d/1DFLqk-TyW4mFauosaEGIbjNLAA9w8Q4J/view,,2026-05-15T05:14:23.811054Z,443542032c,20,class_a_49ab9b7a,sample_443542032c.npz,a,vn/bang-chu-cai/a
e50e7c6c85,49ab9b7a-4a36-41ca-acea-92da53adc53c,a,A,vn,bang-chu-cai,camera,Minh,1780807279811,,,60,0,None,/dataset/features/vn/bang-chu-cai/class_a_49ab9b7a/sample_e50e7c6c85.npz,features/vn/bang-chu-cai/class_a_49ab9b7a/sample_e50e7c6c85.npz,https://drive.google.com/file/d/1K6Hf6jgWfMdb8Fg9pLCzAPYfut3SlJw1/view,,2026-06-07T04:43:31.994481Z,e50e7c6c85,20,class_a_49ab9b7a,sample_e50e7c6c85.npz,a,vn/bang-chu-cai/a
82e00613f7,49ab9b7a-4a36-41ca-acea-92da53adc53c,a,A,vn,bang-chu-cai,camera,Minh,1778824957715,,,60,0,None,https://drive.google.com/file/d/1hBaD4FJYEFXz2ffrZKPlqCcNp-RYj-QN/view,features/vn/bang-chu-cai/class_a_49ab9b7a/sample_82e00613f7.npz,https://drive.google.com/file/d/1e2SZyxGwEV37HvnVgb67FR6nY5tZ3vbd/view,,2026-05-15T05:39:27.382933Z,82e00613f7,20,class_a_49ab9b7a,sample_82e00613f7.npz,a,vn/bang-chu-cai/a
43b1dfbfdf,49ab9b7a-4a36-41ca-acea-92da53adc53c,a,A,vn,bang-chu-cai,camera,Trân,1778824957715,,,60,0,None,https://drive.google.com/file/d/1L1Q4HS4mGYCHEhAdvjRcvq23owu6CxuZ/view,features/vn/bang-chu-cai/class_a_49ab9b7a/sample_43b1dfbfdf.npz,https://drive.google.com/file/d/1Fnwr5cgfQrMwJzRi5mQXTVFquvwjd-2S/view,,2026-05-15T05:00:07.194637Z,43b1dfbfdf,20,class_a_49ab9b7a,sample_43b1dfbfdf.npz,a,vn/bang-chu-cai/a
aa8fa29e33,60bed4e1-4f2f-4526-ad75-a4501ee58a85,b,B,vn,bang-chu-cai,camera,Minh,1778824957715,,,60,0,None,https://drive.google.com/file/d/1a7Yax-mBEBYMmslZyEPPK8pmm9zYtyD8/view,features/vn/bang-chu-cai/class_b_60bed4e1/sample_aa8fa29e33.npz,https://drive.google.com/file/d/1JdU3s_brHSe8jE3vp80cIVBxQ0ady6ce/view,,2026-05-15T06:30:39.228012Z,aa8fa29e33,21,class_b_60bed4e1,sample_aa8fa29e33.npz,b,vn/bang-chu-cai/b
8201fdade3,60bed4e1-4f2f-4526-ad75-a4501ee58a85,b,B,vn,bang-chu-cai,camera,Minh,1780808569903,,,60,0,None,/dataset/features/vn/bang-chu-cai/class_b_60bed4e1/sample_8201fdade3.npz,features/vn/bang-chu-cai/class_b_60bed4e1/sample_8201fdade3.npz,https://drive.google.com/file/d/1D54hZ28OojlEcGR4BdF5ymSBX_Sah9pz/view,,2026-06-07T05:03:20.462750Z,8201fdade3,21,class_b_60bed4e1,sample_8201fdade3.npz,b,vn/bang-chu-cai/b
e72f18a203,60bed4e1-4f2f-4526-ad75-a4501ee58a85,b,B,vn,bang-chu-cai,camera,Tran,1780808569903,,,60,0,None,/dataset/features/vn/bang-chu-cai/class_b_60bed4e1/sample_e72f18a203.npz,features/vn/bang-chu-cai/class_b_60bed4e1/sample_e72f18a203.npz,https://drive.google.com/file/d/1-Mw-Bgnfhafu3CkwQO0rSLBd0h_1Nzk7/view,,2026-06-07T05:08:30.919690Z,e72f18a203,21,class_b_60bed4e1,sample_e72f18a203.npz,b,vn/bang-chu-cai/b
33e253bd3f,60bed4e1-4f2f-4526-ad75-a4501ee58a85,b,B,vn,bang-chu-cai,camera,Trân,1778824957715,,,60,0,None,https://drive.google.com/file/d/1Y7H77bv4X7fqbtcyxgVb11yhyFbO9orK/view,features/vn/bang-chu-cai/class_b_60bed4e1/sample_33e253bd3f.npz,https://drive.google.com/file/d/1i7kH7zqBol_o5hDsK8crypGuq16N8SNm/view,,2026-05-15T06:27:50.616349Z,33e253bd3f,21,class_b_60bed4e1,sample_33e253bd3f.npz,b,vn/bang-chu-cai/b
6b6a2463be,60bed4e1-4f2f-4526-ad75-a4501ee58a85,b,B,vn,bang-chu-cai,camera,Minh,1780808569903,,,60,0,None,/dataset/features/vn/bang-chu-cai/class_b_60bed4e1/sample_6b6a2463be.npz,features/vn/bang-chu-cai/class_b_60bed4e1/sample_6b6a2463be.npz,https://drive.google.com/file/d/1r6BUaMB2bZPGqmyoinFxPWvSyBFrrnu2/view,,2026-06-07T05:04:22.746248Z,6b6a2463be,21,class_b_60bed4e1,sample_6b6a2463be.npz,b,vn/bang-chu-cai/b
7bda97d300,60bed4e1-4f2f-4526-ad75-a4501ee58a85,b,B,vn,bang-chu-cai,camera,Minh,1780808569903,,,60,0,None,/dataset/features/vn/bang-chu-cai/class_b_60bed4e1/sample_7bda97d300.npz,features/vn/bang-chu-cai/class_b_60bed4e1/sample_7bda97d300.npz,https://drive.google.com/file/d/1j55d2iAeXTFx5CWyaE0_zrI5gvIvfZB1/view,,2026-06-07T05:04:33.245195Z,7bda97d300,21,class_b_60bed4e1,sample_7bda97d300.npz,b,vn/bang-chu-cai/b
e737a8a2ed,60bed4e1-4f2f-4526-ad75-a4501ee58a85,b,B,vn,bang-chu-cai,camera,Tran,1780808569903,,,60,0,None,/dataset/features/vn/bang-chu-cai/class_b_60bed4e1/sample_e737a8a2ed.npz,features/vn/bang-chu-cai/class_b_60bed4e1/sample_e737a8a2ed.npz,https://drive.google.com/file/d/13dn4Z6tWdpYS82Jlqq-bV_IP1eT_z8e9/view,,2026-06-07T05:08:20.110034Z,e737a8a2ed,21,class_b_60bed4e1,sample_e737a8a2ed.npz,b,vn/bang-chu-cai/b
fb7d8fd61c,60bed4e1-4f2f-4526-ad75-a4501ee58a85,b,B,vn,bang-chu-cai,camera,Trân,1778824957715,,,60,0,None,https://drive.google.com/file/d/1mmIqlxr_Zg2HLVLQEZTxCMjGqKdNHtOM/view,features/vn/bang-chu-cai/class_b_60bed4e1/sample_fb7d8fd61c.npz,https://drive.google.com/file/d/1TADznjte2NdZepX62BMK_9DTbApaglws/view,,2026-05-15T06:03:06.080596Z,fb7d8fd61c,21,class_b_60bed4e1,sample_fb7d8fd61c.npz,b,vn/bang-chu-cai/b
b6c9d44670,60bed4e1-4f2f-4526-ad75-a4501ee58a85,b,B,vn,bang-chu-cai,camera,Minh,1780808569903,,,60,0,None,/dataset/features/vn/bang-chu-cai/class_b_60bed4e1/sample_b6c9d44670.npz,features/vn/bang-chu-cai/class_b_60bed4e1/sample_b6c9d44670.npz,https://drive.google.com/file/d/17oLJO-SiBhl96R4DbcdmftpPJaF5k-NI/view,,2026-06-07T05:04:01.931808Z,b6c9d44670,21,class_b_60bed4e1,sample_b6c9d44670.npz,b,vn/bang-chu-cai/b
7ac1555fb0,60bed4e1-4f2f-4526-ad75-a4501ee58a85,b,B,vn,bang-chu-cai,camera,Tran,1780808569903,,,60,0,None,/dataset/features/vn/bang-chu-cai/class_b_60bed4e1/sample_7ac1555fb0.npz,features/vn/bang-chu-cai/class_b_60bed4e1/sample_7ac1555fb0.npz,https://drive.google.com/file/d/15tWNmUWxt_mbxqnY72_DQM1LwMvKGnpV/view,,2026-06-07T05:07:58.863792Z,7ac1555fb0,21,class_b_60bed4e1,sample_7ac1555fb0.npz,b,vn/bang-chu-cai/b
2cb33773f3,60bed4e1-4f2f-4526-ad75-a4501ee58a85,b,B,vn,bang-chu-cai,camera,Tran,1780808569903,,,60,0,None,/dataset/features/vn/bang-chu-cai/class_b_60bed4e1/sample_2cb33773f3.npz,features/vn/bang-chu-cai/class_b_60bed4e1/sample_2cb33773f3.npz,https://drive.google.com/file/d/1u2NdI2zSg9ubuxi-NyLu1nvmmCObgfs5/view,,2026-06-07T05:10:08.392020Z,2cb33773f3,21,class_b_60bed4e1,sample_2cb33773f3.npz,b,vn/bang-chu-cai/b
b20697939f,60bed4e1-4f2f-4526-ad75-a4501ee58a85,b,B,vn,bang-chu-cai,camera,Minh,1778824957715,,,60,0,None,https://drive.google.com/file/d/1o9PqWMAI7ysUaAOBDRh6jU0ec0I3A7y9/view,features/vn/bang-chu-cai/class_b_60bed4e1/sample_b20697939f.npz,https://drive.google.com/file/d/1D2N_Tq3ldAtsYz2BeWIaA-lXnGgChcS0/view,,2026-05-15T06:31:44.786274Z,b20697939f,21,class_b_60bed4e1,sample_b20697939f.npz,b,vn/bang-chu-cai/b
c5bab7c71d,60bed4e1-4f2f-4526-ad75-a4501ee58a85,b,B,vn,bang-chu-cai,camera,Tran,1780808569903,,,60,0,None,/dataset/features/vn/bang-chu-cai/class_b_60bed4e1/sample_c5bab7c71d.npz,features/vn/bang-chu-cai/class_b_60bed4e1/sample_c5bab7c71d.npz,https://drive.google.com/file/d/1zFLUpY5pnwt3gxlzEXXXDjdrQxBqO3mN/view,,2026-06-07T05:08:09.764709Z,c5bab7c71d,21,class_b_60bed4e1,sample_c5bab7c71d.npz,b,vn/bang-chu-cai/b
c84a4f5eb8,60bed4e1-4f2f-4526-ad75-a4501ee58a85,b,B,vn,bang-chu-cai,camera,Minh,1780808569903,,,60,0,None,/dataset/features/vn/bang-chu-cai/class_b_60bed4e1/sample_c84a4f5eb8.npz,features/vn/bang-chu-cai/class_b_60bed4e1/sample_c84a4f5eb8.npz,https://drive.google.com/file/d/1yNmSlDiiEnD323gJEnKGuODpTlGgSny_/view,,2026-06-07T05:04:54.143021Z,c84a4f5eb8,21,class_b_60bed4e1,sample_c84a4f5eb8.npz,b,vn/bang-chu-cai/b
a9227c063b,60bed4e1-4f2f-4526-ad75-a4501ee58a85,b,B,vn,bang-chu-cai,camera,Trân,1778824957715,,,60,0,None,https://drive.google.com/file/d/14OfM6t9_YmFZi4DPHUArd3NpK9JgOxqQ/view,features/vn/bang-chu-cai/class_b_60bed4e1/sample_a9227c063b.npz,https://drive.google.com/file/d/1Ops4V2vwLmk8z_7RUFv-_67uen3Obn2Y/view,,2026-05-15T06:29:18.817206Z,a9227c063b,21,class_b_60bed4e1,sample_a9227c063b.npz,b,vn/bang-chu-cai/b
ff5bbd72c5,60bed4e1-4f2f-4526-ad75-a4501ee58a85,b,B,vn,bang-chu-cai,camera,Minh,1778824957715,,,60,0,None,https://drive.google.com/file/d/1MLIQITx3T9eIx7nhRAW4Z-UJ1pekLuN8/view,features/vn/bang-chu-cai/class_b_60bed4e1/sample_ff5bbd72c5.npz,https://drive.google.com/file/d/1mG9uHN5SXYs2YtjKi8rmlHOCRCtXnYfJ/view,,2026-05-15T06:31:14.175884Z,ff5bbd72c5,21,class_b_60bed4e1,sample_ff5bbd72c5.npz,b,vn/bang-chu-cai/b
0af7b2068c,60bed4e1-4f2f-4526-ad75-a4501ee58a85,b,B,vn,bang-chu-cai,camera,Trân,1778824957715,,,60,0,None,https://drive.google.com/file/d/1dNnAt0FjdSkOIdO3rGZx6VhMn7Bh4j5B/view,features/vn/bang-chu-cai/class_b_60bed4e1/sample_0af7b2068c.npz,https://drive.google.com/file/d/1Ma7jk7H4UxlGRzlzNWkR6z4bvNFMqFd8/view,,2026-05-15T06:29:53.998658Z,0af7b2068c,21,class_b_60bed4e1,sample_0af7b2068c.npz,b,vn/bang-chu-cai/b
7c2443cc25,60bed4e1-4f2f-4526-ad75-a4501ee58a85,b,B,vn,bang-chu-cai,camera,Trân,1778824957715,,,60,0,None,https://drive.google.com/file/d/1KViFg6cvGLMJQ7Zt3GrwykbAGanRSb59/view,features/vn/bang-chu-cai/class_b_60bed4e1/sample_7c2443cc25.npz,https://drive.google.com/file/d/1vExqvcyQZRnGI6BFWci735n6uok8fjGM/view,,2026-05-15T06:03:54.073699Z,7c2443cc25,21,class_b_60bed4e1,sample_7c2443cc25.npz,b,vn/bang-chu-cai/b
d5ac26aa03,60bed4e1-4f2f-4526-ad75-a4501ee58a85,b,B,vn,bang-chu-cai,camera,Tran,1780808569903,,,60,0,None,/dataset/features/vn/bang-chu-cai/class_b_60bed4e1/sample_d5ac26aa03.npz,features/vn/bang-chu-cai/class_b_60bed4e1/sample_d5ac26aa03.npz,https://drive.google.com/file/d/15jjTOafzfjXitA0MpYr_Z8vHRsPu8jtC/view,,2026-06-07T05:10:40.174345Z,d5ac26aa03,21,class_b_60bed4e1,sample_d5ac26aa03.npz,b,vn/bang-chu-cai/b
0f0cc07924,60bed4e1-4f2f-4526-ad75-a4501ee58a85,b,B,vn,bang-chu-cai,camera,Minh,1780808569903,,,60,0,None,/dataset/features/vn/bang-chu-cai/class_b_60bed4e1/sample_0f0cc07924.npz,features/vn/bang-chu-cai/class_b_60bed4e1/sample_0f0cc07924.npz,https://drive.google.com/file/d/1JfN6kw3e7q1QE0ZEYN0P128vTXl2oGB5/view,,2026-06-07T05:06:56.716153Z,0f0cc07924,21,class_b_60bed4e1,sample_0f0cc07924.npz,b,vn/bang-chu-cai/b
a45c72516f,60bed4e1-4f2f-4526-ad75-a4501ee58a85,b,B,vn,bang-chu-cai,camera,Minh,1780808569903,,,60,0,None,/dataset/features/vn/bang-chu-cai/class_b_60bed4e1/sample_a45c72516f.npz,features/vn/bang-chu-cai/class_b_60bed4e1/sample_a45c72516f.npz,https://drive.google.com/file/d/1z4tfGgIqLQamhmy56o5swpYiD3OwTEHP/view,,2026-06-07T05:03:51.641263Z,a45c72516f,21,class_b_60bed4e1,sample_a45c72516f.npz,b,vn/bang-chu-cai/b
339b0b6735,60bed4e1-4f2f-4526-ad75-a4501ee58a85,b,B,vn,bang-chu-cai,camera,Minh,1780808569903,,,60,0,None,/dataset/features/vn/bang-chu-cai/class_b_60bed4e1/sample_339b0b6735.npz,features/vn/bang-chu-cai/class_b_60bed4e1/sample_339b0b6735.npz,https://drive.google.com/file/d/1wDNxu3OVsQOOcQbm7eYWUkabcUpklXKA/view,,2026-06-07T05:03:41.255880Z,339b0b6735,21,class_b_60bed4e1,sample_339b0b6735.npz,b,vn/bang-chu-cai/b
c625bffafd,60bed4e1-4f2f-4526-ad75-a4501ee58a85,b,B,vn,bang-chu-cai,camera,Minh,1780808569903,,,60,0,None,/dataset/features/vn/bang-chu-cai/class_b_60bed4e1/sample_c625bffafd.npz,features/vn/bang-chu-cai/class_b_60bed4e1/sample_c625bffafd.npz,https://drive.google.com/file/d/1uJqk1xASMWJdlAUYgXcDpA4Alnu-jqM5/view,,2026-06-07T05:07:07.140426Z,c625bffafd,21,class_b_60bed4e1,sample_c625bffafd.npz,b,vn/bang-chu-cai/b
7e3a0d8f87,60bed4e1-4f2f-4526-ad75-a4501ee58a85,b,B,vn,bang-chu-cai,camera,Minh,1780808569903,,,60,0,None,/dataset/features/vn/bang-chu-cai/class_b_60bed4e1/sample_7e3a0d8f87.npz,features/vn/bang-chu-cai/class_b_60bed4e1/sample_7e3a0d8f87.npz,https://drive.google.com/file/d/1m3CWQnrSNrhrnZOMFOo7SIfLyMycDsHh/view,,2026-06-07T05:05:46.825506Z,7e3a0d8f87,21,class_b_60bed4e1,sample_7e3a0d8f87.npz,b,vn/bang-chu-cai/b
bc64271b66,60bed4e1-4f2f-4526-ad75-a4501ee58a85,b,B,vn,bang-chu-cai,camera,Trân,1778824957715,,,60,0,None,https://drive.google.com/file/d/1KoEkC1XXHrEXzlROasbp6hkPWXKwmt0y/view,features/vn/bang-chu-cai/class_b_60bed4e1/sample_bc64271b66.npz,https://drive.google.com/file/d/1m-lAyedlSoutnPn-PB1nuqqvA0r5Gn0e/view,,2026-05-15T06:03:42.305592Z,bc64271b66,21,class_b_60bed4e1,sample_bc64271b66.npz,b,vn/bang-chu-cai/b
87bfeb570a,60bed4e1-4f2f-4526-ad75-a4501ee58a85,b,B,vn,bang-chu-cai,camera,Minh,1778824957715,,,60,0,None,https://drive.google.com/file/d/10Yj91ESvBPFqa5UqsGBfEJhjKyLm4rcT/view,features/vn/bang-chu-cai/class_b_60bed4e1/sample_87bfeb570a.npz,https://drive.google.com/file/d/1YtWztNoi5q2By8g9ZednVdeaW2c0OfiJ/view,,2026-05-15T06:32:45.942195Z,87bfeb570a,21,class_b_60bed4e1,sample_87bfeb570a.npz,b,vn/bang-chu-cai/b
03f9371340,60bed4e1-4f2f-4526-ad75-a4501ee58a85,b,B,vn,bang-chu-cai,camera,Minh,1780808569903,,,60,0,None,/dataset/features/vn/bang-chu-cai/class_b_60bed4e1/sample_03f9371340.npz,features/vn/bang-chu-cai/class_b_60bed4e1/sample_03f9371340.npz,https://drive.google.com/file/d/1pep570GZc_tzSlTE55i3ptzExhJScS35/view,,2026-06-07T05:07:27.760494Z,03f9371340,21,class_b_60bed4e1,sample_03f9371340.npz,b,vn/bang-chu-cai/b
8e5ef25ace,60bed4e1-4f2f-4526-ad75-a4501ee58a85,b,B,vn,bang-chu-cai,camera,Minh,1778824957715,,,60,0,None,https://drive.google.com/file/d/14QAi4oxbFdpnlmP_uKVYrC-PmHax11ak/view,features/vn/bang-chu-cai/class_b_60bed4e1/sample_8e5ef25ace.npz,https://drive.google.com/file/d/1tf6J1gwokYH6qGJsiIlmv1vc4TJ4V6Y2/view,,2026-05-15T06:30:27.807631Z,8e5ef25ace,21,class_b_60bed4e1,sample_8e5ef25ace.npz,b,vn/bang-chu-cai/b
e151ed2d2b,60bed4e1-4f2f-4526-ad75-a4501ee58a85,b,B,vn,bang-chu-cai,camera,Tran,1780808569903,,,60,0,None,/dataset/features/vn/bang-chu-cai/class_b_60bed4e1/sample_e151ed2d2b.npz,features/vn/bang-chu-cai/class_b_60bed4e1/sample_e151ed2d2b.npz,https://drive.google.com/file/d/1ctvSCPZtKHeB74i_Veje6RlKwvVSdDo-/view,,2026-06-07T05:10:29.553280Z,e151ed2d2b,21,class_b_60bed4e1,sample_e151ed2d2b.npz,b,vn/bang-chu-cai/b
6e47c4ede5,60bed4e1-4f2f-4526-ad75-a4501ee58a85,b,B,vn,bang-chu-cai,camera,Minh,1780808569903,,,60,0,None,/dataset/features/vn/bang-chu-cai/class_b_60bed4e1/sample_6e47c4ede5.npz,features/vn/bang-chu-cai/class_b_60bed4e1/sample_6e47c4ede5.npz,https://drive.google.com/file/d/1XQY0kqJmb0FQyE5HJGlLKFu2CS2pAPID/view,,2026-06-07T05:05:04.452423Z,6e47c4ede5,21,class_b_60bed4e1,sample_6e47c4ede5.npz,b,vn/bang-chu-cai/b
ad006cd691,60bed4e1-4f2f-4526-ad75-a4501ee58a85,b,B,vn,bang-chu-cai,camera,Trân,1778824957715,,,60,0,None,https://drive.google.com/file/d/1t_F9qtiGbjMuOoVa2warKcnHpmavElCO/view,features/vn/bang-chu-cai/class_b_60bed4e1/sample_ad006cd691.npz,https://drive.google.com/file/d/10GPozr7gBX4gR86dPjcBTyIzrbeouN_8/view,,2026-05-15T06:27:28.131336Z,ad006cd691,21,class_b_60bed4e1,sample_ad006cd691.npz,b,vn/bang-chu-cai/b
b70d031b25,60bed4e1-4f2f-4526-ad75-a4501ee58a85,b,B,vn,bang-chu-cai,camera,Trân,1778824957715,,,60,0,None,https://drive.google.com/file/d/15a1Nj7fVCeqXE3JPeQA3yJLzC7GVt58m/view,features/vn/bang-chu-cai/class_b_60bed4e1/sample_b70d031b25.npz,https://drive.google.com/file/d/16Y2YRBuF_5CGMDnN2LLpQ1dAqaAHB1Js/view,,2026-05-15T06:30:05.913901Z,b70d031b25,21,class_b_60bed4e1,sample_b70d031b25.npz,b,vn/bang-chu-cai/b
8ea27d58a2,60bed4e1-4f2f-4526-ad75-a4501ee58a85,b,B,vn,bang-chu-cai,camera,Tran,1780808569903,,,60,0,None,/dataset/features/vn/bang-chu-cai/class_b_60bed4e1/sample_8ea27d58a2.npz,features/vn/bang-chu-cai/class_b_60bed4e1/sample_8ea27d58a2.npz,https://drive.google.com/file/d/10yKfPFAHVGleNQL-TVQmAMsz9Dr9zBCW/view,,2026-06-07T05:10:18.758086Z,8ea27d58a2,21,class_b_60bed4e1,sample_8ea27d58a2.npz,b,vn/bang-chu-cai/b
3c94c2dbeb,60bed4e1-4f2f-4526-ad75-a4501ee58a85,b,B,vn,bang-chu-cai,camera,Trân,1778824957715,,,60,0,None,https://drive.google.com/file/d/1cFgn9AbtZdxSAKSj1Vx8HiaNJstTaGbt/view,features/vn/bang-chu-cai/class_b_60bed4e1/sample_3c94c2dbeb.npz,https://drive.google.com/file/d/12Zw9cIalBdk5C7N3futUz14AEI5_dQ77/view,,2026-05-15T06:03:30.189652Z,3c94c2dbeb,21,class_b_60bed4e1,sample_3c94c2dbeb.npz,b,vn/bang-chu-cai/b
c082e30aac,60bed4e1-4f2f-4526-ad75-a4501ee58a85,b,B,vn,bang-chu-cai,camera,Minh,1778824957715,,,60,0,None,https://drive.google.com/file/d/1_SfnNwIT4SdX6_LJBWz21yqZFWzCBXKr/view,features/vn/bang-chu-cai/class_b_60bed4e1/sample_c082e30aac.npz,https://drive.google.com/file/d/1rxqmDtSp4nW4BD6D4CCrY3GM8oRTw4I_/view,,2026-05-15T06:32:18.667453Z,c082e30aac,21,class_b_60bed4e1,sample_c082e30aac.npz,b,vn/bang-chu-cai/b
af203fdb67,60bed4e1-4f2f-4526-ad75-a4501ee58a85,b,B,vn,bang-chu-cai,camera,Trân,1778824957715,,,60,0,None,https://drive.google.com/file/d/1ikClwMYw7D8SKLRbEnHZvlGy8d2ZqxXy/view,features/vn/bang-chu-cai/class_b_60bed4e1/sample_af203fdb67.npz,https://drive.google.com/file/d/1DRkeA-_5iDZX1xfoAfOUyMYgXQuYWL01/view,,2026-05-15T06:27:38.574742Z,af203fdb67,21,class_b_60bed4e1,sample_af203fdb67.npz,b,vn/bang-chu-cai/b
e22a4e1268,60bed4e1-4f2f-4526-ad75-a4501ee58a85,b,B,vn,bang-chu-cai,camera,Trân,1778824957715,,,60,0,None,https://drive.google.com/file/d/1wEC37r8YEwmLcNY3Uciz0-q002kbdJIu/view,features/vn/bang-chu-cai/class_b_60bed4e1/sample_e22a4e1268.npz,https://drive.google.com/file/d/1z7xAu7PTNwFeTjp6hSXeOSWXeH_b3c4a/view,,2026-05-15T06:29:30.354471Z,e22a4e1268,21,class_b_60bed4e1,sample_e22a4e1268.npz,b,vn/bang-chu-cai/b
413e261c47,60bed4e1-4f2f-4526-ad75-a4501ee58a85,b,B,vn,bang-chu-cai,camera,Minh,1778824957715,,,60,0,None,https://drive.google.com/file/d/1EJcMxNXbDEBvYlx9GcLE9hiOuQXU418B/view,features/vn/bang-chu-cai/class_b_60bed4e1/sample_413e261c47.npz,https://drive.google.com/file/d/124ufGKBEs4052ufDagTa8XLmvY8O4v8s/view,,2026-05-15T06:31:02.747217Z,413e261c47,21,class_b_60bed4e1,sample_413e261c47.npz,b,vn/bang-chu-cai/b
d4d59bed36,60bed4e1-4f2f-4526-ad75-a4501ee58a85,b,B,vn,bang-chu-cai,camera,Minh,1778824957715,,,60,0,None,https://drive.google.com/file/d/1bEFiNGJIA_m-HaZPtQQGArDx_56hLqkx/view,features/vn/bang-chu-cai/class_b_60bed4e1/sample_d4d59bed36.npz,https://drive.google.com/file/d/1VrxZYC1C3zYDNg2Ul8D2OeinmKCfJ_5D/view,,2026-05-15T06:32:29.915392Z,d4d59bed36,21,class_b_60bed4e1,sample_d4d59bed36.npz,b,vn/bang-chu-cai/b
a6af1a84be,fd742027-b37f-4ef3-934e-fb53f1905021,c,C,vn,bang-chu-cai,camera,Trân,1778824957715,,,60,0,None,https://drive.google.com/file/d/1c-MHrZsHRKUyofhHSGuHUmifbKMl8Otl/view,features/vn/bang-chu-cai/class_c_fd742027/sample_a6af1a84be.npz,https://drive.google.com/file/d/1cFgn9AbtZdxSAKSj1Vx8HiaNJstTaGbt/view,,2026-05-15T06:36:36.429155Z,a6af1a84be,22,class_c_fd742027,sample_a6af1a84be.npz,c,vn/bang-chu-cai/c
92889868b4,fd742027-b37f-4ef3-934e-fb53f1905021,c,C,vn,bang-chu-cai,camera,Trân,1778824957715,,,60,0,None,https://drive.google.com/file/d/1XnmrDRZ9pYJo3TDe-eXC80CmMjuw6j7u/view,features/vn/bang-chu-cai/class_c_fd742027/sample_92889868b4.npz,https://drive.google.com/file/d/1Y7H77bv4X7fqbtcyxgVb11yhyFbO9orK/view,,2026-05-15T06:38:03.055311Z,92889868b4,22,class_c_fd742027,sample_92889868b4.npz,c,vn/bang-chu-cai/c
72fbec121d,fd742027-b37f-4ef3-934e-fb53f1905021,c,C,vn,bang-chu-cai,camera,Trân,1778824957715,,,60,0,None,https://drive.google.com/file/d/1wb8zGQidQc34Ful_s4yPzIB7xoPLmHOL/view,features/vn/bang-chu-cai/class_c_fd742027/sample_72fbec121d.npz,https://drive.google.com/file/d/1KoEkC1XXHrEXzlROasbp6hkPWXKwmt0y/view,,2026-05-15T06:36:48.140592Z,72fbec121d,22,class_c_fd742027,sample_72fbec121d.npz,c,vn/bang-chu-cai/c
d04cd28666,fd742027-b37f-4ef3-934e-fb53f1905021,c,C,vn,bang-chu-cai,camera,Minh,1778824957715,,,60,0,None,https://drive.google.com/file/d/15NOxReh0L2qwhh7DthscyY6v00kE_lTS/view,features/vn/bang-chu-cai/class_c_fd742027/sample_d04cd28666.npz,https://drive.google.com/file/d/1ZLLb4POJD1us_vrbK5z4uarPzH4yI4Ra/view,,2026-05-15T06:39:44.326686Z,d04cd28666,22,class_c_fd742027,sample_d04cd28666.npz,c,vn/bang-chu-cai/c
b0aacf85c7,fd742027-b37f-4ef3-934e-fb53f1905021,c,C,vn,bang-chu-cai,camera,Minh,1778824957715,,,60,0,None,https://drive.google.com/file/d/1K4ptBQcHUAvBzSxGRHchK_NtgX4plQN0/view,features/vn/bang-chu-cai/class_c_fd742027/sample_b0aacf85c7.npz,https://drive.google.com/file/d/1a7Yax-mBEBYMmslZyEPPK8pmm9zYtyD8/view,,2026-05-15T06:39:32.755670Z,b0aacf85c7,22,class_c_fd742027,sample_b0aacf85c7.npz,c,vn/bang-chu-cai/c
5ccd410d17,fd742027-b37f-4ef3-934e-fb53f1905021,c,C,vn,bang-chu-cai,camera,Trân,1778824957715,,,60,0,None,https://drive.google.com/file/d/1xdl5swbTdfsiqbCQkT7WcmMFx7gqqBjr/view,features/vn/bang-chu-cai/class_c_fd742027/sample_5ccd410d17.npz,https://drive.google.com/file/d/1cYgLeFgKSiRBP6GVaBSGoZuTKF21jyJc/view,,2026-05-15T06:33:19.820180Z,5ccd410d17,22,class_c_fd742027,sample_5ccd410d17.npz,c,vn/bang-chu-cai/c
529406c422,fd742027-b37f-4ef3-934e-fb53f1905021,c,C,vn,bang-chu-cai,camera,Trân,1778824957715,,,60,0,None,https://drive.google.com/file/d/1ZAyF3jgjXa3gmdCPzRUK-ufPzQLfnei8/view,features/vn/bang-chu-cai/class_c_fd742027/sample_529406c422.npz,https://drive.google.com/file/d/1jg64E5cRG9ZJ452ykaK07kV7cibPqc_8/view,,2026-05-15T06:33:08.743180Z,529406c422,22,class_c_fd742027,sample_529406c422.npz,c,vn/bang-chu-cai/c
7cbf4c976c,fd742027-b37f-4ef3-934e-fb53f1905021,c,C,vn,bang-chu-cai,camera,Minh,1778824957715,,,60,0,None,https://drive.google.com/file/d/1bEt1fpWacAaufPOiertG4tW-jMxF0IOs/view,features/vn/bang-chu-cai/class_c_fd742027/sample_7cbf4c976c.npz,https://drive.google.com/file/d/1o9PqWMAI7ysUaAOBDRh6jU0ec0I3A7y9/view,,2026-05-15T06:40:23.140361Z,7cbf4c976c,22,class_c_fd742027,sample_7cbf4c976c.npz,c,vn/bang-chu-cai/c
9df9c8f9ae,fd742027-b37f-4ef3-934e-fb53f1905021,c,C,vn,bang-chu-cai,camera,Minh,1778824957715,,,60,0,None,https://drive.google.com/file/d/1EFTU5ykUaecv1n2nKbCPwGE5D_5CjPas/view,features/vn/bang-chu-cai/class_c_fd742027/sample_9df9c8f9ae.npz,https://drive.google.com/file/d/1EJcMxNXbDEBvYlx9GcLE9hiOuQXU418B/view,,2026-05-15T06:39:55.790546Z,9df9c8f9ae,22,class_c_fd742027,sample_9df9c8f9ae.npz,c,vn/bang-chu-cai/c
e169f97097,fd742027-b37f-4ef3-934e-fb53f1905021,c,C,vn,bang-chu-cai,camera,Trân,1778824957715,,,60,0,None,https://drive.google.com/file/d/1UAKcJhkYlpT0uh1mQiXamcXjl0AN1qxr/view,features/vn/bang-chu-cai/class_c_fd742027/sample_e169f97097.npz,https://drive.google.com/file/d/1vqWQUms3arWG7vswdqNq3ReF52OVzwit/view,,2026-05-15T06:32:57.107019Z,e169f97097,22,class_c_fd742027,sample_e169f97097.npz,c,vn/bang-chu-cai/c
8ab2c8d7ae,fd742027-b37f-4ef3-934e-fb53f1905021,c,C,vn,bang-chu-cai,camera,Trân,1778824957715,,,60,0,None,https://drive.google.com/file/d/1NjN2nbntmsl1F4yC-lCjWW2OumzAFjYu/view,features/vn/bang-chu-cai/class_c_fd742027/sample_8ab2c8d7ae.npz,https://drive.google.com/file/d/14OfM6t9_YmFZi4DPHUArd3NpK9JgOxqQ/view,,2026-05-15T06:38:19.159603Z,8ab2c8d7ae,22,class_c_fd742027,sample_8ab2c8d7ae.npz,c,vn/bang-chu-cai/c
b07d8e5945,fd742027-b37f-4ef3-934e-fb53f1905021,c,C,vn,bang-chu-cai,camera,Minh,1778824957715,,,60,0,None,https://drive.google.com/file/d/1UIC2mwDxuyS0bgFDANSpukPct1BCUuAs/view,features/vn/bang-chu-cai/class_c_fd742027/sample_b07d8e5945.npz,https://drive.google.com/file/d/1MLIQITx3T9eIx7nhRAW4Z-UJ1pekLuN8/view,,2026-05-15T06:40:07.053976Z,b07d8e5945,22,class_c_fd742027,sample_b07d8e5945.npz,c,vn/bang-chu-cai/c
14420f5053,fd742027-b37f-4ef3-934e-fb53f1905021,c,C,vn,bang-chu-cai,camera,Minh,1778824957715,,,60,0,None,https://drive.google.com/file/d/1cieti_uOcy6xk8vqreDJNYwFrx40RtIo/view,features/vn/bang-chu-cai/class_c_fd742027/sample_14420f5053.npz,https://drive.google.com/file/d/1wEC37r8YEwmLcNY3Uciz0-q002kbdJIu/view,,2026-05-15T06:38:30.596719Z,14420f5053,22,class_c_fd742027,sample_14420f5053.npz,c,vn/bang-chu-cai/c
9859bd1612,fd742027-b37f-4ef3-934e-fb53f1905021,c,C,vn,bang-chu-cai,camera,Minh,1778824957715,,,60,0,None,https://drive.google.com/file/d/1dGJ5s9Nd65JP42BvEihZaVlfr1BCHLo9/view,features/vn/bang-chu-cai/class_c_fd742027/sample_9859bd1612.npz,https://drive.google.com/file/d/15a1Nj7fVCeqXE3JPeQA3yJLzC7GVt58m/view,,2026-05-15T06:39:05.283798Z,9859bd1612,22,class_c_fd742027,sample_9859bd1612.npz,c,vn/bang-chu-cai/c
e362588f8c,fd742027-b37f-4ef3-934e-fb53f1905021,c,C,vn,bang-chu-cai,camera,Trân,1778824957715,,,60,0,None,https://drive.google.com/file/d/1OIT_PfA5m6IblSeWnhqEy5oA93Rvhsus/view,features/vn/bang-chu-cai/class_c_fd742027/sample_e362588f8c.npz,https://drive.google.com/file/d/1KViFg6cvGLMJQ7Zt3GrwykbAGanRSb59/view,,2026-05-15T06:36:59.896165Z,e362588f8c,22,class_c_fd742027,sample_e362588f8c.npz,c,vn/bang-chu-cai/c
9539fc6b85,fd742027-b37f-4ef3-934e-fb53f1905021,c,C,vn,bang-chu-cai,camera,Trân,1778824957715,,,60,0,None,https://drive.google.com/file/d/1BiuemcDMWI1jgoXURhWfgTK2cwuHA6k3/view,features/vn/bang-chu-cai/class_c_fd742027/sample_9539fc6b85.npz,https://drive.google.com/file/d/1t_F9qtiGbjMuOoVa2warKcnHpmavElCO/view,,2026-05-15T06:37:40.168289Z,9539fc6b85,22,class_c_fd742027,sample_9539fc6b85.npz,c,vn/bang-chu-cai/c
1b937ea61f,fd742027-b37f-4ef3-934e-fb53f1905021,c,C,vn,bang-chu-cai,camera,Trân,1778824957715,,,60,0,None,https://drive.google.com/file/d/1Q_h707LS3WIDPXiyRhqcXXSOLwdVovr9/view,features/vn/bang-chu-cai/class_c_fd742027/sample_1b937ea61f.npz,https://drive.google.com/file/d/14sD6oKGtFf9mJFQ-a98DUYyhQz7Qv_rW/view,,2026-05-15T06:37:17.370629Z,1b937ea61f,22,class_c_fd742027,sample_1b937ea61f.npz,c,vn/bang-chu-cai/c
eb3481a5a2,fd742027-b37f-4ef3-934e-fb53f1905021,c,C,vn,bang-chu-cai,camera,Minh,1778824957715,,,60,0,None,https://drive.google.com/file/d/1eHUzwiX6GzCmyMHVeA4UYPMDiaAss2lx/view,features/vn/bang-chu-cai/class_c_fd742027/sample_eb3481a5a2.npz,https://drive.google.com/file/d/1ZTkMPsP9163bAmVChIFO5DtYY3gdpgYB/view,,2026-05-15T06:38:42.101792Z,eb3481a5a2,22,class_c_fd742027,sample_eb3481a5a2.npz,c,vn/bang-chu-cai/c
b00c3bbdd1,74491583-7d72-4b9f-91b5-18f039d50aa7,g,G,vn,bang-chu-cai,camera,Trân,1778824957715,,,60,0,None,https://drive.google.com/file/d/17ljTUXwtvkRCZ2DKtjACZevxqaegWdnB/view,features/vn/bang-chu-cai/class_g_74491583/sample_b00c3bbdd1.npz,https://drive.google.com/file/d/1Xwof_4agl7N4ToezHCwbyTKAUsn7Ztrf/view,,2026-05-15T07:13:10.631955Z,b00c3bbdd1,23,class_g_74491583,sample_b00c3bbdd1.npz,g,vn/bang-chu-cai/g
8787bd7fe3,74491583-7d72-4b9f-91b5-18f039d50aa7,g,G,vn,bang-chu-cai,camera,Trân,1778824957715,,,60,0,None,https://drive.google.com/file/d/14SbL5nfDSlsez8jArxpxUjmNxvpGWumt/view,features/vn/bang-chu-cai/class_g_74491583/sample_8787bd7fe3.npz,https://drive.google.com/file/d/1r2_SE8ysoAnODuU2MlbS49_HjTt8shfQ/view,,2026-05-15T07:05:50.034546Z,8787bd7fe3,23,class_g_74491583,sample_8787bd7fe3.npz,g,vn/bang-chu-cai/g
6ffee7cce5,74491583-7d72-4b9f-91b5-18f039d50aa7,g,G,vn,bang-chu-cai,camera,Trân,1778824957715,,,60,0,None,https://drive.google.com/file/d/12T_s2dE7TShaIawoxT_Vk1Y0Slcz2nJw/view,features/vn/bang-chu-cai/class_g_74491583/sample_6ffee7cce5.npz,https://drive.google.com/file/d/1vtj25ROmiFoq9_AkYVjJQIx2bAB7T9cK/view,,2026-05-15T07:06:12.998528Z,6ffee7cce5,23,class_g_74491583,sample_6ffee7cce5.npz,g,vn/bang-chu-cai/g
cc29daf483,74491583-7d72-4b9f-91b5-18f039d50aa7,g,G,vn,bang-chu-cai,camera,Minh,1778824957715,,,60,0,None,https://drive.google.com/file/d/1FXrOqSV6x1bB2vO0l24KeZqd93p-gFhw/view,features/vn/bang-chu-cai/class_g_74491583/sample_cc29daf483.npz,https://drive.google.com/file/d/12B2C4Qwx0gV4_FhTSI7GBHmwvFoJNd3z/view,,2026-05-15T07:14:05.885562Z,cc29daf483,23,class_g_74491583,sample_cc29daf483.npz,g,vn/bang-chu-cai/g
b8e5065672,74491583-7d72-4b9f-91b5-18f039d50aa7,g,G,vn,bang-chu-cai,camera,Minh,1778824957715,,,60,0,None,https://drive.google.com/file/d/1RcqCzeOr5ARjlnVn3ZyleA_3PXfzRtF8/view,features/vn/bang-chu-cai/class_g_74491583/sample_b8e5065672.npz,https://drive.google.com/file/d/1nKUbExl8F3bzVC-5B58kvMnmSJIrxMFs/view,,2026-05-15T07:14:28.690198Z,b8e5065672,23,class_g_74491583,sample_b8e5065672.npz,g,vn/bang-chu-cai/g
47b3f71e49,74491583-7d72-4b9f-91b5-18f039d50aa7,g,G,vn,bang-chu-cai,camera,Minh,1778824957715,,,60,0,None,https://drive.google.com/file/d/1h_suQhws992gKMc7puurh38tO6KG1ib7/view,features/vn/bang-chu-cai/class_g_74491583/sample_47b3f71e49.npz,https://drive.google.com/file/d/19BgTXAkuGKnz3EkOiQyoMoKbK9LDk1Eh/view,,2026-05-15T07:14:39.887863Z,47b3f71e49,23,class_g_74491583,sample_47b3f71e49.npz,g,vn/bang-chu-cai/g
459a54ff87,74491583-7d72-4b9f-91b5-18f039d50aa7,g,G,vn,bang-chu-cai,camera,Trân,1778824957715,,,60,0,None,https://drive.google.com/file/d/1Yk44ZBb5-aUgKFy2q6fKhTm_pOWGfBux/view,features/vn/bang-chu-cai/class_g_74491583/sample_459a54ff87.npz,https://drive.google.com/file/d/1t91tQix0XYvQYFaHWvF6XSv7llBMEW6h/view,,2026-05-15T07:06:01.340021Z,459a54ff87,23,class_g_74491583,sample_459a54ff87.npz,g,vn/bang-chu-cai/g
7054505f6d,74491583-7d72-4b9f-91b5-18f039d50aa7,g,G,vn,bang-chu-cai,camera,Minh,1778824957715,,,60,0,None,https://drive.google.com/file/d/1dFFK6Um9wGEFjlAcrt2uMVrjyenKZEng/view,features/vn/bang-chu-cai/class_g_74491583/sample_7054505f6d.npz,https://drive.google.com/file/d/1D-DZS7qzCOvgFTEawcjLEmdDfP0tAzlD/view,,2026-05-15T07:17:26.256266Z,7054505f6d,23,class_g_74491583,sample_7054505f6d.npz,g,vn/bang-chu-cai/g
a13efb417d,74491583-7d72-4b9f-91b5-18f039d50aa7,g,G,vn,bang-chu-cai,camera,Trân,1778824957715,,,60,0,None,https://drive.google.com/file/d/1i9x8xoe4BzFFWIjm6p_cPMpcNwk9-Ckz/view,features/vn/bang-chu-cai/class_g_74491583/sample_a13efb417d.npz,https://drive.google.com/file/d/1oIw4Gq_BTKd7QB5iqtVxB43ExpwuS8TI/view,,2026-05-15T07:12:58.977966Z,a13efb417d,23,class_g_74491583,sample_a13efb417d.npz,g,vn/bang-chu-cai/g
d30a494a90,74491583-7d72-4b9f-91b5-18f039d50aa7,g,G,vn,bang-chu-cai,camera,Trân,1778824957715,,,60,0,None,https://drive.google.com/file/d/1TN5C82Q9OrSiLIA2fXJ3ds5cFAPvE0qp/view,features/vn/bang-chu-cai/class_g_74491583/sample_d30a494a90.npz,https://drive.google.com/file/d/1-QcHCZvLrQmQ9o6PWI694xg4Aa0uMuwG/view,,2026-05-15T07:12:43.073104Z,d30a494a90,23,class_g_74491583,sample_d30a494a90.npz,g,vn/bang-chu-cai/g
75b4b88a9a,74491583-7d72-4b9f-91b5-18f039d50aa7,g,G,vn,bang-chu-cai,camera,Trân,1778824957715,,,60,0,None,https://drive.google.com/file/d/1lhq9h5O6c0zXwxAUV3-A8U3LzPhiv_nq/view,features/vn/bang-chu-cai/class_g_74491583/sample_75b4b88a9a.npz,https://drive.google.com/file/d/1WqbqrKjxq4ndMbVGvuVll_r0Ucm0wK_Q/view,,2026-05-15T07:12:19.931035Z,75b4b88a9a,23,class_g_74491583,sample_75b4b88a9a.npz,g,vn/bang-chu-cai/g
b2c27fe447,74491583-7d72-4b9f-91b5-18f039d50aa7,g,G,vn,bang-chu-cai,camera,Minh,1778824957715,,,60,0,None,https://drive.google.com/file/d/1tK6Ka39SreqQW_I-a8K_EklP_l5P5cTK/view,features/vn/bang-chu-cai/class_g_74491583/sample_b2c27fe447.npz,https://drive.google.com/file/d/1Z23sIY_XTdue8uUgmliVZHwb8cDQIWQX/view,,2026-05-15T07:14:17.208422Z,b2c27fe447,23,class_g_74491583,sample_b2c27fe447.npz,g,vn/bang-chu-cai/g
125d382949,74491583-7d72-4b9f-91b5-18f039d50aa7,g,G,vn,bang-chu-cai,camera,Trân,1778824957715,,,60,0,None,https://drive.google.com/file/d/1_9nST6J8w1m6hkizn1-_6mVBY-fcT6YN/view,features/vn/bang-chu-cai/class_g_74491583/sample_125d382949.npz,https://drive.google.com/file/d/1xjhbA07_NrchuHg9Zah8nMCQ9nEuywPh/view,,2026-05-15T07:12:31.659420Z,125d382949,23,class_g_74491583,sample_125d382949.npz,g,vn/bang-chu-cai/g
a0659ade36,74491583-7d72-4b9f-91b5-18f039d50aa7,g,G,vn,bang-chu-cai,camera,Trân,1778824957715,,,60,0,None,https://drive.google.com/file/d/1tPuDnCEwQ3S3LauBYneb4YAub7Vh8zFZ/view,features/vn/bang-chu-cai/class_g_74491583/sample_a0659ade36.npz,https://drive.google.com/file/d/1xKcWWDHgM_eyCUhR8PnxVBosjPXmv2QG/view,,2026-05-15T07:12:08.401216Z,a0659ade36,23,class_g_74491583,sample_a0659ade36.npz,g,vn/bang-chu-cai/g
d67c7cd3bf,74491583-7d72-4b9f-91b5-18f039d50aa7,g,G,vn,bang-chu-cai,camera,Trân,1778824957715,,,60,0,None,https://drive.google.com/file/d/1-yKV5w7kKS32MFxcqMi7Wp9r45TQDY0r/view,features/vn/bang-chu-cai/class_g_74491583/sample_d67c7cd3bf.npz,https://drive.google.com/file/d/1PFIW2zqJ3fIj2eAjDDS5xa83p_qKhUkx/view,,2026-05-15T07:06:36.565164Z,d67c7cd3bf,23,class_g_74491583,sample_d67c7cd3bf.npz,g,vn/bang-chu-cai/g
87ae80149e,74491583-7d72-4b9f-91b5-18f039d50aa7,g,G,vn,bang-chu-cai,camera,Trân,1778824957715,,,60,0,None,https://drive.google.com/file/d/131hXhXNN7R5xidr1pXDmrZGgzxC5NDRP/view,features/vn/bang-chu-cai/class_g_74491583/sample_87ae80149e.npz,https://drive.google.com/file/d/1yLBvuIlDGdA1Ecb7MtUbQPWKtL9v1olU/view,,2026-05-15T07:13:33.621007Z,87ae80149e,23,class_g_74491583,sample_87ae80149e.npz,g,vn/bang-chu-cai/g
176f1426ce,74491583-7d72-4b9f-91b5-18f039d50aa7,g,G,vn,bang-chu-cai,camera,Trân,1778824957715,,,60,0,None,https://drive.google.com/file/d/1J0H7Ynbeky7LeFfX3uwPimgxpLN2U97Q/view,features/vn/bang-chu-cai/class_g_74491583/sample_176f1426ce.npz,https://drive.google.com/file/d/18gsFwOMNH5r6JH0j76O6uqdowoIHLMdZ/view,,2026-05-15T07:06:24.217611Z,176f1426ce,23,class_g_74491583,sample_176f1426ce.npz,g,vn/bang-chu-cai/g
f8c2e1630d,74491583-7d72-4b9f-91b5-18f039d50aa7,g,G,vn,bang-chu-cai,camera,Trân,1778824957715,,,60,0,None,https://drive.google.com/file/d/1tE0fVU7id-ScS6ugSMAaPPiStohUt47n/view,features/vn/bang-chu-cai/class_g_74491583/sample_f8c2e1630d.npz,https://drive.google.com/file/d/1S9WDjlTf0ve4sd71hvxuAs0JEf1jPBHJ/view,,2026-05-15T07:13:45.083799Z,f8c2e1630d,23,class_g_74491583,sample_f8c2e1630d.npz,g,vn/bang-chu-cai/g
b3f99e9d68,aa57b18a-8318-4030-b356-00eddeef3845,h,H,vn,bang-chu-cai,camera,Trân,1778824957715,,,60,0,None,https://drive.google.com/file/d/1J_fRiy2W-LH4nVRHWNHEyb7tcrKnzMk5/view,features/vn/bang-chu-cai/class_h_aa57b18a/sample_b3f99e9d68.npz,https://drive.google.com/file/d/1Yk44ZBb5-aUgKFy2q6fKhTm_pOWGfBux/view,,2026-05-15T07:21:05.234150Z,b3f99e9d68,24,class_h_aa57b18a,sample_b3f99e9d68.npz,h,vn/bang-chu-cai/h
acc9d0a1f1,aa57b18a-8318-4030-b356-00eddeef3845,h,H,vn,bang-chu-cai,camera,Trân,1778824957715,,,60,0,None,https://drive.google.com/file/d/1xRy0KysjS3PpCoQ9KLTKosAXibDU2HKN/view,features/vn/bang-chu-cai/class_h_aa57b18a/sample_acc9d0a1f1.npz,https://drive.google.com/file/d/12T_s2dE7TShaIawoxT_Vk1Y0Slcz2nJw/view,,2026-05-15T07:21:17.124692Z,acc9d0a1f1,24,class_h_aa57b18a,sample_acc9d0a1f1.npz,h,vn/bang-chu-cai/h
9224c5881d,aa57b18a-8318-4030-b356-00eddeef3845,h,H,vn,bang-chu-cai,camera,Minh,1778824957715,,,60,0,None,https://drive.google.com/file/d/128wzHxKrsU-GtBKdWPZd1Jk_dzS4lDBH/view,features/vn/bang-chu-cai/class_h_aa57b18a/sample_9224c5881d.npz,https://drive.google.com/file/d/17ljTUXwtvkRCZ2DKtjACZevxqaegWdnB/view,,2026-05-15T07:23:12.982221Z,9224c5881d,24,class_h_aa57b18a,sample_9224c5881d.npz,h,vn/bang-chu-cai/h
d808d9133d,aa57b18a-8318-4030-b356-00eddeef3845,h,H,vn,bang-chu-cai,camera,Trân,1778824957715,,,60,0,None,https://drive.google.com/file/d/1lGE_vfuOg5s8buLEZgYVu_At3KPaGqL_/view,features/vn/bang-chu-cai/class_h_aa57b18a/sample_d808d9133d.npz,https://drive.google.com/file/d/1td3MARtRaSh3hMY7_CTGclefkWqZZdDM/view,,2026-05-15T07:18:40.354756Z,d808d9133d,24,class_h_aa57b18a,sample_d808d9133d.npz,h,vn/bang-chu-cai/h
bf5562a796,aa57b18a-8318-4030-b356-00eddeef3845,h,H,vn,bang-chu-cai,camera,Trân,1778824957715,,,60,0,None,https://drive.google.com/file/d/1lljV_QaU4jeA9NC1Cm00668Gse9uzBsX/view,features/vn/bang-chu-cai/class_h_aa57b18a/sample_bf5562a796.npz,https://drive.google.com/file/d/1-yKV5w7kKS32MFxcqMi7Wp9r45TQDY0r/view,,2026-05-15T07:21:41.678385Z,bf5562a796,24,class_h_aa57b18a,sample_bf5562a796.npz,h,vn/bang-chu-cai/h
849bc69136,aa57b18a-8318-4030-b356-00eddeef3845,h,H,vn,bang-chu-cai,camera,Trân,1778824957715,,,60,0,None,https://drive.google.com/file/d/1nEtlqEiGIzCHirIZyQRAohRkHrrXNwuh/view,features/vn/bang-chu-cai/class_h_aa57b18a/sample_849bc69136.npz,https://drive.google.com/file/d/1YQl3phTW2bm6JmV7BUBzY84KfEcJCvkj/view,,2026-05-15T07:19:02.693363Z,849bc69136,24,class_h_aa57b18a,sample_849bc69136.npz,h,vn/bang-chu-cai/h
78d3abc80e,aa57b18a-8318-4030-b356-00eddeef3845,h,H,vn,bang-chu-cai,camera,Trân,1778824957715,,,60,0,None,https://drive.google.com/file/d/1jX2rdFTPQxNbwY20h2_e8b2vQQnxr7dC/view,features/vn/bang-chu-cai/class_h_aa57b18a/sample_78d3abc80e.npz,https://drive.google.com/file/d/1bmbvtsjXMHwMl1Gg1LqpGDoByicR83-H/view,,2026-05-15T07:21:58.560600Z,78d3abc80e,24,class_h_aa57b18a,sample_78d3abc80e.npz,h,vn/bang-chu-cai/h
9e25ebf6e7,aa57b18a-8318-4030-b356-00eddeef3845,h,H,vn,bang-chu-cai,camera,Minh,1778824957715,,,60,0,None,https://drive.google.com/file/d/1p49i8FCpfyD9SlMlh5To0H-LPjoXaLiQ/view,features/vn/bang-chu-cai/class_h_aa57b18a/sample_9e25ebf6e7.npz,https://drive.google.com/file/d/1tK6Ka39SreqQW_I-a8K_EklP_l5P5cTK/view,,2026-05-15T07:24:16.291048Z,9e25ebf6e7,24,class_h_aa57b18a,sample_9e25ebf6e7.npz,h,vn/bang-chu-cai/h
b0fdfc91e0,aa57b18a-8318-4030-b356-00eddeef3845,h,H,vn,bang-chu-cai,camera,Trân,1778824957715,,,60,0,None,https://drive.google.com/file/d/1nC8eeZoQML5PSvHoLYyL_wL0xRkeGRyI/view,features/vn/bang-chu-cai/class_h_aa57b18a/sample_b0fdfc91e0.npz,https://drive.google.com/file/d/1w6TjZ1hPwZXzcIN0oOnqYMDb9vToO36t/view,,2026-05-15T07:19:14.086596Z,b0fdfc91e0,24,class_h_aa57b18a,sample_b0fdfc91e0.npz,h,vn/bang-chu-cai/h
ec006061cf,aa57b18a-8318-4030-b356-00eddeef3845,h,H,vn,bang-chu-cai,camera,Minh,1778824957715,,,60,0,None,https://drive.google.com/file/d/19y17qphblSZqZv-rMTDa5n1QEEPC6pcP/view,features/vn/bang-chu-cai/class_h_aa57b18a/sample_ec006061cf.npz,https://drive.google.com/file/d/1tE0fVU7id-ScS6ugSMAaPPiStohUt47n/view,,2026-05-15T07:23:47.705960Z,ec006061cf,24,class_h_aa57b18a,sample_ec006061cf.npz,h,vn/bang-chu-cai/h
a2a6eb16ab,aa57b18a-8318-4030-b356-00eddeef3845,h,H,vn,bang-chu-cai,camera,Trân,1778824957715,,,60,0,None,https://drive.google.com/file/d/1CSGDZVa6BUse9dxmMWCPV-mGO03tnhxV/view,features/vn/bang-chu-cai/class_h_aa57b18a/sample_a2a6eb16ab.npz,https://drive.google.com/file/d/18kXEjhplss-AEUltK4yaekeHK2jWP4Or/view,,2026-05-15T07:18:51.470031Z,a2a6eb16ab,24,class_h_aa57b18a,sample_a2a6eb16ab.npz,h,vn/bang-chu-cai/h
bbcf12044f,aa57b18a-8318-4030-b356-00eddeef3845,h,H,vn,bang-chu-cai,camera,Minh,1778824957715,,,60,0,None,https://drive.google.com/file/d/1KEwj_bvMUDqRR2-UWUkQZ04Dk84IP1GC/view,features/vn/bang-chu-cai/class_h_aa57b18a/sample_bbcf12044f.npz,https://drive.google.com/file/d/1FXrOqSV6x1bB2vO0l24KeZqd93p-gFhw/view,,2026-05-15T07:24:04.684972Z,bbcf12044f,24,class_h_aa57b18a,sample_bbcf12044f.npz,h,vn/bang-chu-cai/h
3dfc1bc32e,aa57b18a-8318-4030-b356-00eddeef3845,h,H,vn,bang-chu-cai,camera,Minh,1778824957715,,,60,0,None,https://drive.google.com/file/d/1NbBeFZ9DYhvi1ukVrqxgrzA7kv7hKdmx/view,features/vn/bang-chu-cai/class_h_aa57b18a/sample_3dfc1bc32e.npz,https://drive.google.com/file/d/1z5yCFYGY4M_06T1_lgD0bvI_fr9sTVSc/view,,2026-05-15T07:23:24.827965Z,3dfc1bc32e,24,class_h_aa57b18a,sample_3dfc1bc32e.npz,h,vn/bang-chu-cai/h
b0e198a94f,aa57b18a-8318-4030-b356-00eddeef3845,h,H,vn,bang-chu-cai,camera,Minh,1778824957715,,,60,0,None,https://drive.google.com/file/d/1oibv8H1kEY9jiwwWHudYtaiYVk_Xt8BK/view,features/vn/bang-chu-cai/class_h_aa57b18a/sample_b0e198a94f.npz,https://drive.google.com/file/d/1h_suQhws992gKMc7puurh38tO6KG1ib7/view,,2026-05-15T07:24:41.538140Z,b0e198a94f,24,class_h_aa57b18a,sample_b0e198a94f.npz,h,vn/bang-chu-cai/h
f2ceac2dfc,aa57b18a-8318-4030-b356-00eddeef3845,h,H,vn,bang-chu-cai,camera,Trân,1778824957715,,,60,0,None,https://drive.google.com/file/d/16iI1fKSI-4noWGXBxFW-OIVvJCVDIwAO/view,features/vn/bang-chu-cai/class_h_aa57b18a/sample_f2ceac2dfc.npz,https://drive.google.com/file/d/14SbL5nfDSlsez8jArxpxUjmNxvpGWumt/view,,2026-05-15T07:20:53.379353Z,f2ceac2dfc,24,class_h_aa57b18a,sample_f2ceac2dfc.npz,h,vn/bang-chu-cai/h
ae64012c2e,aa57b18a-8318-4030-b356-00eddeef3845,h,H,vn,bang-chu-cai,camera,Trân,1778824957715,,,60,0,None,https://drive.google.com/file/d/1y5-GULNvFLRbKXyv7uDuuq10m38y79EE/view,features/vn/bang-chu-cai/class_h_aa57b18a/sample_ae64012c2e.npz,https://drive.google.com/file/d/1TN5C82Q9OrSiLIA2fXJ3ds5cFAPvE0qp/view,,2026-05-15T07:22:45.781764Z,ae64012c2e,24,class_h_aa57b18a,sample_ae64012c2e.npz,h,vn/bang-chu-cai/h
51f8e98939,aa57b18a-8318-4030-b356-00eddeef3845,h,H,vn,bang-chu-cai,camera,Minh,1778824957715,,,60,0,None,https://drive.google.com/file/d/1ZMxn6sc_zrbEIYb_CarMp2hng7EKJLDr/view,features/vn/bang-chu-cai/class_h_aa57b18a/sample_51f8e98939.npz,https://drive.google.com/file/d/1RcqCzeOr5ARjlnVn3ZyleA_3PXfzRtF8/view,,2026-05-15T07:24:27.748182Z,51f8e98939,24,class_h_aa57b18a,sample_51f8e98939.npz,h,vn/bang-chu-cai/h
f6ba36b63a,aa57b18a-8318-4030-b356-00eddeef3845,h,H,vn,bang-chu-cai,camera,Minh,1778824957715,,,60,0,None,https://drive.google.com/file/d/1W-vEEqS0HXtLSC3lFQSNT_cXcyuuPVi9/view,features/vn/bang-chu-cai/class_h_aa57b18a/sample_f6ba36b63a.npz,https://drive.google.com/file/d/1i9x8xoe4BzFFWIjm6p_cPMpcNwk9-Ckz/view,,2026-05-15T07:23:01.263805Z,f6ba36b63a,24,class_h_aa57b18a,sample_f6ba36b63a.npz,h,vn/bang-chu-cai/h
bbf60a939f,3910ecab-6306-4d26-a9ff-e7e923f7ad9f,i,I,vn,bang-chu-cai,camera,Trân,1778824957715,,,60,0,None,https://drive.google.com/file/d/1fg7HKydQwOHbm3pg9wWz8HcsCuSHHfNG/view,features/vn/bang-chu-cai/class_i_3910ecab/sample_bbf60a939f.npz,https://drive.google.com/file/d/1zn5b0NHg5V0Kt5l5uEUhq0oih3-1kbbK/view,,2026-05-15T07:34:53.503328Z,bbf60a939f,25,class_i_3910ecab,sample_bbf60a939f.npz,i,vn/bang-chu-cai/i
6c139323d0,3910ecab-6306-4d26-a9ff-e7e923f7ad9f,i,I,vn,bang-chu-cai,camera,Trân,1778824957715,,,60,0,None,https://drive.google.com/file/d/1ZqCfQ5uWdjVfwja0VAIBFxj94YByqmTk/view,features/vn/bang-chu-cai/class_i_3910ecab/sample_6c139323d0.npz,https://drive.google.com/file/d/1J_fRiy2W-LH4nVRHWNHEyb7tcrKnzMk5/view,,2026-05-15T07:34:30.092736Z,6c139323d0,25,class_i_3910ecab,sample_6c139323d0.npz,i,vn/bang-chu-cai/i
66d7d6b9d9,3910ecab-6306-4d26-a9ff-e7e923f7ad9f,i,I,vn,bang-chu-cai,camera,Trân,1778824957715,,,60,0,None,https://drive.google.com/file/d/1D6cEIo_wnZ4gzZF9HL2Y1aP1pEKPRik2/view,features/vn/bang-chu-cai/class_i_3910ecab/sample_66d7d6b9d9.npz,https://drive.google.com/file/d/1nEtlqEiGIzCHirIZyQRAohRkHrrXNwuh/view,,2026-05-15T07:33:39.107362Z,66d7d6b9d9,25,class_i_3910ecab,sample_66d7d6b9d9.npz,i,vn/bang-chu-cai/i
e932def25b,3910ecab-6306-4d26-a9ff-e7e923f7ad9f,i,I,vn,bang-chu-cai,camera,Trân,1778824957715,,,60,0,None,https://drive.google.com/file/d/1Xd7_d3jyOBYH3LGFhNH9pWp2BXoFtAB3/view,features/vn/bang-chu-cai/class_i_3910ecab/sample_e932def25b.npz,https://drive.google.com/file/d/1ByjsWCenggkIk1Ki24X5e8yg6tAmm6ov/view,,2026-05-15T07:25:54.121803Z,e932def25b,25,class_i_3910ecab,sample_e932def25b.npz,i,vn/bang-chu-cai/i
d1bc98a4d4,3910ecab-6306-4d26-a9ff-e7e923f7ad9f,i,I,vn,bang-chu-cai,camera,Trân,1778824957715,,,60,0,None,https://drive.google.com/file/d/1Zhid6UA89CO8odkkowTGHFHLZLk7CRx-/view,features/vn/bang-chu-cai/class_i_3910ecab/sample_d1bc98a4d4.npz,https://drive.google.com/file/d/10tdMZgazCuQazM7n94P-6M962Eym47zB/view,,2026-05-15T07:33:04.502975Z,d1bc98a4d4,25,class_i_3910ecab,sample_d1bc98a4d4.npz,i,vn/bang-chu-cai/i
4ea9f504dc,3910ecab-6306-4d26-a9ff-e7e923f7ad9f,i,I,vn,bang-chu-cai,camera,Trân,1778824957715,,,60,0,None,https://drive.google.com/file/d/1AK2l2Ya5v99E6GyS0lf4x09rVg29qtEI/view,features/vn/bang-chu-cai/class_i_3910ecab/sample_4ea9f504dc.npz,https://drive.google.com/file/d/1lljV_QaU4jeA9NC1Cm00668Gse9uzBsX/view,,2026-05-15T07:35:05.065900Z,4ea9f504dc,25,class_i_3910ecab,sample_4ea9f504dc.npz,i,vn/bang-chu-cai/i
450d12f7ac,3910ecab-6306-4d26-a9ff-e7e923f7ad9f,i,I,vn,bang-chu-cai,camera,Trân,1778824957715,,,60,0,None,https://drive.google.com/file/d/1ay_uZ8bNOQjKjSVYmxFTp9eF4Y4-q388/view,features/vn/bang-chu-cai/class_i_3910ecab/sample_450d12f7ac.npz,https://drive.google.com/file/d/1L9ChPXtoVaigTgoTManXVkyuthkHUADQ/view,,2026-05-15T07:25:41.791414Z,450d12f7ac,25,class_i_3910ecab,sample_450d12f7ac.npz,i,vn/bang-chu-cai/i
689b2cbc18,3910ecab-6306-4d26-a9ff-e7e923f7ad9f,i,I,vn,bang-chu-cai,camera,Minh,1778824957715,,,60,0,None,https://drive.google.com/file/d/1PxTVr_650V9GRGl4WfdApS_L902HJYxu/view,features/vn/bang-chu-cai/class_i_3910ecab/sample_689b2cbc18.npz,https://drive.google.com/file/d/1dtWpGO6XYXxk5D9L_tw2ySmAoTe4hKiD/view,,2026-05-15T07:35:47.041665Z,689b2cbc18,25,class_i_3910ecab,sample_689b2cbc18.npz,i,vn/bang-chu-cai/i
ba1c5149aa,3910ecab-6306-4d26-a9ff-e7e923f7ad9f,i,I,vn,bang-chu-cai,camera,Trân,1778824957715,,,60,0,None,https://drive.google.com/file/d/1U8CWaOXZVrKb-4CU8hNFzgURzQ91hELA/view,features/vn/bang-chu-cai/class_i_3910ecab/sample_ba1c5149aa.npz,https://drive.google.com/file/d/1nC8eeZoQML5PSvHoLYyL_wL0xRkeGRyI/view,,2026-05-15T07:33:50.649034Z,ba1c5149aa,25,class_i_3910ecab,sample_ba1c5149aa.npz,i,vn/bang-chu-cai/i
f4d8c8c979,3910ecab-6306-4d26-a9ff-e7e923f7ad9f,i,I,vn,bang-chu-cai,camera,Minh,1778824957715,,,60,0,None,https://drive.google.com/file/d/1pcwPp3xGWpaw7LnOx8DfkzN8pBF1V5_F/view,features/vn/bang-chu-cai/class_i_3910ecab/sample_f4d8c8c979.npz,https://drive.google.com/file/d/1K6Ulw5ivJVmWdej4oGJacxo_fArkYpW6/view,,2026-05-15T07:35:35.923638Z,f4d8c8c979,25,class_i_3910ecab,sample_f4d8c8c979.npz,i,vn/bang-chu-cai/i
6a3bf84ec4,3910ecab-6306-4d26-a9ff-e7e923f7ad9f,i,I,vn,bang-chu-cai,camera,Minh,1778824957715,,,60,0,None,https://drive.google.com/file/d/1sw4nKD9qqhzoe-op8bOJe7rOnq1g9Mee/view,features/vn/bang-chu-cai/class_i_3910ecab/sample_6a3bf84ec4.npz,https://drive.google.com/file/d/128wzHxKrsU-GtBKdWPZd1Jk_dzS4lDBH/view,,2026-05-15T07:36:40.962205Z,6a3bf84ec4,25,class_i_3910ecab,sample_6a3bf84ec4.npz,i,vn/bang-chu-cai/i
cf11bb9489,3910ecab-6306-4d26-a9ff-e7e923f7ad9f,i,I,vn,bang-chu-cai,camera,Trân,1778824957715,,,60,0,None,https://drive.google.com/file/d/1OOtw_0ovu8yw4XCSZ6DIR6emLgfA9q-C/view,features/vn/bang-chu-cai/class_i_3910ecab/sample_cf11bb9489.npz,https://drive.google.com/file/d/1AaFGy0eRf7Q6CpFVUFQQjhsGa3G5qFif/view,,2026-05-15T07:25:06.173821Z,cf11bb9489,25,class_i_3910ecab,sample_cf11bb9489.npz,i,vn/bang-chu-cai/i
16e1b194c7,3910ecab-6306-4d26-a9ff-e7e923f7ad9f,i,I,vn,bang-chu-cai,camera,Trân,1778824957715,,,60,0,None,https://drive.google.com/file/d/1cs0P-WD9idYvKCkCLM4dKRqEseVdmLSB/view,features/vn/bang-chu-cai/class_i_3910ecab/sample_16e1b194c7.npz,https://drive.google.com/file/d/16iI1fKSI-4noWGXBxFW-OIVvJCVDIwAO/view,,2026-05-15T07:34:18.474435Z,16e1b194c7,25,class_i_3910ecab,sample_16e1b194c7.npz,i,vn/bang-chu-cai/i
ab055d3a55,3910ecab-6306-4d26-a9ff-e7e923f7ad9f,i,I,vn,bang-chu-cai,camera,Minh,1778824957715,,,60,0,None,https://drive.google.com/file/d/10GOuvWuaYZHNJZRYiGXuPwv6W5psSuAT/view,features/vn/bang-chu-cai/class_i_3910ecab/sample_ab055d3a55.npz,https://drive.google.com/file/d/19y17qphblSZqZv-rMTDa5n1QEEPC6pcP/view,,2026-05-15T07:37:15.641300Z,ab055d3a55,25,class_i_3910ecab,sample_ab055d3a55.npz,i,vn/bang-chu-cai/i
f80c203751,3910ecab-6306-4d26-a9ff-e7e923f7ad9f,i,I,vn,bang-chu-cai,camera,Minh,1778824957715,,,60,0,None,https://drive.google.com/file/d/17XHz5aL4P7Uudw99t639fpZ_-LwdYQvR/view,features/vn/bang-chu-cai/class_i_3910ecab/sample_f80c203751.npz,https://drive.google.com/file/d/1RNLQFntWeQHpL-XSgiiP8hJTaKq0SDkl/view,,2026-05-15T07:37:03.925143Z,f80c203751,25,class_i_3910ecab,sample_f80c203751.npz,i,vn/bang-chu-cai/i
74789ad3d2,3910ecab-6306-4d26-a9ff-e7e923f7ad9f,i,I,vn,bang-chu-cai,camera,Trân,1778824957715,,,60,0,None,https://drive.google.com/file/d/1Sj53Eq1j502ZxrQZPcS45MF-cR3zSK3I/view,features/vn/bang-chu-cai/class_i_3910ecab/sample_74789ad3d2.npz,https://drive.google.com/file/d/1CSGDZVa6BUse9dxmMWCPV-mGO03tnhxV/view,,2026-05-15T07:33:27.688336Z,74789ad3d2,25,class_i_3910ecab,sample_74789ad3d2.npz,i,vn/bang-chu-cai/i
1e928dc806,3910ecab-6306-4d26-a9ff-e7e923f7ad9f,i,I,vn,bang-chu-cai,camera,Minh,1778824957715,,,60,0,None,https://drive.google.com/file/d/1oCxWq30H9DnbqwmGIhASx2-cJkk8JIwN/view,features/vn/bang-chu-cai/class_i_3910ecab/sample_1e928dc806.npz,https://drive.google.com/file/d/1W-vEEqS0HXtLSC3lFQSNT_cXcyuuPVi9/view,,2026-05-15T07:36:29.351507Z,1e928dc806,25,class_i_3910ecab,sample_1e928dc806.npz,i,vn/bang-chu-cai/i
fdd68f8b45,3910ecab-6306-4d26-a9ff-e7e923f7ad9f,i,I,vn,bang-chu-cai,camera,Trân,1778824957715,,,60,0,None,https://drive.google.com/file/d/1ZBohWwDRZP4Bm7iIBasmP7F26vfl4RSF/view,features/vn/bang-chu-cai/class_i_3910ecab/sample_fdd68f8b45.npz,https://drive.google.com/file/d/1xRy0KysjS3PpCoQ9KLTKosAXibDU2HKN/view,,2026-05-15T07:34:41.896520Z,fdd68f8b45,25,class_i_3910ecab,sample_fdd68f8b45.npz,i,vn/bang-chu-cai/i
a7754c3181,d97fc7fd-0b6a-4feb-a857-d33ca6b9c12e,k,K,vn,bang-chu-cai,camera,Trân,1778824957715,,,60,0,None,https://drive.google.com/file/d/1Q_CB0uZczTxaWD4CriUEcBncCgoY2IR6/view,features/vn/bang-chu-cai/class_k_d97fc7fd/sample_a7754c3181.npz,https://drive.google.com/file/d/1OOtw_0ovu8yw4XCSZ6DIR6emLgfA9q-C/view,,2026-05-15T07:40:01.383459Z,a7754c3181,26,class_k_d97fc7fd,sample_a7754c3181.npz,k,vn/bang-chu-cai/k
95e746db1d,d97fc7fd-0b6a-4feb-a857-d33ca6b9c12e,k,K,vn,bang-chu-cai,camera,Trân,1778824957715,,,60,0,None,https://drive.google.com/file/d/1XlIrLRzLRpKnhViOfTUNFFN1LR27bhlN/view,features/vn/bang-chu-cai/class_k_d97fc7fd/sample_95e746db1d.npz,https://drive.google.com/file/d/1Sj53Eq1j502ZxrQZPcS45MF-cR3zSK3I/view,,2026-05-15T07:41:30.718788Z,95e746db1d,26,class_k_d97fc7fd,sample_95e746db1d.npz,k,vn/bang-chu-cai/k
8bd6c3d043,d97fc7fd-0b6a-4feb-a857-d33ca6b9c12e,k,K,vn,bang-chu-cai,camera,Trân,1778824957715,,,60,0,None,https://drive.google.com/file/d/1GJFGTMLxIiLtyYA269ddYEIuvbEH4up-/view,features/vn/bang-chu-cai/class_k_d97fc7fd/sample_8bd6c3d043.npz,https://drive.google.com/file/d/1Zhid6UA89CO8odkkowTGHFHLZLk7CRx-/view,,2026-05-15T07:41:07.920942Z,8bd6c3d043,26,class_k_d97fc7fd,sample_8bd6c3d043.npz,k,vn/bang-chu-cai/k
b6122aac47,d97fc7fd-0b6a-4feb-a857-d33ca6b9c12e,k,K,vn,bang-chu-cai,camera,Minh,1778824957715,,,60,0,None,https://drive.google.com/file/d/1KO-GxuuoOs4-e2rMlN4Sx31wTn5klW7X/view,features/vn/bang-chu-cai/class_k_d97fc7fd/sample_b6122aac47.npz,https://drive.google.com/file/d/1cs0P-WD9idYvKCkCLM4dKRqEseVdmLSB/view,,2026-05-15T07:42:14.859077Z,b6122aac47,26,class_k_d97fc7fd,sample_b6122aac47.npz,k,vn/bang-chu-cai/k
b4fdb61f33,d97fc7fd-0b6a-4feb-a857-d33ca6b9c12e,k,K,vn,bang-chu-cai,camera,Minh,1778824957715,,,60,0,None,https://drive.google.com/file/d/1CSJBk79fBSdDhfLZZtqfFNvkKNsCjjlS/view,features/vn/bang-chu-cai/class_k_d97fc7fd/sample_b4fdb61f33.npz,https://drive.google.com/file/d/1ZqCfQ5uWdjVfwja0VAIBFxj94YByqmTk/view,,2026-05-15T07:42:26.440221Z,b4fdb61f33,26,class_k_d97fc7fd,sample_b4fdb61f33.npz,k,vn/bang-chu-cai/k
60c1024cba,d97fc7fd-0b6a-4feb-a857-d33ca6b9c12e,k,K,vn,bang-chu-cai,camera,Minh,1778824957715,,,60,0,None,https://drive.google.com/file/d/1qoVknoSrxPVVlMj8pZFD3KNKENm6oQYc/view,features/vn/bang-chu-cai/class_k_d97fc7fd/sample_60c1024cba.npz,https://drive.google.com/file/d/1fg7HKydQwOHbm3pg9wWz8HcsCuSHHfNG/view,,2026-05-15T07:42:48.890524Z,60c1024cba,26,class_k_d97fc7fd,sample_60c1024cba.npz,k,vn/bang-chu-cai/k
5f2ad24957,d97fc7fd-0b6a-4feb-a857-d33ca6b9c12e,k,K,vn,bang-chu-cai,camera,Trân,1778824957715,,,60,0,None,https://drive.google.com/file/d/1q5jVe7UDGPNQ_ekL8uQKFIOqcqDR-9Vi/view,features/vn/bang-chu-cai/class_k_d97fc7fd/sample_5f2ad24957.npz,https://drive.google.com/file/d/1D6cEIo_wnZ4gzZF9HL2Y1aP1pEKPRik2/view,,2026-05-15T07:41:42.058961Z,5f2ad24957,26,class_k_d97fc7fd,sample_5f2ad24957.npz,k,vn/bang-chu-cai/k
8ca29b78f2,d97fc7fd-0b6a-4feb-a857-d33ca6b9c12e,k,K,vn,bang-chu-cai,camera,Minh,1778824957715,,,60,0,None,https://drive.google.com/file/d/1a_SkKU7kMNQuGeAAAYGyWkz7wwT2bGfn/view,features/vn/bang-chu-cai/class_k_d97fc7fd/sample_8ca29b78f2.npz,https://drive.google.com/file/d/1PxTVr_650V9GRGl4WfdApS_L902HJYxu/view,,2026-05-15T07:43:43.090237Z,8ca29b78f2,26,class_k_d97fc7fd,sample_8ca29b78f2.npz,k,vn/bang-chu-cai/k
a190867867,d97fc7fd-0b6a-4feb-a857-d33ca6b9c12e,k,K,vn,bang-chu-cai,camera,Minh,1778824957715,,,60,0,None,https://drive.google.com/file/d/1nf-hfTkooIi24GZkmy37qOwRIql0XDtB/view,features/vn/bang-chu-cai/class_k_d97fc7fd/sample_a190867867.npz,https://drive.google.com/file/d/10TPTKjzWkQhJdDYTbKIn6UID59EG4xjg/view,,2026-05-15T07:43:54.363759Z,a190867867,26,class_k_d97fc7fd,sample_a190867867.npz,k,vn/bang-chu-cai/k
ceb39b000a,d97fc7fd-0b6a-4feb-a857-d33ca6b9c12e,k,K,vn,bang-chu-cai,camera,Trân,1778824957715,,,60,0,None,https://drive.google.com/file/d/1km1SKyWd28keGAWic-jNqJvGpGQnZhq0/view,features/vn/bang-chu-cai/class_k_d97fc7fd/sample_ceb39b000a.npz,https://drive.google.com/file/d/1ZMxn6sc_zrbEIYb_CarMp2hng7EKJLDr/view,,2026-05-15T07:38:01.145274Z,ceb39b000a,26,class_k_d97fc7fd,sample_ceb39b000a.npz,k,vn/bang-chu-cai/k
8f66bca65f,d97fc7fd-0b6a-4feb-a857-d33ca6b9c12e,k,K,vn,bang-chu-cai,camera,Minh,1778824957715,,,60,0,None,https://drive.google.com/file/d/17iQy743VHC9wRAdy7NS03JK4aqHVwr-x/view,features/vn/bang-chu-cai/class_k_d97fc7fd/sample_8f66bca65f.npz,https://drive.google.com/file/d/1pcwPp3xGWpaw7LnOx8DfkzN8pBF1V5_F/view,,2026-05-15T07:43:31.547716Z,8f66bca65f,26,class_k_d97fc7fd,sample_8f66bca65f.npz,k,vn/bang-chu-cai/k
ab04c8668a,d97fc7fd-0b6a-4feb-a857-d33ca6b9c12e,k,K,vn,bang-chu-cai,camera,Trân,1778824957715,,,60,0,None,https://drive.google.com/file/d/1o71vZBejAtK7vPYRkol_Zgwkg-r6hnCI/view,features/vn/bang-chu-cai/class_k_d97fc7fd/sample_ab04c8668a.npz,https://drive.google.com/file/d/1KEwj_bvMUDqRR2-UWUkQZ04Dk84IP1GC/view,,2026-05-15T07:37:37.571186Z,ab04c8668a,26,class_k_d97fc7fd,sample_ab04c8668a.npz,k,vn/bang-chu-cai/k
077262ba98,d97fc7fd-0b6a-4feb-a857-d33ca6b9c12e,k,K,vn,bang-chu-cai,camera,Trân,1778824957715,,,60,0,None,https://drive.google.com/file/d/11JFcZIpZho6rUMkZL-yZSkKfPlJjddCE/view,features/vn/bang-chu-cai/class_k_d97fc7fd/sample_077262ba98.npz,https://drive.google.com/file/d/1Xd7_d3jyOBYH3LGFhNH9pWp2BXoFtAB3/view,,2026-05-15T07:40:47.798987Z,077262ba98,26,class_k_d97fc7fd,sample_077262ba98.npz,k,vn/bang-chu-cai/k
a11a313d17,d97fc7fd-0b6a-4feb-a857-d33ca6b9c12e,k,K,vn,bang-chu-cai,camera,Minh,1778824957715,,,60,0,None,https://drive.google.com/file/d/1K2GlkE4gxLdJQdVRdDVuZhUlsOO60IQ_/view,features/vn/bang-chu-cai/class_k_d97fc7fd/sample_a11a313d17.npz,https://drive.google.com/file/d/1AK2l2Ya5v99E6GyS0lf4x09rVg29qtEI/view,,2026-05-15T07:43:00.165414Z,a11a313d17,26,class_k_d97fc7fd,sample_a11a313d17.npz,k,vn/bang-chu-cai/k
d0231463a9,d97fc7fd-0b6a-4feb-a857-d33ca6b9c12e,k,K,vn,bang-chu-cai,camera,Trân,1778824957715,,,60,0,None,https://drive.google.com/file/d/1sVgeYqO6lSDbtRyZPj-OIMkozUN-0lSk/view,features/vn/bang-chu-cai/class_k_d97fc7fd/sample_d0231463a9.npz,https://drive.google.com/file/d/1oibv8H1kEY9jiwwWHudYtaiYVk_Xt8BK/view,,2026-05-15T07:38:12.598996Z,d0231463a9,26,class_k_d97fc7fd,sample_d0231463a9.npz,k,vn/bang-chu-cai/k
984d7e0c28,d97fc7fd-0b6a-4feb-a857-d33ca6b9c12e,k,K,vn,bang-chu-cai,camera,Trân,1778824957715,,,60,0,None,https://drive.google.com/file/d/1MMdR5D079TnkyvIyxNIpgoQomy2rrfqF/view,features/vn/bang-chu-cai/class_k_d97fc7fd/sample_984d7e0c28.npz,https://drive.google.com/file/d/1U8CWaOXZVrKb-4CU8hNFzgURzQ91hELA/view,,2026-05-15T07:41:53.699908Z,984d7e0c28,26,class_k_d97fc7fd,sample_984d7e0c28.npz,k,vn/bang-chu-cai/k
20995c500f,d97fc7fd-0b6a-4feb-a857-d33ca6b9c12e,k,K,vn,bang-chu-cai,camera,Minh,1778824957715,,,60,0,None,https://drive.google.com/file/d/1kFF0zGCCA203FHIIdO5A68qv-zoRkxSy/view,features/vn/bang-chu-cai/class_k_d97fc7fd/sample_20995c500f.npz,https://drive.google.com/file/d/18JNxJLKmDL6NDcYzCD75ZSU4T1SbTDNe/view,,2026-05-15T07:43:19.861283Z,20995c500f,26,class_k_d97fc7fd,sample_20995c500f.npz,k,vn/bang-chu-cai/k
d5c579b314,d97fc7fd-0b6a-4feb-a857-d33ca6b9c12e,k,K,vn,bang-chu-cai,camera,Trân,1778824957715,,,60,0,None,https://drive.google.com/file/d/1TpMVbonW74cvjG8PaIyYv_m4EkAtIntB/view,features/vn/bang-chu-cai/class_k_d97fc7fd/sample_d5c579b314.npz,https://drive.google.com/file/d/1p49i8FCpfyD9SlMlh5To0H-LPjoXaLiQ/view,,2026-05-15T07:37:49.352196Z,d5c579b314,26,class_k_d97fc7fd,sample_d5c579b314.npz,k,vn/bang-chu-cai/k
acf919e1ed,905a0da2-0e92-4d75-8253-45dc79d0f44d,l,L,vn,bang-chu-cai,camera,Trân,1778824957715,,,60,0,None,https://drive.google.com/file/d/19HhQjE8AbdiYVgvNkumbvmKnFGK0fT-L/view,features/vn/bang-chu-cai/class_l_905a0da2/sample_acf919e1ed.npz,https://drive.google.com/file/d/11JFcZIpZho6rUMkZL-yZSkKfPlJjddCE/view,,2026-05-15T07:48:48.340274Z,acf919e1ed,27,class_l_905a0da2,sample_acf919e1ed.npz,l,vn/bang-chu-cai/l
83d7b53c18,905a0da2-0e92-4d75-8253-45dc79d0f44d,l,L,vn,bang-chu-cai,camera,Trân,1778824957715,,,60,0,None,https://drive.google.com/file/d/17dfWg2BzhyMghLkGgkbPwFIOZCP4CzaL/view,features/vn/bang-chu-cai/class_l_905a0da2/sample_83d7b53c18.npz,https://drive.google.com/file/d/1TpMVbonW74cvjG8PaIyYv_m4EkAtIntB/view,,2026-05-15T07:47:11.054745Z,83d7b53c18,27,class_l_905a0da2,sample_83d7b53c18.npz,l,vn/bang-chu-cai/l
736a836333,905a0da2-0e92-4d75-8253-45dc79d0f44d,l,L,vn,bang-chu-cai,camera,Minh,1778824957715,,,60,0,None,https://drive.google.com/file/d/1LReSjM0wvH5sNGEnnicplN-b4cIhuSqr/view,features/vn/bang-chu-cai/class_l_905a0da2/sample_736a836333.npz,https://drive.google.com/file/d/1XlIrLRzLRpKnhViOfTUNFFN1LR27bhlN/view,,2026-05-15T07:49:29.550947Z,736a836333,27,class_l_905a0da2,sample_736a836333.npz,l,vn/bang-chu-cai/l
d3230ab98c,905a0da2-0e92-4d75-8253-45dc79d0f44d,l,L,vn,bang-chu-cai,camera,Minh,1778824957715,,,60,0,None,https://drive.google.com/file/d/1zXb8JxgqwnOiHAZHZQaVRcdgtwJp5Ups/view,features/vn/bang-chu-cai/class_l_905a0da2/sample_d3230ab98c.npz,https://drive.google.com/file/d/1qoVknoSrxPVVlMj8pZFD3KNKENm6oQYc/view,,2026-05-15T07:50:53.247436Z,d3230ab98c,27,class_l_905a0da2,sample_d3230ab98c.npz,l,vn/bang-chu-cai/l
c464df3e76,905a0da2-0e92-4d75-8253-45dc79d0f44d,l,L,vn,bang-chu-cai,camera,Trân,1778824957715,,,60,0,None,https://drive.google.com/file/d/1--xk36gqpMP0TbbIsVQgZSMK1VBC4XzE/view,features/vn/bang-chu-cai/class_l_905a0da2/sample_c464df3e76.npz,https://drive.google.com/file/d/1Q_CB0uZczTxaWD4CriUEcBncCgoY2IR6/view,,2026-05-15T07:48:02.726267Z,c464df3e76,27,class_l_905a0da2,sample_c464df3e76.npz,l,vn/bang-chu-cai/l
415acef280,905a0da2-0e92-4d75-8253-45dc79d0f44d,l,L,vn,bang-chu-cai,camera,Minh,1778824957715,,,60,0,None,https://drive.google.com/file/d/1pvS1OyTBAAJXmPelOrzMI3rfLUKjSe6x/view,features/vn/bang-chu-cai/class_l_905a0da2/sample_415acef280.npz,https://drive.google.com/file/d/1XD-9THgSSn15lSHYYI6l1HX9nVgROnOA/view,,2026-05-15T07:50:41.799155Z,415acef280,27,class_l_905a0da2,sample_415acef280.npz,l,vn/bang-chu-cai/l
33d586b314,905a0da2-0e92-4d75-8253-45dc79d0f44d,l,L,vn,bang-chu-cai,camera,Trân,1778824957715,,,60,0,None,https://drive.google.com/file/d/1Cdsxb2JW4MNnCbRjUfKbClkg3ZVwAsM5/view,features/vn/bang-chu-cai/class_l_905a0da2/sample_33d586b314.npz,https://drive.google.com/file/d/1sVgeYqO6lSDbtRyZPj-OIMkozUN-0lSk/view,,2026-05-15T07:47:34.593408Z,33d586b314,27,class_l_905a0da2,sample_33d586b314.npz,l,vn/bang-chu-cai/l
824d4da14a,905a0da2-0e92-4d75-8253-45dc79d0f44d,l,L,vn,bang-chu-cai,camera,Minh,1778824957715,,,60,0,None,https://drive.google.com/file/d/1Kgv3LHi-CHhhepFi2RB44r1Fnx5pgk04/view,features/vn/bang-chu-cai/class_l_905a0da2/sample_824d4da14a.npz,https://drive.google.com/file/d/1MMdR5D079TnkyvIyxNIpgoQomy2rrfqF/view,,2026-05-15T07:49:52.849654Z,824d4da14a,27,class_l_905a0da2,sample_824d4da14a.npz,l,vn/bang-chu-cai/l
abb4053ad3,905a0da2-0e92-4d75-8253-45dc79d0f44d,l,L,vn,bang-chu-cai,camera,Trân,1778824957715,,,60,0,None,https://drive.google.com/file/d/18LG6MekkNsbXeu9I2bx5_zLVE8bIsoPB/view,features/vn/bang-chu-cai/class_l_905a0da2/sample_abb4053ad3.npz,https://drive.google.com/file/d/19qg86DkEW9pEK3pdp3M2Lm9-JljhxJxd/view,,2026-05-15T07:47:46.254506Z,abb4053ad3,27,class_l_905a0da2,sample_abb4053ad3.npz,l,vn/bang-chu-cai/l
e76f2608d7,905a0da2-0e92-4d75-8253-45dc79d0f44d,l,L,vn,bang-chu-cai,camera,Minh,1778824957715,,,60,0,None,https://drive.google.com/file/d/1nmAttij78PCjhuH3gNJPnrautCN14RV3/view,features/vn/bang-chu-cai/class_l_905a0da2/sample_e76f2608d7.npz,https://drive.google.com/file/d/1CSJBk79fBSdDhfLZZtqfFNvkKNsCjjlS/view,,2026-05-15T07:50:30.181709Z,e76f2608d7,27,class_l_905a0da2,sample_e76f2608d7.npz,l,vn/bang-chu-cai/l
82eb720926,905a0da2-0e92-4d75-8253-45dc79d0f44d,l,L,vn,bang-chu-cai,camera,Trân,1778824957715,,,60,0,None,https://drive.google.com/file/d/1f-Z8nUnm-VbdDJb4fL4m9B6QaJOtLZ1h/view,features/vn/bang-chu-cai/class_l_905a0da2/sample_82eb720926.npz,https://drive.google.com/file/d/1PHy1ro9L519dEYJaLE2brKqicFJPqxE0/view,,2026-05-15T07:48:13.958194Z,82eb720926,27,class_l_905a0da2,sample_82eb720926.npz,l,vn/bang-chu-cai/l
beb6994495,905a0da2-0e92-4d75-8253-45dc79d0f44d,l,L,vn,bang-chu-cai,camera,Trân,1778824957715,,,60,0,None,https://drive.google.com/file/d/1SWytU0OsKfa1YzyveYgBfYN0OIX_05Db/view,features/vn/bang-chu-cai/class_l_905a0da2/sample_beb6994495.npz,https://drive.google.com/file/d/1o71vZBejAtK7vPYRkol_Zgwkg-r6hnCI/view,,2026-05-15T07:46:59.664892Z,beb6994495,27,class_l_905a0da2,sample_beb6994495.npz,l,vn/bang-chu-cai/l
0b521e0145,905a0da2-0e92-4d75-8253-45dc79d0f44d,l,L,vn,bang-chu-cai,camera,Minh,1778824957715,,,60,0,None,https://drive.google.com/file/d/1qSsNFbbdMdzxpxAGZcf5dyJN__y26eIr/view,features/vn/bang-chu-cai/class_l_905a0da2/sample_0b521e0145.npz,https://drive.google.com/file/d/1GJFGTMLxIiLtyYA269ddYEIuvbEH4up-/view,,2026-05-15T07:49:06.553195Z,0b521e0145,27,class_l_905a0da2,sample_0b521e0145.npz,l,vn/bang-chu-cai/l
a7fa84a035,905a0da2-0e92-4d75-8253-45dc79d0f44d,l,L,vn,bang-chu-cai,camera,Trân,1778824957715,,,60,0,None,https://drive.google.com/file/d/1vVCIoT7svNNdOLoZYO-VdPV1d5gvQ8Sq/view,features/vn/bang-chu-cai/class_l_905a0da2/sample_a7fa84a035.npz,https://drive.google.com/file/d/1cC53JKJfO1pFGsF5OUM4UrxaQJ5JKM0t/view,,2026-05-15T07:48:37.024998Z,a7fa84a035,27,class_l_905a0da2,sample_a7fa84a035.npz,l,vn/bang-chu-cai/l
f11decdcc9,905a0da2-0e92-4d75-8253-45dc79d0f44d,l,L,vn,bang-chu-cai,camera,Minh,1778824957715,,,60,0,None,https://drive.google.com/file/d/1FWMN2YwgrV6Qb7NOp3yjG0V_kf7f9bjX/view,features/vn/bang-chu-cai/class_l_905a0da2/sample_f11decdcc9.npz,https://drive.google.com/file/d/1KO-GxuuoOs4-e2rMlN4Sx31wTn5klW7X/view,,2026-05-15T07:50:18.561827Z,f11decdcc9,27,class_l_905a0da2,sample_f11decdcc9.npz,l,vn/bang-chu-cai/l
943151475a,905a0da2-0e92-4d75-8253-45dc79d0f44d,l,L,vn,bang-chu-cai,camera,Minh,1778824957715,,,60,0,None,https://drive.google.com/file/d/1CBjggcNSu_sR7p4uSyGoUTyS5gAA0jeJ/view,features/vn/bang-chu-cai/class_l_905a0da2/sample_943151475a.npz,https://drive.google.com/file/d/1q5jVe7UDGPNQ_ekL8uQKFIOqcqDR-9Vi/view,,2026-05-15T07:49:41.338380Z,943151475a,27,class_l_905a0da2,sample_943151475a.npz,l,vn/bang-chu-cai/l
17454644fc,905a0da2-0e92-4d75-8253-45dc79d0f44d,l,L,vn,bang-chu-cai,camera,Trân,1778824957715,,,60,0,None,https://drive.google.com/file/d/1VKYA4uRnCT0FdEtlvfCk4_Hq4Js6qNnI/view,features/vn/bang-chu-cai/class_l_905a0da2/sample_17454644fc.npz,https://drive.google.com/file/d/10GOuvWuaYZHNJZRYiGXuPwv6W5psSuAT/view,,2026-05-15T07:45:25.413160Z,17454644fc,27,class_l_905a0da2,sample_17454644fc.npz,l,vn/bang-chu-cai/l
f4cc357b8e,905a0da2-0e92-4d75-8253-45dc79d0f44d,l,L,vn,bang-chu-cai,camera,Trân,1778824957715,,,60,0,None,https://drive.google.com/file/d/1HkJ2MEbtrpNTUO1Gz-3EcujU2MOUdr-B/view,features/vn/bang-chu-cai/class_l_905a0da2/sample_f4cc357b8e.npz,https://drive.google.com/file/d/1oCxWq30H9DnbqwmGIhASx2-cJkk8JIwN/view,,2026-05-15T07:44:39.298065Z,f4cc357b8e,27,class_l_905a0da2,sample_f4cc357b8e.npz,l,vn/bang-chu-cai/l
a812dca96b,f759ae47-ef10-40aa-9503-e9e259267a1e,x,X,vn,bang-chu-cai,camera,Trân,1778824957715,,,60,0,None,https://drive.google.com/file/d/1NLumis5WJG3beSyR6i1zWS5hZ8GJ_0fc/view,features/vn/bang-chu-cai/class_x_f759ae47/sample_a812dca96b.npz,https://drive.google.com/file/d/1LlJy2B39FlIDQ7DBuLXQtQnJS8Hit6qB/view,,2026-05-15T08:09:58.882169Z,a812dca96b,28,class_x_f759ae47,sample_a812dca96b.npz,x,vn/bang-chu-cai/x
6ee3cec2fb,f759ae47-ef10-40aa-9503-e9e259267a1e,x,X,vn,bang-chu-cai,camera,Trân,1778824957715,,,60,0,None,https://drive.google.com/file/d/1JEOww-OMtpepa0pRROOeKtiuCj5_A-7j/view,features/vn/bang-chu-cai/class_x_f759ae47/sample_6ee3cec2fb.npz,https://drive.google.com/file/d/1Y2BRH15XNnbTK5arFBDXaqHum5bTa_R6/view,,2026-05-15T08:11:27.092133Z,6ee3cec2fb,28,class_x_f759ae47,sample_6ee3cec2fb.npz,x,vn/bang-chu-cai/x
5e5d6aba50,f759ae47-ef10-40aa-9503-e9e259267a1e,x,X,vn,bang-chu-cai,camera,Trân,1778824957715,,,60,0,None,https://drive.google.com/file/d/1Y_0jr_l9qFgOl4gRUW-FOUVSPQPGPGm4/view,features/vn/bang-chu-cai/class_x_f759ae47/sample_5e5d6aba50.npz,https://drive.google.com/file/d/1A9_-tBEDfHLSOsLD_gx2HYwrhCQmV8xl/view,,2026-05-15T08:09:47.655359Z,5e5d6aba50,28,class_x_f759ae47,sample_5e5d6aba50.npz,x,vn/bang-chu-cai/x
eb2d1773f6,f759ae47-ef10-40aa-9503-e9e259267a1e,x,X,vn,bang-chu-cai,camera,Trân,1778824957715,,,60,0,None,https://drive.google.com/file/d/1Zho36Fj1JPp6zVEDouuRtSR1kEmUxxKW/view,features/vn/bang-chu-cai/class_x_f759ae47/sample_eb2d1773f6.npz,https://drive.google.com/file/d/1UCS4GVnYmHl9RzGnoBqAp9I7Ez3aWZ5V/view,,2026-05-15T08:10:16.002893Z,eb2d1773f6,28,class_x_f759ae47,sample_eb2d1773f6.npz,x,vn/bang-chu-cai/x
c8d64aef9f,f759ae47-ef10-40aa-9503-e9e259267a1e,x,X,vn,bang-chu-cai,camera,Trân,1778824957715,,,60,0,None,https://drive.google.com/file/d/1AarpW-avnhrJdl-g2AGSjyi8T0Y5apRQ/view,features/vn/bang-chu-cai/class_x_f759ae47/sample_c8d64aef9f.npz,https://drive.google.com/file/d/1O05TyfadrpcWrlZPdu9zKc8Lap8lfwI5/view,,2026-05-15T08:08:18.065046Z,c8d64aef9f,28,class_x_f759ae47,sample_c8d64aef9f.npz,x,vn/bang-chu-cai/x
4e97470fe4,f759ae47-ef10-40aa-9503-e9e259267a1e,x,X,vn,bang-chu-cai,camera,Trân,1778824957715,,,60,0,None,https://drive.google.com/file/d/1TLnQnBGI9D4Pm0Fjd8lYpDr41nOecaIg/view,features/vn/bang-chu-cai/class_x_f759ae47/sample_4e97470fe4.npz,https://drive.google.com/file/d/1_gltJTHP42QNE_iBAx0vTTGESIPtP1Xq/view,,2026-05-15T08:10:38.425712Z,4e97470fe4,28,class_x_f759ae47,sample_4e97470fe4.npz,x,vn/bang-chu-cai/x
4e7515273d,f759ae47-ef10-40aa-9503-e9e259267a1e,x,X,vn,bang-chu-cai,camera,Trân,1778824957715,,,60,0,None,https://drive.google.com/file/d/1YuKs3tkNdJl3WZ5gYGoLBcFIBFQXFCum/view,features/vn/bang-chu-cai/class_x_f759ae47/sample_4e7515273d.npz,https://drive.google.com/file/d/10_dUXp01sGIHxwkZ_MNaHiGPrVACUjso/view,,2026-05-15T08:11:38.677482Z,4e7515273d,28,class_x_f759ae47,sample_4e7515273d.npz,x,vn/bang-chu-cai/x
65c862f459,f759ae47-ef10-40aa-9503-e9e259267a1e,x,X,vn,bang-chu-cai,camera,Trân,1778824957715,,,60,0,None,https://drive.google.com/file/d/173r8EcPc-cWURZc2Nz9bI8DZAlD83aYK/view,features/vn/bang-chu-cai/class_x_f759ae47/sample_65c862f459.npz,https://drive.google.com/file/d/1DA9QwEkbTbVRDfNUtBg9aefDz-_2SVOK/view,,2026-05-15T08:20:53.926738Z,65c862f459,28,class_x_f759ae47,sample_65c862f459.npz,x,vn/bang-chu-cai/x
617a6fd489,f759ae47-ef10-40aa-9503-e9e259267a1e,x,X,vn,bang-chu-cai,camera,Minh,1778824957715,,,60,0,None,https://drive.google.com/file/d/1i2xLhhhhSf5uzIWy1TIqKNdJXpEGySsc/view,features/vn/bang-chu-cai/class_x_f759ae47/sample_617a6fd489.npz,https://drive.google.com/file/d/1HdcC7TkJ6P3gebunFJ2IOxLOCZgKIiAW/view,,2026-05-15T08:22:31.026531Z,617a6fd489,28,class_x_f759ae47,sample_617a6fd489.npz,x,vn/bang-chu-cai/x
6fbd62f54e,f759ae47-ef10-40aa-9503-e9e259267a1e,x,X,vn,bang-chu-cai,camera,Trân,1778824957715,,,60,0,None,https://drive.google.com/file/d/1rQI2diknYzlc4JFW54H1O9LqldbfFndZ/view,features/vn/bang-chu-cai/class_x_f759ae47/sample_6fbd62f54e.npz,https://drive.google.com/file/d/1-f0TEzW8UAEE5SroGV6bp5ET5fjM84ck/view,,2026-05-15T08:21:41.589174Z,6fbd62f54e,28,class_x_f759ae47,sample_6fbd62f54e.npz,x,vn/bang-chu-cai/x
5992dcc6d5,f759ae47-ef10-40aa-9503-e9e259267a1e,x,X,vn,bang-chu-cai,camera,Trân,1778824957715,,,60,0,None,https://drive.google.com/file/d/1VzW_QI8vphcq8rHAAG1pdvnHvMuRJCqP/view,features/vn/bang-chu-cai/class_x_f759ae47/sample_5992dcc6d5.npz,https://drive.google.com/file/d/1pQh_6hYRJ5sWXoZ8JuoVSETLrvJyFUSV/view,,2026-05-15T08:11:01.288335Z,5992dcc6d5,28,class_x_f759ae47,sample_5992dcc6d5.npz,x,vn/bang-chu-cai/x
d85a2f5d97,f759ae47-ef10-40aa-9503-e9e259267a1e,x,X,vn,bang-chu-cai,camera,Minh,1778824957715,,,60,0,None,https://drive.google.com/file/d/1zPiJCTJ06sSfv_dNvbBpwytLRMLqiL0u/view,features/vn/bang-chu-cai/class_x_f759ae47/sample_d85a2f5d97.npz,https://drive.google.com/file/d/1Mzerh360c3NPsD8l3LZiBxE98EKJXEr8/view,,2026-05-15T08:22:42.843181Z,d85a2f5d97,28,class_x_f759ae47,sample_d85a2f5d97.npz,x,vn/bang-chu-cai/x
f4aa411c6f,f759ae47-ef10-40aa-9503-e9e259267a1e,x,X,vn,bang-chu-cai,camera,Trân,1778824957715,,,60,0,None,https://drive.google.com/file/d/1C1OEUq087VgsYXIbRYkiTs-ZIw3_oeZA/view,features/vn/bang-chu-cai/class_x_f759ae47/sample_f4aa411c6f.npz,https://drive.google.com/file/d/1UoQCH8Y6mxDatMXnAjT6SHQgwsN0BVt4/view,,2026-05-15T08:21:29.749837Z,f4aa411c6f,28,class_x_f759ae47,sample_f4aa411c6f.npz,x,vn/bang-chu-cai/x
b28ee7714b,f759ae47-ef10-40aa-9503-e9e259267a1e,x,X,vn,bang-chu-cai,camera,Trân,1778824957715,,,60,0,None,https://drive.google.com/file/d/1ZePYCfEI0wn2ToQD1y_21JISpkxxga6V/view,features/vn/bang-chu-cai/class_x_f759ae47/sample_b28ee7714b.npz,https://drive.google.com/file/d/116fDc833RZatz4EJ78mbnEP3ehnqxFGG/view,,2026-05-15T08:21:17.956650Z,b28ee7714b,28,class_x_f759ae47,sample_b28ee7714b.npz,x,vn/bang-chu-cai/x
7ff4ded205,f759ae47-ef10-40aa-9503-e9e259267a1e,x,X,vn,bang-chu-cai,camera,Minh,1778824957715,,,60,0,None,https://drive.google.com/file/d/1JPyazbCSNLENVeAVtmK0QVf7Y3To5ZU8/view,features/vn/bang-chu-cai/class_x_f759ae47/sample_7ff4ded205.npz,https://drive.google.com/file/d/1rnhm52HsQsPfG3S6Zg_wGFTfiVqz6dkp/view,,2026-05-15T08:22:54.537557Z,7ff4ded205,28,class_x_f759ae47,sample_7ff4ded205.npz,x,vn/bang-chu-cai/x
efe6bfa225,f759ae47-ef10-40aa-9503-e9e259267a1e,x,X,vn,bang-chu-cai,camera,Minh,1778824957715,,,60,0,None,https://drive.google.com/file/d/1-tbX228SLY-sv8l6WLfBOvItIa9RQ4vB/view,features/vn/bang-chu-cai/class_x_f759ae47/sample_efe6bfa225.npz,https://drive.google.com/file/d/1qRZgMNVIepy67appLKvi-5tUSQNUDxRD/view,,2026-05-15T08:22:08.019787Z,efe6bfa225,28,class_x_f759ae47,sample_efe6bfa225.npz,x,vn/bang-chu-cai/x
3012dd4876,f759ae47-ef10-40aa-9503-e9e259267a1e,x,X,vn,bang-chu-cai,camera,Trân,1778824957715,,,60,0,None,https://drive.google.com/file/d/1qhz_ETq5I-H-G4Dc2YDU78lGQt4MKteZ/view,features/vn/bang-chu-cai/class_x_f759ae47/sample_3012dd4876.npz,https://drive.google.com/file/d/1-F5q75WxvN-r2FQgZYqxo73Gbp2M6Eov/view,,2026-05-15T08:21:05.829230Z,3012dd4876,28,class_x_f759ae47,sample_3012dd4876.npz,x,vn/bang-chu-cai/x
6c0547fd5f,f759ae47-ef10-40aa-9503-e9e259267a1e,x,X,vn,bang-chu-cai,camera,Trân,1778824957715,,,60,0,None,https://drive.google.com/file/d/1AezAwTwVqqpx59JwvDJy4H9pke26VNrf/view,features/vn/bang-chu-cai/class_x_f759ae47/sample_6c0547fd5f.npz,https://drive.google.com/file/d/1HNIUfOvTiutDmsiKnVMEQA-wpr-2Eivx/view,,2026-05-15T08:08:06.623518Z,6c0547fd5f,28,class_x_f759ae47,sample_6c0547fd5f.npz,x,vn/bang-chu-cai/x
9a7026f5ae,f759ae47-ef10-40aa-9503-e9e259267a1e,x,X,vn,bang-chu-cai,camera,Trân,1778824957715,,,60,0,None,https://drive.google.com/file/d/1CTrhhnHFWu0iKuiSKmCTmQrqCzVsFTRH/view,features/vn/bang-chu-cai/class_x_f759ae47/sample_9a7026f5ae.npz,https://drive.google.com/file/d/10qmNBc7dtt7K1ydVOIS8dMpPj7Al_Hfi/view,,2026-05-15T08:09:13.622502Z,9a7026f5ae,28,class_x_f759ae47,sample_9a7026f5ae.npz,x,vn/bang-chu-cai/x
393e1f79b6,f759ae47-ef10-40aa-9503-e9e259267a1e,x,X,vn,bang-chu-cai,camera,Trân,1778824957715,,,60,0,None,https://drive.google.com/file/d/1kZzcKwJKyeavUyN0Sm77mHV-3eGCRaeQ/view,features/vn/bang-chu-cai/class_x_f759ae47/sample_393e1f79b6.npz,https://drive.google.com/file/d/1bbDkMQg53SHny1b6F4ZAD99nSsSHUfps/view,,2026-05-15T08:08:40.839825Z,393e1f79b6,28,class_x_f759ae47,sample_393e1f79b6.npz,x,vn/bang-chu-cai/x
81ec4a99e0,f759ae47-ef10-40aa-9503-e9e259267a1e,x,X,vn,bang-chu-cai,camera,Trân,1778824957715,,,60,0,None,https://drive.google.com/file/d/19EzJ7ydrxattWrG_os8PpRSJcH0xwsDx/view,features/vn/bang-chu-cai/class_x_f759ae47/sample_81ec4a99e0.npz,https://drive.google.com/file/d/1v13xJFTPopjO2R8b7aLTrgnnCq0agaL_/view,,2026-05-15T08:11:16.041080Z,81ec4a99e0,28,class_x_f759ae47,sample_81ec4a99e0.npz,x,vn/bang-chu-cai/x
ab63dad347,ba9d934f-9836-4da5-946a-f6b5193a3cc8,y,Y,vn,bang-chu-cai,camera,Trân,1778824957715,,,60,0,None,https://drive.google.com/file/d/1rFAsij3l0vMZKokOorB6PqK3gRDBVPTV/view,features/vn/bang-chu-cai/class_y_ba9d934f/sample_ab63dad347.npz,https://drive.google.com/file/d/1HVUJoL786upRhk6zBbQepDn8H_3pKy1Z/view,,2026-05-15T08:26:06.956253Z,ab63dad347,29,class_y_ba9d934f,sample_ab63dad347.npz,y,vn/bang-chu-cai/y
927b53383b,ba9d934f-9836-4da5-946a-f6b5193a3cc8,y,Y,vn,bang-chu-cai,camera,Minh,1778824957715,,,60,0,None,https://drive.google.com/file/d/1yS8w0EMniuZfPppEDlQfiiQIWMJUK2AD/view,features/vn/bang-chu-cai/class_y_ba9d934f/sample_927b53383b.npz,https://drive.google.com/file/d/1C24B8zYan-5aXthsQPZph-eWULPa8e9N/view,,2026-05-15T08:28:09.787726Z,927b53383b,29,class_y_ba9d934f,sample_927b53383b.npz,y,vn/bang-chu-cai/y
56f9ec1464,ba9d934f-9836-4da5-946a-f6b5193a3cc8,y,Y,vn,bang-chu-cai,camera,Minh,1778824957715,,,60,0,None,https://drive.google.com/file/d/16wCJC2fOkttw9OEtx-8XV8XKiqp4HK1d/view,features/vn/bang-chu-cai/class_y_ba9d934f/sample_56f9ec1464.npz,https://drive.google.com/file/d/1rQI2diknYzlc4JFW54H1O9LqldbfFndZ/view,,2026-05-15T08:30:12.175303Z,56f9ec1464,29,class_y_ba9d934f,sample_56f9ec1464.npz,y,vn/bang-chu-cai/y
c90a174e89,ba9d934f-9836-4da5-946a-f6b5193a3cc8,y,Y,vn,bang-chu-cai,camera,Trân,1778824957715,,,60,0,None,https://drive.google.com/file/d/1hqqc_oH1zb4ilHHZ9sOApzlzJeDjnhsh/view,features/vn/bang-chu-cai/class_y_ba9d934f/sample_c90a174e89.npz,https://drive.google.com/file/d/1CTrhhnHFWu0iKuiSKmCTmQrqCzVsFTRH/view,,2026-05-15T08:26:18.291690Z,c90a174e89,29,class_y_ba9d934f,sample_c90a174e89.npz,y,vn/bang-chu-cai/y
c4629692ff,ba9d934f-9836-4da5-946a-f6b5193a3cc8,y,Y,vn,bang-chu-cai,camera,Minh,1778824957715,,,60,0,None,https://drive.google.com/file/d/1AcrHCfJCvJJrIWFgUovXZwWIt5nioYBO/view,features/vn/bang-chu-cai/class_y_ba9d934f/sample_c4629692ff.npz,https://drive.google.com/file/d/1qhz_ETq5I-H-G4Dc2YDU78lGQt4MKteZ/view,,2026-05-15T08:29:36.841172Z,c4629692ff,29,class_y_ba9d934f,sample_c4629692ff.npz,y,vn/bang-chu-cai/y
478c23688c,ba9d934f-9836-4da5-946a-f6b5193a3cc8,y,Y,vn,bang-chu-cai,camera,Minh,1778824957715,,,60,0,None,https://drive.google.com/file/d/1quxdPwMbs5tt3G81M3iPnEkVvoqvys2V/view,features/vn/bang-chu-cai/class_y_ba9d934f/sample_478c23688c.npz,https://drive.google.com/file/d/19EzJ7ydrxattWrG_os8PpRSJcH0xwsDx/view,,2026-05-15T08:28:33.567151Z,478c23688c,29,class_y_ba9d934f,sample_478c23688c.npz,y,vn/bang-chu-cai/y
403b333a4f,ba9d934f-9836-4da5-946a-f6b5193a3cc8,y,Y,vn,bang-chu-cai,camera,Trân,1778824957715,,,60,0,None,https://drive.google.com/file/d/1aqMyL0CETGEN4Q1uVWr0E48gKxu6Zpoq/view,features/vn/bang-chu-cai/class_y_ba9d934f/sample_403b333a4f.npz,https://drive.google.com/file/d/1hOxHJ779lA9nKYEhXqow3T5Q-W8OSUYY/view,,2026-05-15T08:25:01.855414Z,403b333a4f,29,class_y_ba9d934f,sample_403b333a4f.npz,y,vn/bang-chu-cai/y
5a8de8c04e,ba9d934f-9836-4da5-946a-f6b5193a3cc8,y,Y,vn,bang-chu-cai,camera,Trân,1778824957715,,,60,0,None,https://drive.google.com/file/d/1T10VqszTaZP972NFylXUH4opMZ4yeqPB/view,features/vn/bang-chu-cai/class_y_ba9d934f/sample_5a8de8c04e.npz,https://drive.google.com/file/d/1kZzcKwJKyeavUyN0Sm77mHV-3eGCRaeQ/view,,2026-05-15T08:25:54.829179Z,5a8de8c04e,29,class_y_ba9d934f,sample_5a8de8c04e.npz,y,vn/bang-chu-cai/y
a6d6262a08,ba9d934f-9836-4da5-946a-f6b5193a3cc8,y,Y,vn,bang-chu-cai,camera,Trân,1778824957715,,,60,0,None,https://drive.google.com/file/d/1CYpVuJdtDqAaa90QTM4XWgVF5g4922xv/view,features/vn/bang-chu-cai/class_y_ba9d934f/sample_a6d6262a08.npz,https://drive.google.com/file/d/16aiWhE3A46WLj5Gbz80zseUVwoBtqsyQ/view,,2026-05-15T08:25:37.776979Z,a6d6262a08,29,class_y_ba9d934f,sample_a6d6262a08.npz,y,vn/bang-chu-cai/y
eae488ea70,ba9d934f-9836-4da5-946a-f6b5193a3cc8,y,Y,vn,bang-chu-cai,camera,Trân,1778824957715,,,60,0,None,https://drive.google.com/file/d/1iLEEVvVcF6OeHroMlfhFmkGQy6Z7xkyK/view,features/vn/bang-chu-cai/class_y_ba9d934f/sample_eae488ea70.npz,https://drive.google.com/file/d/1H3R5eCdgLg5_ldelrtGNJm0aUuJ1BVxH/view,,2026-05-15T08:26:30.696243Z,eae488ea70,29,class_y_ba9d934f,sample_eae488ea70.npz,y,vn/bang-chu-cai/y
87c877cec3,ba9d934f-9836-4da5-946a-f6b5193a3cc8,y,Y,vn,bang-chu-cai,camera,Minh,1778824957715,,,60,0,None,https://drive.google.com/file/d/1c-HUzHTA2kl31fa7W9Df_sMgepindjEG/view,features/vn/bang-chu-cai/class_y_ba9d934f/sample_87c877cec3.npz,https://drive.google.com/file/d/1ZePYCfEI0wn2ToQD1y_21JISpkxxga6V/view,,2026-05-15T08:29:48.203323Z,87c877cec3,29,class_y_ba9d934f,sample_87c877cec3.npz,y,vn/bang-chu-cai/y
b4baf747a5,ba9d934f-9836-4da5-946a-f6b5193a3cc8,y,Y,vn,bang-chu-cai,camera,Trân,1778824957715,,,60,0,None,https://drive.google.com/file/d/1WYJTgWg35HbuqS1qpHdFC2ajMSzv5Zqr/view,features/vn/bang-chu-cai/class_y_ba9d934f/sample_b4baf747a5.npz,https://drive.google.com/file/d/1hs2Cw_-V15JFgHJhquCwgAz5BdbGcynx/view,,2026-05-15T08:27:40.022752Z,b4baf747a5,29,class_y_ba9d934f,sample_b4baf747a5.npz,y,vn/bang-chu-cai/y
1106f2d982,ba9d934f-9836-4da5-946a-f6b5193a3cc8,y,Y,vn,bang-chu-cai,camera,Trân,1778824957715,,,60,0,None,https://drive.google.com/file/d/1AuRAbdvbTiw_7UaEJEsos2DbP9eoOlOp/view,features/vn/bang-chu-cai/class_y_ba9d934f/sample_1106f2d982.npz,https://drive.google.com/file/d/1AarpW-avnhrJdl-g2AGSjyi8T0Y5apRQ/view,,2026-05-15T08:25:24.783294Z,1106f2d982,29,class_y_ba9d934f,sample_1106f2d982.npz,y,vn/bang-chu-cai/y
9f04c69b45,ba9d934f-9836-4da5-946a-f6b5193a3cc8,y,Y,vn,bang-chu-cai,camera,Minh,1778824957715,,,60,0,None,https://drive.google.com/file/d/1OE0UGquYQMAuUQrEcMw9lop6zohgFdPd/view,features/vn/bang-chu-cai/class_y_ba9d934f/sample_9f04c69b45.npz,https://drive.google.com/file/d/173r8EcPc-cWURZc2Nz9bI8DZAlD83aYK/view,,2026-05-15T08:29:24.553444Z,9f04c69b45,29,class_y_ba9d934f,sample_9f04c69b45.npz,y,vn/bang-chu-cai/y
f4c206881d,ba9d934f-9836-4da5-946a-f6b5193a3cc8,y,Y,vn,bang-chu-cai,camera,Minh,1778824957715,,,60,0,None,https://drive.google.com/file/d/1b2zLIuwiijjjThgkK4xQpO9C1syUQ1JT/view,features/vn/bang-chu-cai/class_y_ba9d934f/sample_f4c206881d.npz,https://drive.google.com/file/d/1VzW_QI8vphcq8rHAAG1pdvnHvMuRJCqP/view,,2026-05-15T08:28:21.474510Z,f4c206881d,29,class_y_ba9d934f,sample_f4c206881d.npz,y,vn/bang-chu-cai/y
98df2556ee,ba9d934f-9836-4da5-946a-f6b5193a3cc8,y,Y,vn,bang-chu-cai,camera,Trân,1778824957715,,,60,0,None,https://drive.google.com/file/d/1J7alUdDmYEqM9rTzA1pBNiTXEuyNw0PL/view,features/vn/bang-chu-cai/class_y_ba9d934f/sample_98df2556ee.npz,https://drive.google.com/file/d/1Zho36Fj1JPp6zVEDouuRtSR1kEmUxxKW/view,,2026-05-15T08:27:28.476979Z,98df2556ee,29,class_y_ba9d934f,sample_98df2556ee.npz,y,vn/bang-chu-cai/y
1e690271a6,ba9d934f-9836-4da5-946a-f6b5193a3cc8,y,Y,vn,bang-chu-cai,camera,Minh,1778824957715,,,60,0,None,https://drive.google.com/file/d/1XfFk4jqJSCKk2X-_QA7-JH5RP8PEA0Gl/view,features/vn/bang-chu-cai/class_y_ba9d934f/sample_1e690271a6.npz,https://drive.google.com/file/d/1C1OEUq087VgsYXIbRYkiTs-ZIw3_oeZA/view,,2026-05-15T08:30:00.597336Z,1e690271a6,29,class_y_ba9d934f,sample_1e690271a6.npz,y,vn/bang-chu-cai/y
fd549032ac,ba9d934f-9836-4da5-946a-f6b5193a3cc8,y,Y,vn,bang-chu-cai,camera,Trân,1778824957715,,,60,0,None,https://drive.google.com/file/d/1OVH0U5ooFrBHliPTwubf16uE7AqLlPuE/view,features/vn/bang-chu-cai/class_y_ba9d934f/sample_fd549032ac.npz,https://drive.google.com/file/d/19mOQI7XOKf4gXoFf71U4QJyBsu82cWnv/view,,2026-05-15T08:24:50.548124Z,fd549032ac,29,class_y_ba9d934f,sample_fd549032ac.npz,y,vn/bang-chu-cai/y
8943e9eaac,6df3b6d1-fa0c-4435-87ca-91e2cea78d13,z,Z,vn,bang-chu-cai,camera,Minh,1780244022241,,,60,0,None,/dataset/features/vn/bang-chu-cai/class_z_6df3b6d1/sample_8943e9eaac.npz,features/vn/bang-chu-cai/class_z_6df3b6d1/sample_8943e9eaac.npz,https://drive.google.com/file/d/1WFByg3ecVvFby3bYfCS0BhqbifxagLVS/view,,2026-05-15T16:47:19.882006Z,8943e9eaac,32,class_z_6df3b6d1,sample_8943e9eaac.npz,z,vn/bang-chu-cai/z
5f5fb23eb8,6df3b6d1-fa0c-4435-87ca-91e2cea78d13,z,Z,vn,bang-chu-cai,camera,Minh,1780244022241,,,60,0,None,/dataset/features/vn/bang-chu-cai/class_z_6df3b6d1/sample_5f5fb23eb8.npz,features/vn/bang-chu-cai/class_z_6df3b6d1/sample_5f5fb23eb8.npz,https://drive.google.com/file/d/13_Gykd7EtGyaiUxz2ie3C9utbl5nmfMv/view,,2026-05-15T16:48:19.462370Z,5f5fb23eb8,32,class_z_6df3b6d1,sample_5f5fb23eb8.npz,z,vn/bang-chu-cai/z
4f20c92870,6df3b6d1-fa0c-4435-87ca-91e2cea78d13,z,Z,vn,bang-chu-cai,camera,Minh,1780244022241,,,60,0,None,/dataset/features/vn/bang-chu-cai/class_z_6df3b6d1/sample_4f20c92870.npz,features/vn/bang-chu-cai/class_z_6df3b6d1/sample_4f20c92870.npz,https://drive.google.com/file/d/1rjzDNdGu36mwJxM3CgXFnRFVWatwvhZL/view,,2026-05-15T16:48:46.246443Z,4f20c92870,32,class_z_6df3b6d1,sample_4f20c92870.npz,z,vn/bang-chu-cai/z
cdab14e96f,6df3b6d1-fa0c-4435-87ca-91e2cea78d13,z,Z,vn,bang-chu-cai,camera,Minh,1780244022241,,,60,0,None,/dataset/features/vn/bang-chu-cai/class_z_6df3b6d1/sample_cdab14e96f.npz,features/vn/bang-chu-cai/class_z_6df3b6d1/sample_cdab14e96f.npz,https://drive.google.com/file/d/1M1iMw4DrNRNKmneUX869lyOvJ5vNR3YP/view,,2026-05-15T16:47:52.147857Z,cdab14e96f,32,class_z_6df3b6d1,sample_cdab14e96f.npz,z,vn/bang-chu-cai/z
c870141195,6df3b6d1-fa0c-4435-87ca-91e2cea78d13,z,Z,vn,bang-chu-cai,camera,Minh,1780244022241,,,60,0,None,https://drive.google.com/file/d/1sxJAWh1BmL7PtrV33akWRhctdRuWcNfd/view?usp=drive_link,features/vn/bang-chu-cai/class_z_6df3b6d1/sample_c870141195.npz,https://drive.google.com/file/d/1wh_o-QmHF_phnemkejbseDp6eHzFiuUV/view,,2026-05-15T16:45:47.319199Z,c870141195,32,class_z_6df3b6d1,sample_c870141195.npz,z,vn/bang-chu-cai/z
36661429f5,6df3b6d1-fa0c-4435-87ca-91e2cea78d13,z,Z,vn,bang-chu-cai,camera,Minh,1780244022241,,,60,0,None,/dataset/features/vn/bang-chu-cai/class_z_6df3b6d1/sample_36661429f5.npz,features/vn/bang-chu-cai/class_z_6df3b6d1/sample_36661429f5.npz,https://drive.google.com/file/d/1GW2iBsTuVjaSV4jBTG7gBYU6iCiWry2y/view,,2026-05-15T17:03:11.706589Z,36661429f5,32,class_z_6df3b6d1,sample_36661429f5.npz,z,vn/bang-chu-cai/z
334a950960,6df3b6d1-fa0c-4435-87ca-91e2cea78d13,z,Z,vn,bang-chu-cai,camera,Minh,1780244022241,,,60,0,None,https://drive.google.com/file/d/1XFmZgRSMSUoWzQ9lSliCZ0ZAY66bCDdT/view?usp=drive_link,features/vn/bang-chu-cai/class_z_6df3b6d1/sample_334a950960.npz,https://drive.google.com/file/d/1rnZ9BRpUua5at9O7xlfGk1KdZ8YQdhi5/view,,2026-05-15T16:46:00.443640Z,334a950960,32,class_z_6df3b6d1,sample_334a950960.npz,z,vn/bang-chu-cai/z
570afe851d,6df3b6d1-fa0c-4435-87ca-91e2cea78d13,z,Z,vn,bang-chu-cai,camera,Minh,1780244022241,,,60,0,None,/dataset/features/vn/bang-chu-cai/class_z_6df3b6d1/sample_570afe851d.npz,features/vn/bang-chu-cai/class_z_6df3b6d1/sample_570afe851d.npz,https://drive.google.com/file/d/1_5j6tXK0CTsdlpOchkvfYMTp4p0_9cNK/view,,2026-05-15T16:48:32.897443Z,570afe851d,32,class_z_6df3b6d1,sample_570afe851d.npz,z,vn/bang-chu-cai/z
8009c47d99,6df3b6d1-fa0c-4435-87ca-91e2cea78d13,z,Z,vn,bang-chu-cai,camera,Minh,1780244022241,,,60,0,None,https://drive.google.com/file/d/1I7ZKoXVWxGwM2EONZq7sxOad0gTyESYP/view?usp=drive_link,features/vn/bang-chu-cai/class_z_6df3b6d1/sample_8009c47d99.npz,https://drive.google.com/file/d/1JD0chOhYGJqzRsWsegMv-1SJkL2VdWuR/view,,2026-05-15T16:45:33.869828Z,8009c47d99,32,class_z_6df3b6d1,sample_8009c47d99.npz,z,vn/bang-chu-cai/z
d5c36553d7,6df3b6d1-fa0c-4435-87ca-91e2cea78d13,z,Z,vn,bang-chu-cai,camera,Tran,1780244022241,,,60,0,None,/dataset/features/vn/bang-chu-cai/class_z_6df3b6d1/sample_d5c36553d7.npz,features/vn/bang-chu-cai/class_z_6df3b6d1/sample_d5c36553d7.npz,https://drive.google.com/file/d/1N_DN2VVxQDnEstrZSJK-C8NlrzQ5iqVv/view,,2026-05-15T17:03:38.854750Z,d5c36553d7,32,class_z_6df3b6d1,sample_d5c36553d7.npz,z,vn/bang-chu-cai/z
5dea42e510,6df3b6d1-fa0c-4435-87ca-91e2cea78d13,z,Z,vn,bang-chu-cai,camera,Tran,1780244022241,,,60,0,None,/dataset/features/vn/bang-chu-cai/class_z_6df3b6d1/sample_5dea42e510.npz,features/vn/bang-chu-cai/class_z_6df3b6d1/sample_5dea42e510.npz,https://drive.google.com/file/d/1pixowavRSJBrAoe3eNOCI-mXrCYxkPqs/view,,2026-05-16T02:21:48.913491Z,5dea42e510,32,class_z_6df3b6d1,sample_5dea42e510.npz,z,vn/bang-chu-cai/z
990934b148,6df3b6d1-fa0c-4435-87ca-91e2cea78d13,z,Z,vn,bang-chu-cai,camera,Minh,1780244022241,,,60,0,None,/dataset/features/vn/bang-chu-cai/class_z_6df3b6d1/sample_990934b148.npz,features/vn/bang-chu-cai/class_z_6df3b6d1/sample_990934b148.npz,https://drive.google.com/file/d/1m2HOxAVIJt2sP8HgXoVS4TQFjhBW3JzA/view,,2026-05-15T16:46:39.136616Z,990934b148,32,class_z_6df3b6d1,sample_990934b148.npz,z,vn/bang-chu-cai/z
0e02c9d4e7,6df3b6d1-fa0c-4435-87ca-91e2cea78d13,z,Z,vn,bang-chu-cai,camera,Tran,1780244022241,,,60,0,None,/dataset/features/vn/bang-chu-cai/class_z_6df3b6d1/sample_0e02c9d4e7.npz,features/vn/bang-chu-cai/class_z_6df3b6d1/sample_0e02c9d4e7.npz,https://drive.google.com/file/d/1G3Rpur8CKEV1aM8l7FE1ksswhHn-Sitt/view,,2026-05-16T02:20:56.956463Z,0e02c9d4e7,32,class_z_6df3b6d1,sample_0e02c9d4e7.npz,z,vn/bang-chu-cai/z
79aa10c3dd,6df3b6d1-fa0c-4435-87ca-91e2cea78d13,z,Z,vn,bang-chu-cai,camera,Tran,1780244022241,,,60,0,None,/dataset/features/vn/bang-chu-cai/class_z_6df3b6d1/sample_79aa10c3dd.npz,features/vn/bang-chu-cai/class_z_6df3b6d1/sample_79aa10c3dd.npz,https://drive.google.com/file/d/1Y-4oFuS7FvnLITAaYIf_tqeLE2ZtzoPr/view,,2026-05-15T17:04:06.102633Z,79aa10c3dd,32,class_z_6df3b6d1,sample_79aa10c3dd.npz,z,vn/bang-chu-cai/z
dc75feadbc,6df3b6d1-fa0c-4435-87ca-91e2cea78d13,z,Z,vn,bang-chu-cai,camera,Minh,1780244022241,,,60,0,None,/dataset/features/vn/bang-chu-cai/class_z_6df3b6d1/sample_dc75feadbc.npz,features/vn/bang-chu-cai/class_z_6df3b6d1/sample_dc75feadbc.npz,https://drive.google.com/file/d/1jR53hLnPsldB_xi2OKylamNsh6h4yKok/view,,2026-05-15T16:47:06.424757Z,dc75feadbc,32,class_z_6df3b6d1,sample_dc75feadbc.npz,z,vn/bang-chu-cai/z
5f6d08045f,6df3b6d1-fa0c-4435-87ca-91e2cea78d13,z,Z,vn,bang-chu-cai,camera,Minh,1780244022241,,,60,0,None,/dataset/features/vn/bang-chu-cai/class_z_6df3b6d1/sample_5f6d08045f.npz,features/vn/bang-chu-cai/class_z_6df3b6d1/sample_5f6d08045f.npz,https://drive.google.com/file/d/13Vtws7L8BzkH9aE0eLtGaSG11VsEtbQr/view,,2026-05-15T16:48:05.983961Z,5f6d08045f,32,class_z_6df3b6d1,sample_5f6d08045f.npz,z,vn/bang-chu-cai/z
1b08dff7bf,6df3b6d1-fa0c-4435-87ca-91e2cea78d13,z,Z,vn,bang-chu-cai,camera,Minh,1780244022241,,,60,0,None,/dataset/features/vn/bang-chu-cai/class_z_6df3b6d1/sample_1b08dff7bf.npz,features/vn/bang-chu-cai/class_z_6df3b6d1/sample_1b08dff7bf.npz,https://drive.google.com/file/d/1M5QlGgU59XN2CgXF66eu3gMizWXVSzAq/view,,2026-05-15T16:47:33.266438Z,1b08dff7bf,32,class_z_6df3b6d1,sample_1b08dff7bf.npz,z,vn/bang-chu-cai/z
ede86ec850,6df3b6d1-fa0c-4435-87ca-91e2cea78d13,z,Z,vn,bang-chu-cai,camera,Tran,1780244022241,,,60,0,None,/dataset/features/vn/bang-chu-cai/class_z_6df3b6d1/sample_ede86ec850.npz,features/vn/bang-chu-cai/class_z_6df3b6d1/sample_ede86ec850.npz,https://drive.google.com/file/d/1wayTT5izkeat7mBaZdfAur6W9bsYqwA2/view,,2026-05-15T17:03:52.159866Z,ede86ec850,32,class_z_6df3b6d1,sample_ede86ec850.npz,z,vn/bang-chu-cai/z
