sample_uid,class_uid,slug,label_original,language,dialect,source_type,user_id,session_id,fps_original,fps_processed,seq_len,augment_id,completeness,file_path,storage_key,storage_url,checksum,created_at
a382db2948,cb7be8bf-a01b-404c-acc0-571c41950eab,cam-on,Cảm ơn,vn,common,camera,Minh,1777885146491,,,60,0,None,/dataset/features/vn/common/class_cam-on_cb7be8bf/aug_000/sample_a382db2948.npz,features/vn/common/class_cam-on_cb7be8bf/aug_000/sample_a382db2948.npz,s3://sign-dataset/features/vn/common/class_cam-on_cb7be8bf/aug_000/sample_a382db2948.npz,,2026-05-04T08:59:38.967135Z
c874fa8d7b,cb7be8bf-a01b-404c-acc0-571c41950eab,cam-on,Cảm ơn,vn,common,camera,Minh,1777885146491,,,60,1,None,/dataset/features/vn/common/class_cam-on_cb7be8bf/aug_001/sample_c874fa8d7b.npz,features/vn/common/class_cam-on_cb7be8bf/aug_001/sample_c874fa8d7b.npz,s3://sign-dataset/features/vn/common/class_cam-on_cb7be8bf/aug_001/sample_c874fa8d7b.npz,,2026-05-04T08:59:39.088432Z
55bf7c0e06,cb7be8bf-a01b-404c-acc0-571c41950eab,cam-on,Cảm ơn,vn,common,camera,Minh,1777885146491,,,60,2,None,/dataset/features/vn/common/class_cam-on_cb7be8bf/aug_002/sample_55bf7c0e06.npz,features/vn/common/class_cam-on_cb7be8bf/aug_002/sample_55bf7c0e06.npz,s3://sign-dataset/features/vn/common/class_cam-on_cb7be8bf/aug_002/sample_55bf7c0e06.npz,,2026-05-04T08:59:39.175083Z
338c451aa4,cb7be8bf-a01b-404c-acc0-571c41950eab,cam-on,Cảm ơn,vn,common,camera,Minh,1777885146491,,,60,3,None,/dataset/features/vn/common/class_cam-on_cb7be8bf/aug_003/sample_338c451aa4.npz,features/vn/common/class_cam-on_cb7be8bf/aug_003/sample_338c451aa4.npz,s3://sign-dataset/features/vn/common/class_cam-on_cb7be8bf/aug_003/sample_338c451aa4.npz,,2026-05-04T08:59:39.258967Z
bacaffbeae,cb7be8bf-a01b-404c-acc0-571c41950eab,cam-on,Cảm ơn,vn,common,camera,Minh,1777885146491,,,60,4,None,/dataset/features/vn/common/class_cam-on_cb7be8bf/aug_004/sample_bacaffbeae.npz,features/vn/common/class_cam-on_cb7be8bf/aug_004/sample_bacaffbeae.npz,s3://sign-dataset/features/vn/common/class_cam-on_cb7be8bf/aug_004/sample_bacaffbeae.npz,,2026-05-04T08:59:39.339012Z
bc0e836ae6,cb7be8bf-a01b-404c-acc0-571c41950eab,cam-on,Cảm ơn,vn,common,camera,Minh,1777885146491,,,60,5,None,/dataset/features/vn/common/class_cam-on_cb7be8bf/aug_005/sample_bc0e836ae6.npz,features/vn/common/class_cam-on_cb7be8bf/aug_005/sample_bc0e836ae6.npz,s3://sign-dataset/features/vn/common/class_cam-on_cb7be8bf/aug_005/sample_bc0e836ae6.npz,,2026-05-04T08:59:39.418959Z
fd3c5aa3ed,cb7be8bf-a01b-404c-acc0-571c41950eab,cam-on,Cảm ơn,vn,common,camera,Minh,1777885146491,,,60,6,None,/dataset/features/vn/common/class_cam-on_cb7be8bf/aug_006/sample_fd3c5aa3ed.npz,features/vn/common/class_cam-on_cb7be8bf/aug_006/sample_fd3c5aa3ed.npz,s3://sign-dataset/features/vn/common/class_cam-on_cb7be8bf/aug_006/sample_fd3c5aa3ed.npz,,2026-05-04T08:59:39.514582Z
6a273b10d9,cb7be8bf-a01b-404c-acc0-571c41950eab,cam-on,Cảm ơn,vn,common,camera,Minh,1777885146491,,,60,7,None,/dataset/features/vn/common/class_cam-on_cb7be8bf/aug_007/sample_6a273b10d9.npz,features/vn/common/class_cam-on_cb7be8bf/aug_007/sample_6a273b10d9.npz,s3://sign-dataset/features/vn/common/class_cam-on_cb7be8bf/aug_007/sample_6a273b10d9.npz,,2026-05-04T08:59:39.611101Z
52005a73b4,cb7be8bf-a01b-404c-acc0-571c41950eab,cam-on,Cảm ơn,vn,common,camera,Minh,1777885146491,,,60,0,None,/dataset/features/vn/common/class_cam-on_cb7be8bf/aug_000/sample_52005a73b4.npz,features/vn/common/class_cam-on_cb7be8bf/aug_000/sample_52005a73b4.npz,s3://sign-dataset/features/vn/common/class_cam-on_cb7be8bf/aug_000/sample_52005a73b4.npz,,2026-05-04T08:59:49.143284Z
4a4c346601,cb7be8bf-a01b-404c-acc0-571c41950eab,cam-on,Cảm ơn,vn,common,camera,Minh,1777885146491,,,60,1,None,/dataset/features/vn/common/class_cam-on_cb7be8bf/aug_001/sample_4a4c346601.npz,features/vn/common/class_cam-on_cb7be8bf/aug_001/sample_4a4c346601.npz,s3://sign-dataset/features/vn/common/class_cam-on_cb7be8bf/aug_001/sample_4a4c346601.npz,,2026-05-04T08:59:49.231256Z
d5763df9a7,cb7be8bf-a01b-404c-acc0-571c41950eab,cam-on,Cảm ơn,vn,common,camera,Minh,1777885146491,,,60,2,None,/dataset/features/vn/common/class_cam-on_cb7be8bf/aug_002/sample_d5763df9a7.npz,features/vn/common/class_cam-on_cb7be8bf/aug_002/sample_d5763df9a7.npz,s3://sign-dataset/features/vn/common/class_cam-on_cb7be8bf/aug_002/sample_d5763df9a7.npz,,2026-05-04T08:59:49.320244Z
557ab6a59f,cb7be8bf-a01b-404c-acc0-571c41950eab,cam-on,Cảm ơn,vn,common,camera,Minh,1777885146491,,,60,3,None,/dataset/features/vn/common/class_cam-on_cb7be8bf/aug_003/sample_557ab6a59f.npz,features/vn/common/class_cam-on_cb7be8bf/aug_003/sample_557ab6a59f.npz,s3://sign-dataset/features/vn/common/class_cam-on_cb7be8bf/aug_003/sample_557ab6a59f.npz,,2026-05-04T08:59:49.401485Z
be8b73ae19,cb7be8bf-a01b-404c-acc0-571c41950eab,cam-on,Cảm ơn,vn,common,camera,Minh,1777885146491,,,60,4,None,/dataset/features/vn/common/class_cam-on_cb7be8bf/aug_004/sample_be8b73ae19.npz,features/vn/common/class_cam-on_cb7be8bf/aug_004/sample_be8b73ae19.npz,s3://sign-dataset/features/vn/common/class_cam-on_cb7be8bf/aug_004/sample_be8b73ae19.npz,,2026-05-04T08:59:49.484427Z
be84d2720c,cb7be8bf-a01b-404c-acc0-571c41950eab,cam-on,Cảm ơn,vn,common,camera,Minh,1777885146491,,,60,5,None,/dataset/features/vn/common/class_cam-on_cb7be8bf/aug_005/sample_be84d2720c.npz,features/vn/common/class_cam-on_cb7be8bf/aug_005/sample_be84d2720c.npz,s3://sign-dataset/features/vn/common/class_cam-on_cb7be8bf/aug_005/sample_be84d2720c.npz,,2026-05-04T08:59:49.567760Z
b63c776ee1,cb7be8bf-a01b-404c-acc0-571c41950eab,cam-on,Cảm ơn,vn,common,camera,Minh,1777885146491,,,60,6,None,/dataset/features/vn/common/class_cam-on_cb7be8bf/aug_006/sample_b63c776ee1.npz,features/vn/common/class_cam-on_cb7be8bf/aug_006/sample_b63c776ee1.npz,s3://sign-dataset/features/vn/common/class_cam-on_cb7be8bf/aug_006/sample_b63c776ee1.npz,,2026-05-04T08:59:49.653536Z
99e2e443f3,cb7be8bf-a01b-404c-acc0-571c41950eab,cam-on,Cảm ơn,vn,common,camera,Minh,1777885146491,,,60,7,None,/dataset/features/vn/common/class_cam-on_cb7be8bf/aug_007/sample_99e2e443f3.npz,features/vn/common/class_cam-on_cb7be8bf/aug_007/sample_99e2e443f3.npz,s3://sign-dataset/features/vn/common/class_cam-on_cb7be8bf/aug_007/sample_99e2e443f3.npz,,2026-05-04T08:59:49.748674Z
5a6a8212b7,cb7be8bf-a01b-404c-acc0-571c41950eab,cam-on,Cảm ơn,vn,common,camera,Minh,1777885146491,,,60,0,None,/dataset/features/vn/common/class_cam-on_cb7be8bf/aug_000/sample_5a6a8212b7.npz,features/vn/common/class_cam-on_cb7be8bf/aug_000/sample_5a6a8212b7.npz,s3://sign-dataset/features/vn/common/class_cam-on_cb7be8bf/aug_000/sample_5a6a8212b7.npz,,2026-05-04T08:59:58.991630Z
a9543eaac8,cb7be8bf-a01b-404c-acc0-571c41950eab,cam-on,Cảm ơn,vn,common,camera,Minh,1777885146491,,,60,1,None,/dataset/features/vn/common/class_cam-on_cb7be8bf/aug_001/sample_a9543eaac8.npz,features/vn/common/class_cam-on_cb7be8bf/aug_001/sample_a9543eaac8.npz,s3://sign-dataset/features/vn/common/class_cam-on_cb7be8bf/aug_001/sample_a9543eaac8.npz,,2026-05-04T08:59:59.109702Z
0b1cb9b474,cb7be8bf-a01b-404c-acc0-571c41950eab,cam-on,Cảm ơn,vn,common,camera,Minh,1777885146491,,,60,2,None,/dataset/features/vn/common/class_cam-on_cb7be8bf/aug_002/sample_0b1cb9b474.npz,features/vn/common/class_cam-on_cb7be8bf/aug_002/sample_0b1cb9b474.npz,s3://sign-dataset/features/vn/common/class_cam-on_cb7be8bf/aug_002/sample_0b1cb9b474.npz,,2026-05-04T08:59:59.210933Z
bc069a3d1f,cb7be8bf-a01b-404c-acc0-571c41950eab,cam-on,Cảm ơn,vn,common,camera,Minh,1777885146491,,,60,3,None,/dataset/features/vn/common/class_cam-on_cb7be8bf/aug_003/sample_bc069a3d1f.npz,features/vn/common/class_cam-on_cb7be8bf/aug_003/sample_bc069a3d1f.npz,s3://sign-dataset/features/vn/common/class_cam-on_cb7be8bf/aug_003/sample_bc069a3d1f.npz,,2026-05-04T08:59:59.306399Z
ef95d09561,cb7be8bf-a01b-404c-acc0-571c41950eab,cam-on,Cảm ơn,vn,common,camera,Minh,1777885146491,,,60,4,None,/dataset/features/vn/common/class_cam-on_cb7be8bf/aug_004/sample_ef95d09561.npz,features/vn/common/class_cam-on_cb7be8bf/aug_004/sample_ef95d09561.npz,s3://sign-dataset/features/vn/common/class_cam-on_cb7be8bf/aug_004/sample_ef95d09561.npz,,2026-05-04T08:59:59.402266Z
3480bfa626,cb7be8bf-a01b-404c-acc0-571c41950eab,cam-on,Cảm ơn,vn,common,camera,Minh,1777885146491,,,60,5,None,/dataset/features/vn/common/class_cam-on_cb7be8bf/aug_005/sample_3480bfa626.npz,features/vn/common/class_cam-on_cb7be8bf/aug_005/sample_3480bfa626.npz,s3://sign-dataset/features/vn/common/class_cam-on_cb7be8bf/aug_005/sample_3480bfa626.npz,,2026-05-04T08:59:59.518236Z
9dbc373201,cb7be8bf-a01b-404c-acc0-571c41950eab,cam-on,Cảm ơn,vn,common,camera,Minh,1777885146491,,,60,6,None,/dataset/features/vn/common/class_cam-on_cb7be8bf/aug_006/sample_9dbc373201.npz,features/vn/common/class_cam-on_cb7be8bf/aug_006/sample_9dbc373201.npz,s3://sign-dataset/features/vn/common/class_cam-on_cb7be8bf/aug_006/sample_9dbc373201.npz,,2026-05-04T08:59:59.621356Z
afa0b2aeb8,cb7be8bf-a01b-404c-acc0-571c41950eab,cam-on,Cảm ơn,vn,common,camera,Minh,1777885146491,,,60,7,None,/dataset/features/vn/common/class_cam-on_cb7be8bf/aug_007/sample_afa0b2aeb8.npz,features/vn/common/class_cam-on_cb7be8bf/aug_007/sample_afa0b2aeb8.npz,s3://sign-dataset/features/vn/common/class_cam-on_cb7be8bf/aug_007/sample_afa0b2aeb8.npz,,2026-05-04T08:59:59.720815Z
62b1e3c361,cb7be8bf-a01b-404c-acc0-571c41950eab,cam-on,Cảm ơn,vn,common,camera,Minh,1777885146491,,,60,0,None,/dataset/features/vn/common/class_cam-on_cb7be8bf/aug_000/sample_62b1e3c361.npz,features/vn/common/class_cam-on_cb7be8bf/aug_000/sample_62b1e3c361.npz,s3://sign-dataset/features/vn/common/class_cam-on_cb7be8bf/aug_000/sample_62b1e3c361.npz,,2026-05-04T09:00:09.029710Z
11900175bc,cb7be8bf-a01b-404c-acc0-571c41950eab,cam-on,Cảm ơn,vn,common,camera,Minh,1777885146491,,,60,1,None,/dataset/features/vn/common/class_cam-on_cb7be8bf/aug_001/sample_11900175bc.npz,features/vn/common/class_cam-on_cb7be8bf/aug_001/sample_11900175bc.npz,s3://sign-dataset/features/vn/common/class_cam-on_cb7be8bf/aug_001/sample_11900175bc.npz,,2026-05-04T09:00:09.124344Z
571e134d81,cb7be8bf-a01b-404c-acc0-571c41950eab,cam-on,Cảm ơn,vn,common,camera,Minh,1777885146491,,,60,2,None,/dataset/features/vn/common/class_cam-on_cb7be8bf/aug_002/sample_571e134d81.npz,features/vn/common/class_cam-on_cb7be8bf/aug_002/sample_571e134d81.npz,s3://sign-dataset/features/vn/common/class_cam-on_cb7be8bf/aug_002/sample_571e134d81.npz,,2026-05-04T09:00:09.219528Z
f82be7f09c,cb7be8bf-a01b-404c-acc0-571c41950eab,cam-on,Cảm ơn,vn,common,camera,Minh,1777885146491,,,60,3,None,/dataset/features/vn/common/class_cam-on_cb7be8bf/aug_003/sample_f82be7f09c.npz,features/vn/common/class_cam-on_cb7be8bf/aug_003/sample_f82be7f09c.npz,s3://sign-dataset/features/vn/common/class_cam-on_cb7be8bf/aug_003/sample_f82be7f09c.npz,,2026-05-04T09:00:09.300438Z
3526d4f7b2,cb7be8bf-a01b-404c-acc0-571c41950eab,cam-on,Cảm ơn,vn,common,camera,Minh,1777885146491,,,60,4,None,/dataset/features/vn/common/class_cam-on_cb7be8bf/aug_004/sample_3526d4f7b2.npz,features/vn/common/class_cam-on_cb7be8bf/aug_004/sample_3526d4f7b2.npz,s3://sign-dataset/features/vn/common/class_cam-on_cb7be8bf/aug_004/sample_3526d4f7b2.npz,,2026-05-04T09:00:09.384454Z
ee218241e5,cb7be8bf-a01b-404c-acc0-571c41950eab,cam-on,Cảm ơn,vn,common,camera,Minh,1777885146491,,,60,5,None,/dataset/features/vn/common/class_cam-on_cb7be8bf/aug_005/sample_ee218241e5.npz,features/vn/common/class_cam-on_cb7be8bf/aug_005/sample_ee218241e5.npz,s3://sign-dataset/features/vn/common/class_cam-on_cb7be8bf/aug_005/sample_ee218241e5.npz,,2026-05-04T09:00:09.466446Z
cf2b357883,cb7be8bf-a01b-404c-acc0-571c41950eab,cam-on,Cảm ơn,vn,common,camera,Minh,1777885146491,,,60,6,None,/dataset/features/vn/common/class_cam-on_cb7be8bf/aug_006/sample_cf2b357883.npz,features/vn/common/class_cam-on_cb7be8bf/aug_006/sample_cf2b357883.npz,s3://sign-dataset/features/vn/common/class_cam-on_cb7be8bf/aug_006/sample_cf2b357883.npz,,2026-05-04T09:00:09.561101Z
9af3b301f9,cb7be8bf-a01b-404c-acc0-571c41950eab,cam-on,Cảm ơn,vn,common,camera,Minh,1777885146491,,,60,7,None,/dataset/features/vn/common/class_cam-on_cb7be8bf/aug_007/sample_9af3b301f9.npz,features/vn/common/class_cam-on_cb7be8bf/aug_007/sample_9af3b301f9.npz,s3://sign-dataset/features/vn/common/class_cam-on_cb7be8bf/aug_007/sample_9af3b301f9.npz,,2026-05-04T09:00:09.646094Z
14def3edb3,cb7be8bf-a01b-404c-acc0-571c41950eab,cam-on,Cảm ơn,vn,common,camera,Minh,1777885146491,,,60,0,None,/dataset/features/vn/common/class_cam-on_cb7be8bf/aug_000/sample_14def3edb3.npz,features/vn/common/class_cam-on_cb7be8bf/aug_000/sample_14def3edb3.npz,s3://sign-dataset/features/vn/common/class_cam-on_cb7be8bf/aug_000/sample_14def3edb3.npz,,2026-05-04T09:00:18.932997Z
127d29a3ee,cb7be8bf-a01b-404c-acc0-571c41950eab,cam-on,Cảm ơn,vn,common,camera,Minh,1777885146491,,,60,1,None,/dataset/features/vn/common/class_cam-on_cb7be8bf/aug_001/sample_127d29a3ee.npz,features/vn/common/class_cam-on_cb7be8bf/aug_001/sample_127d29a3ee.npz,s3://sign-dataset/features/vn/common/class_cam-on_cb7be8bf/aug_001/sample_127d29a3ee.npz,,2026-05-04T09:00:19.021685Z
dc5496e5df,cb7be8bf-a01b-404c-acc0-571c41950eab,cam-on,Cảm ơn,vn,common,camera,Minh,1777885146491,,,60,2,None,/dataset/features/vn/common/class_cam-on_cb7be8bf/aug_002/sample_dc5496e5df.npz,features/vn/common/class_cam-on_cb7be8bf/aug_002/sample_dc5496e5df.npz,s3://sign-dataset/features/vn/common/class_cam-on_cb7be8bf/aug_002/sample_dc5496e5df.npz,,2026-05-04T09:00:19.118355Z
6be18a2584,cb7be8bf-a01b-404c-acc0-571c41950eab,cam-on,Cảm ơn,vn,common,camera,Minh,1777885146491,,,60,3,None,/dataset/features/vn/common/class_cam-on_cb7be8bf/aug_003/sample_6be18a2584.npz,features/vn/common/class_cam-on_cb7be8bf/aug_003/sample_6be18a2584.npz,s3://sign-dataset/features/vn/common/class_cam-on_cb7be8bf/aug_003/sample_6be18a2584.npz,,2026-05-04T09:00:19.206565Z
45502b7f69,cb7be8bf-a01b-404c-acc0-571c41950eab,cam-on,Cảm ơn,vn,common,camera,Minh,1777885146491,,,60,4,None,/dataset/features/vn/common/class_cam-on_cb7be8bf/aug_004/sample_45502b7f69.npz,features/vn/common/class_cam-on_cb7be8bf/aug_004/sample_45502b7f69.npz,s3://sign-dataset/features/vn/common/class_cam-on_cb7be8bf/aug_004/sample_45502b7f69.npz,,2026-05-04T09:00:19.292343Z
f2a9511692,cb7be8bf-a01b-404c-acc0-571c41950eab,cam-on,Cảm ơn,vn,common,camera,Minh,1777885146491,,,60,5,None,/dataset/features/vn/common/class_cam-on_cb7be8bf/aug_005/sample_f2a9511692.npz,features/vn/common/class_cam-on_cb7be8bf/aug_005/sample_f2a9511692.npz,s3://sign-dataset/features/vn/common/class_cam-on_cb7be8bf/aug_005/sample_f2a9511692.npz,,2026-05-04T09:00:19.372718Z
b641af9bda,cb7be8bf-a01b-404c-acc0-571c41950eab,cam-on,Cảm ơn,vn,common,camera,Minh,1777885146491,,,60,6,None,/dataset/features/vn/common/class_cam-on_cb7be8bf/aug_006/sample_b641af9bda.npz,features/vn/common/class_cam-on_cb7be8bf/aug_006/sample_b641af9bda.npz,s3://sign-dataset/features/vn/common/class_cam-on_cb7be8bf/aug_006/sample_b641af9bda.npz,,2026-05-04T09:00:19.457413Z
5a6d54b889,cb7be8bf-a01b-404c-acc0-571c41950eab,cam-on,Cảm ơn,vn,common,camera,Minh,1777885146491,,,60,7,None,/dataset/features/vn/common/class_cam-on_cb7be8bf/aug_007/sample_5a6d54b889.npz,features/vn/common/class_cam-on_cb7be8bf/aug_007/sample_5a6d54b889.npz,s3://sign-dataset/features/vn/common/class_cam-on_cb7be8bf/aug_007/sample_5a6d54b889.npz,,2026-05-04T09:00:19.550403Z
bbe2ac25a5,df0cab07-2631-409f-b08a-8cd81166f62d,xin-chao,xin chào,vn,common,camera,Trân,1777885146491,,,60,0,None,/dataset/features/vn/common/class_xin-chao_df0cab07/aug_000/sample_bbe2ac25a5.npz,features/vn/common/class_xin-chao_df0cab07/aug_000/sample_bbe2ac25a5.npz,s3://sign-dataset/features/vn/common/class_xin-chao_df0cab07/aug_000/sample_bbe2ac25a5.npz,,2026-05-04T09:06:27.250776Z
815705a584,df0cab07-2631-409f-b08a-8cd81166f62d,xin-chao,xin chào,vn,common,camera,Trân,1777885146491,,,60,1,None,/dataset/features/vn/common/class_xin-chao_df0cab07/aug_001/sample_815705a584.npz,features/vn/common/class_xin-chao_df0cab07/aug_001/sample_815705a584.npz,s3://sign-dataset/features/vn/common/class_xin-chao_df0cab07/aug_001/sample_815705a584.npz,,2026-05-04T09:06:27.334677Z
5730715e82,df0cab07-2631-409f-b08a-8cd81166f62d,xin-chao,xin chào,vn,common,camera,Trân,1777885146491,,,60,2,None,/dataset/features/vn/common/class_xin-chao_df0cab07/aug_002/sample_5730715e82.npz,features/vn/common/class_xin-chao_df0cab07/aug_002/sample_5730715e82.npz,s3://sign-dataset/features/vn/common/class_xin-chao_df0cab07/aug_002/sample_5730715e82.npz,,2026-05-04T09:06:27.407917Z
b7e18debe3,df0cab07-2631-409f-b08a-8cd81166f62d,xin-chao,xin chào,vn,common,camera,Trân,1777885146491,,,60,3,None,/dataset/features/vn/common/class_xin-chao_df0cab07/aug_003/sample_b7e18debe3.npz,features/vn/common/class_xin-chao_df0cab07/aug_003/sample_b7e18debe3.npz,s3://sign-dataset/features/vn/common/class_xin-chao_df0cab07/aug_003/sample_b7e18debe3.npz,,2026-05-04T09:06:27.483610Z
010bab6079,df0cab07-2631-409f-b08a-8cd81166f62d,xin-chao,xin chào,vn,common,camera,Trân,1777885146491,,,60,4,None,/dataset/features/vn/common/class_xin-chao_df0cab07/aug_004/sample_010bab6079.npz,features/vn/common/class_xin-chao_df0cab07/aug_004/sample_010bab6079.npz,s3://sign-dataset/features/vn/common/class_xin-chao_df0cab07/aug_004/sample_010bab6079.npz,,2026-05-04T09:06:27.559403Z
abb9f9109d,df0cab07-2631-409f-b08a-8cd81166f62d,xin-chao,xin chào,vn,common,camera,Trân,1777885146491,,,60,5,None,/dataset/features/vn/common/class_xin-chao_df0cab07/aug_005/sample_abb9f9109d.npz,features/vn/common/class_xin-chao_df0cab07/aug_005/sample_abb9f9109d.npz,s3://sign-dataset/features/vn/common/class_xin-chao_df0cab07/aug_005/sample_abb9f9109d.npz,,2026-05-04T09:06:27.631400Z
6c9c63705f,df0cab07-2631-409f-b08a-8cd81166f62d,xin-chao,xin chào,vn,common,camera,Trân,1777885146491,,,60,6,None,/dataset/features/vn/common/class_xin-chao_df0cab07/aug_006/sample_6c9c63705f.npz,features/vn/common/class_xin-chao_df0cab07/aug_006/sample_6c9c63705f.npz,s3://sign-dataset/features/vn/common/class_xin-chao_df0cab07/aug_006/sample_6c9c63705f.npz,,2026-05-04T09:06:27.704936Z
aa388fe74e,df0cab07-2631-409f-b08a-8cd81166f62d,xin-chao,xin chào,vn,common,camera,Trân,1777885146491,,,60,7,None,/dataset/features/vn/common/class_xin-chao_df0cab07/aug_007/sample_aa388fe74e.npz,features/vn/common/class_xin-chao_df0cab07/aug_007/sample_aa388fe74e.npz,s3://sign-dataset/features/vn/common/class_xin-chao_df0cab07/aug_007/sample_aa388fe74e.npz,,2026-05-04T09:06:27.788331Z
51e4746662,df0cab07-2631-409f-b08a-8cd81166f62d,xin-chao,xin chào,vn,common,camera,Trân,1777885146491,,,60,0,None,/dataset/features/vn/common/class_xin-chao_df0cab07/aug_000/sample_51e4746662.npz,features/vn/common/class_xin-chao_df0cab07/aug_000/sample_51e4746662.npz,s3://sign-dataset/features/vn/common/class_xin-chao_df0cab07/aug_000/sample_51e4746662.npz,,2026-05-04T09:06:35.391522Z
69b212e70d,df0cab07-2631-409f-b08a-8cd81166f62d,xin-chao,xin chào,vn,common,camera,Trân,1777885146491,,,60,1,None,/dataset/features/vn/common/class_xin-chao_df0cab07/aug_001/sample_69b212e70d.npz,features/vn/common/class_xin-chao_df0cab07/aug_001/sample_69b212e70d.npz,s3://sign-dataset/features/vn/common/class_xin-chao_df0cab07/aug_001/sample_69b212e70d.npz,,2026-05-04T09:06:35.470033Z
9b66030e8d,df0cab07-2631-409f-b08a-8cd81166f62d,xin-chao,xin chào,vn,common,camera,Trân,1777885146491,,,60,2,None,/dataset/features/vn/common/class_xin-chao_df0cab07/aug_002/sample_9b66030e8d.npz,features/vn/common/class_xin-chao_df0cab07/aug_002/sample_9b66030e8d.npz,s3://sign-dataset/features/vn/common/class_xin-chao_df0cab07/aug_002/sample_9b66030e8d.npz,,2026-05-04T09:06:35.553819Z
b5275da8a4,df0cab07-2631-409f-b08a-8cd81166f62d,xin-chao,xin chào,vn,common,camera,Trân,1777885146491,,,60,3,None,/dataset/features/vn/common/class_xin-chao_df0cab07/aug_003/sample_b5275da8a4.npz,features/vn/common/class_xin-chao_df0cab07/aug_003/sample_b5275da8a4.npz,s3://sign-dataset/features/vn/common/class_xin-chao_df0cab07/aug_003/sample_b5275da8a4.npz,,2026-05-04T09:06:35.636990Z
e10b3cb1e1,df0cab07-2631-409f-b08a-8cd81166f62d,xin-chao,xin chào,vn,common,camera,Trân,1777885146491,,,60,4,None,/dataset/features/vn/common/class_xin-chao_df0cab07/aug_004/sample_e10b3cb1e1.npz,features/vn/common/class_xin-chao_df0cab07/aug_004/sample_e10b3cb1e1.npz,s3://sign-dataset/features/vn/common/class_xin-chao_df0cab07/aug_004/sample_e10b3cb1e1.npz,,2026-05-04T09:06:35.716692Z
e7c4b5ff42,df0cab07-2631-409f-b08a-8cd81166f62d,xin-chao,xin chào,vn,common,camera,Trân,1777885146491,,,60,5,None,/dataset/features/vn/common/class_xin-chao_df0cab07/aug_005/sample_e7c4b5ff42.npz,features/vn/common/class_xin-chao_df0cab07/aug_005/sample_e7c4b5ff42.npz,s3://sign-dataset/features/vn/common/class_xin-chao_df0cab07/aug_005/sample_e7c4b5ff42.npz,,2026-05-04T09:06:35.793951Z
f4748ec95d,df0cab07-2631-409f-b08a-8cd81166f62d,xin-chao,xin chào,vn,common,camera,Trân,1777885146491,,,60,6,None,/dataset/features/vn/common/class_xin-chao_df0cab07/aug_006/sample_f4748ec95d.npz,features/vn/common/class_xin-chao_df0cab07/aug_006/sample_f4748ec95d.npz,s3://sign-dataset/features/vn/common/class_xin-chao_df0cab07/aug_006/sample_f4748ec95d.npz,,2026-05-04T09:06:35.866136Z
763e5ba634,df0cab07-2631-409f-b08a-8cd81166f62d,xin-chao,xin chào,vn,common,camera,Trân,1777885146491,,,60,7,None,/dataset/features/vn/common/class_xin-chao_df0cab07/aug_007/sample_763e5ba634.npz,features/vn/common/class_xin-chao_df0cab07/aug_007/sample_763e5ba634.npz,s3://sign-dataset/features/vn/common/class_xin-chao_df0cab07/aug_007/sample_763e5ba634.npz,,2026-05-04T09:06:35.941706Z
fdca223836,df0cab07-2631-409f-b08a-8cd81166f62d,xin-chao,xin chào,vn,common,camera,Trân,1777885146491,,,60,0,None,/dataset/features/vn/common/class_xin-chao_df0cab07/aug_000/sample_fdca223836.npz,features/vn/common/class_xin-chao_df0cab07/aug_000/sample_fdca223836.npz,s3://sign-dataset/features/vn/common/class_xin-chao_df0cab07/aug_000/sample_fdca223836.npz,,2026-05-04T09:06:43.509660Z
456b057d75,df0cab07-2631-409f-b08a-8cd81166f62d,xin-chao,xin chào,vn,common,camera,Trân,1777885146491,,,60,1,None,/dataset/features/vn/common/class_xin-chao_df0cab07/aug_001/sample_456b057d75.npz,features/vn/common/class_xin-chao_df0cab07/aug_001/sample_456b057d75.npz,s3://sign-dataset/features/vn/common/class_xin-chao_df0cab07/aug_001/sample_456b057d75.npz,,2026-05-04T09:06:43.591592Z
416cbf4072,df0cab07-2631-409f-b08a-8cd81166f62d,xin-chao,xin chào,vn,common,camera,Trân,1777885146491,,,60,2,None,/dataset/features/vn/common/class_xin-chao_df0cab07/aug_002/sample_416cbf4072.npz,features/vn/common/class_xin-chao_df0cab07/aug_002/sample_416cbf4072.npz,s3://sign-dataset/features/vn/common/class_xin-chao_df0cab07/aug_002/sample_416cbf4072.npz,,2026-05-04T09:06:43.672036Z
aca1109099,df0cab07-2631-409f-b08a-8cd81166f62d,xin-chao,xin chào,vn,common,camera,Trân,1777885146491,,,60,3,None,/dataset/features/vn/common/class_xin-chao_df0cab07/aug_003/sample_aca1109099.npz,features/vn/common/class_xin-chao_df0cab07/aug_003/sample_aca1109099.npz,s3://sign-dataset/features/vn/common/class_xin-chao_df0cab07/aug_003/sample_aca1109099.npz,,2026-05-04T09:06:43.760640Z
9a6ff26747,df0cab07-2631-409f-b08a-8cd81166f62d,xin-chao,xin chào,vn,common,camera,Trân,1777885146491,,,60,4,None,/dataset/features/vn/common/class_xin-chao_df0cab07/aug_004/sample_9a6ff26747.npz,features/vn/common/class_xin-chao_df0cab07/aug_004/sample_9a6ff26747.npz,s3://sign-dataset/features/vn/common/class_xin-chao_df0cab07/aug_004/sample_9a6ff26747.npz,,2026-05-04T09:06:43.851809Z
6ba9f51631,df0cab07-2631-409f-b08a-8cd81166f62d,xin-chao,xin chào,vn,common,camera,Trân,1777885146491,,,60,5,None,/dataset/features/vn/common/class_xin-chao_df0cab07/aug_005/sample_6ba9f51631.npz,features/vn/common/class_xin-chao_df0cab07/aug_005/sample_6ba9f51631.npz,s3://sign-dataset/features/vn/common/class_xin-chao_df0cab07/aug_005/sample_6ba9f51631.npz,,2026-05-04T09:06:43.934351Z
4d37fdab2e,df0cab07-2631-409f-b08a-8cd81166f62d,xin-chao,xin chào,vn,common,camera,Trân,1777885146491,,,60,6,None,/dataset/features/vn/common/class_xin-chao_df0cab07/aug_006/sample_4d37fdab2e.npz,features/vn/common/class_xin-chao_df0cab07/aug_006/sample_4d37fdab2e.npz,s3://sign-dataset/features/vn/common/class_xin-chao_df0cab07/aug_006/sample_4d37fdab2e.npz,,2026-05-04T09:06:44.016713Z
48ceeb1b84,df0cab07-2631-409f-b08a-8cd81166f62d,xin-chao,xin chào,vn,common,camera,Trân,1777885146491,,,60,7,None,/dataset/features/vn/common/class_xin-chao_df0cab07/aug_007/sample_48ceeb1b84.npz,features/vn/common/class_xin-chao_df0cab07/aug_007/sample_48ceeb1b84.npz,s3://sign-dataset/features/vn/common/class_xin-chao_df0cab07/aug_007/sample_48ceeb1b84.npz,,2026-05-04T09:06:44.096691Z
4204d11c2a,df0cab07-2631-409f-b08a-8cd81166f62d,xin-chao,xin chào,vn,common,camera,Trân,1777885146491,,,60,0,None,/dataset/features/vn/common/class_xin-chao_df0cab07/aug_000/sample_4204d11c2a.npz,features/vn/common/class_xin-chao_df0cab07/aug_000/sample_4204d11c2a.npz,s3://sign-dataset/features/vn/common/class_xin-chao_df0cab07/aug_000/sample_4204d11c2a.npz,,2026-05-04T09:06:51.518458Z
71d7220483,df0cab07-2631-409f-b08a-8cd81166f62d,xin-chao,xin chào,vn,common,camera,Trân,1777885146491,,,60,1,None,/dataset/features/vn/common/class_xin-chao_df0cab07/aug_001/sample_71d7220483.npz,features/vn/common/class_xin-chao_df0cab07/aug_001/sample_71d7220483.npz,s3://sign-dataset/features/vn/common/class_xin-chao_df0cab07/aug_001/sample_71d7220483.npz,,2026-05-04T09:06:51.648649Z
5a7bbef70d,df0cab07-2631-409f-b08a-8cd81166f62d,xin-chao,xin chào,vn,common,camera,Trân,1777885146491,,,60,2,None,/dataset/features/vn/common/class_xin-chao_df0cab07/aug_002/sample_5a7bbef70d.npz,features/vn/common/class_xin-chao_df0cab07/aug_002/sample_5a7bbef70d.npz,s3://sign-dataset/features/vn/common/class_xin-chao_df0cab07/aug_002/sample_5a7bbef70d.npz,,2026-05-04T09:06:51.892369Z
0797d3864b,df0cab07-2631-409f-b08a-8cd81166f62d,xin-chao,xin chào,vn,common,camera,Trân,1777885146491,,,60,3,None,/dataset/features/vn/common/class_xin-chao_df0cab07/aug_003/sample_0797d3864b.npz,features/vn/common/class_xin-chao_df0cab07/aug_003/sample_0797d3864b.npz,s3://sign-dataset/features/vn/common/class_xin-chao_df0cab07/aug_003/sample_0797d3864b.npz,,2026-05-04T09:06:51.990081Z
bddb5f54a1,df0cab07-2631-409f-b08a-8cd81166f62d,xin-chao,xin chào,vn,common,camera,Trân,1777885146491,,,60,4,None,/dataset/features/vn/common/class_xin-chao_df0cab07/aug_004/sample_bddb5f54a1.npz,features/vn/common/class_xin-chao_df0cab07/aug_004/sample_bddb5f54a1.npz,s3://sign-dataset/features/vn/common/class_xin-chao_df0cab07/aug_004/sample_bddb5f54a1.npz,,2026-05-04T09:06:52.071235Z
ad12177693,df0cab07-2631-409f-b08a-8cd81166f62d,xin-chao,xin chào,vn,common,camera,Trân,1777885146491,,,60,5,None,/dataset/features/vn/common/class_xin-chao_df0cab07/aug_005/sample_ad12177693.npz,features/vn/common/class_xin-chao_df0cab07/aug_005/sample_ad12177693.npz,s3://sign-dataset/features/vn/common/class_xin-chao_df0cab07/aug_005/sample_ad12177693.npz,,2026-05-04T09:06:52.145405Z
bdafc46352,df0cab07-2631-409f-b08a-8cd81166f62d,xin-chao,xin chào,vn,common,camera,Trân,1777885146491,,,60,6,None,/dataset/features/vn/common/class_xin-chao_df0cab07/aug_006/sample_bdafc46352.npz,features/vn/common/class_xin-chao_df0cab07/aug_006/sample_bdafc46352.npz,s3://sign-dataset/features/vn/common/class_xin-chao_df0cab07/aug_006/sample_bdafc46352.npz,,2026-05-04T09:06:52.219378Z
8779ab80d1,df0cab07-2631-409f-b08a-8cd81166f62d,xin-chao,xin chào,vn,common,camera,Trân,1777885146491,,,60,7,None,/dataset/features/vn/common/class_xin-chao_df0cab07/aug_007/sample_8779ab80d1.npz,features/vn/common/class_xin-chao_df0cab07/aug_007/sample_8779ab80d1.npz,s3://sign-dataset/features/vn/common/class_xin-chao_df0cab07/aug_007/sample_8779ab80d1.npz,,2026-05-04T09:06:52.291078Z
f29f042684,df0cab07-2631-409f-b08a-8cd81166f62d,xin-chao,xin chào,vn,common,camera,Trân,1777885146491,,,60,0,None,/dataset/features/vn/common/class_xin-chao_df0cab07/aug_000/sample_f29f042684.npz,features/vn/common/class_xin-chao_df0cab07/aug_000/sample_f29f042684.npz,s3://sign-dataset/features/vn/common/class_xin-chao_df0cab07/aug_000/sample_f29f042684.npz,,2026-05-04T09:06:59.566797Z
0b98fef9ba,df0cab07-2631-409f-b08a-8cd81166f62d,xin-chao,xin chào,vn,common,camera,Trân,1777885146491,,,60,1,None,/dataset/features/vn/common/class_xin-chao_df0cab07/aug_001/sample_0b98fef9ba.npz,features/vn/common/class_xin-chao_df0cab07/aug_001/sample_0b98fef9ba.npz,s3://sign-dataset/features/vn/common/class_xin-chao_df0cab07/aug_001/sample_0b98fef9ba.npz,,2026-05-04T09:06:59.642865Z
b3a11596a1,df0cab07-2631-409f-b08a-8cd81166f62d,xin-chao,xin chào,vn,common,camera,Trân,1777885146491,,,60,2,None,/dataset/features/vn/common/class_xin-chao_df0cab07/aug_002/sample_b3a11596a1.npz,features/vn/common/class_xin-chao_df0cab07/aug_002/sample_b3a11596a1.npz,s3://sign-dataset/features/vn/common/class_xin-chao_df0cab07/aug_002/sample_b3a11596a1.npz,,2026-05-04T09:06:59.724064Z
2537d93909,df0cab07-2631-409f-b08a-8cd81166f62d,xin-chao,xin chào,vn,common,camera,Trân,1777885146491,,,60,3,None,/dataset/features/vn/common/class_xin-chao_df0cab07/aug_003/sample_2537d93909.npz,features/vn/common/class_xin-chao_df0cab07/aug_003/sample_2537d93909.npz,s3://sign-dataset/features/vn/common/class_xin-chao_df0cab07/aug_003/sample_2537d93909.npz,,2026-05-04T09:06:59.815390Z
6517dd98de,df0cab07-2631-409f-b08a-8cd81166f62d,xin-chao,xin chào,vn,common,camera,Trân,1777885146491,,,60,4,None,/dataset/features/vn/common/class_xin-chao_df0cab07/aug_004/sample_6517dd98de.npz,features/vn/common/class_xin-chao_df0cab07/aug_004/sample_6517dd98de.npz,s3://sign-dataset/features/vn/common/class_xin-chao_df0cab07/aug_004/sample_6517dd98de.npz,,2026-05-04T09:06:59.901037Z
7e12572cf8,df0cab07-2631-409f-b08a-8cd81166f62d,xin-chao,xin chào,vn,common,camera,Trân,1777885146491,,,60,5,None,/dataset/features/vn/common/class_xin-chao_df0cab07/aug_005/sample_7e12572cf8.npz,features/vn/common/class_xin-chao_df0cab07/aug_005/sample_7e12572cf8.npz,s3://sign-dataset/features/vn/common/class_xin-chao_df0cab07/aug_005/sample_7e12572cf8.npz,,2026-05-04T09:06:59.976347Z
8dedacb2af,df0cab07-2631-409f-b08a-8cd81166f62d,xin-chao,xin chào,vn,common,camera,Trân,1777885146491,,,60,6,None,/dataset/features/vn/common/class_xin-chao_df0cab07/aug_006/sample_8dedacb2af.npz,features/vn/common/class_xin-chao_df0cab07/aug_006/sample_8dedacb2af.npz,s3://sign-dataset/features/vn/common/class_xin-chao_df0cab07/aug_006/sample_8dedacb2af.npz,,2026-05-04T09:07:00.069239Z
552306aae1,df0cab07-2631-409f-b08a-8cd81166f62d,xin-chao,xin chào,vn,common,camera,Trân,1777885146491,,,60,7,None,/dataset/features/vn/common/class_xin-chao_df0cab07/aug_007/sample_552306aae1.npz,features/vn/common/class_xin-chao_df0cab07/aug_007/sample_552306aae1.npz,s3://sign-dataset/features/vn/common/class_xin-chao_df0cab07/aug_007/sample_552306aae1.npz,,2026-05-04T09:07:00.147029Z
9e0cfb9953,df0cab07-2631-409f-b08a-8cd81166f62d,xin-chao,xin chào,vn,common,camera,Trân,1777885146491,,,60,0,None,/dataset/features/vn/common/class_xin-chao_df0cab07/aug_000/sample_9e0cfb9953.npz,features/vn/common/class_xin-chao_df0cab07/aug_000/sample_9e0cfb9953.npz,s3://sign-dataset/features/vn/common/class_xin-chao_df0cab07/aug_000/sample_9e0cfb9953.npz,,2026-05-04T09:07:13.169890Z
1b5276ab80,df0cab07-2631-409f-b08a-8cd81166f62d,xin-chao,xin chào,vn,common,camera,Trân,1777885146491,,,60,1,None,/dataset/features/vn/common/class_xin-chao_df0cab07/aug_001/sample_1b5276ab80.npz,features/vn/common/class_xin-chao_df0cab07/aug_001/sample_1b5276ab80.npz,s3://sign-dataset/features/vn/common/class_xin-chao_df0cab07/aug_001/sample_1b5276ab80.npz,,2026-05-04T09:07:13.244906Z
3b0596d4c6,df0cab07-2631-409f-b08a-8cd81166f62d,xin-chao,xin chào,vn,common,camera,Trân,1777885146491,,,60,2,None,/dataset/features/vn/common/class_xin-chao_df0cab07/aug_002/sample_3b0596d4c6.npz,features/vn/common/class_xin-chao_df0cab07/aug_002/sample_3b0596d4c6.npz,s3://sign-dataset/features/vn/common/class_xin-chao_df0cab07/aug_002/sample_3b0596d4c6.npz,,2026-05-04T09:07:13.313349Z
30df0dee86,df0cab07-2631-409f-b08a-8cd81166f62d,xin-chao,xin chào,vn,common,camera,Trân,1777885146491,,,60,3,None,/dataset/features/vn/common/class_xin-chao_df0cab07/aug_003/sample_30df0dee86.npz,features/vn/common/class_xin-chao_df0cab07/aug_003/sample_30df0dee86.npz,s3://sign-dataset/features/vn/common/class_xin-chao_df0cab07/aug_003/sample_30df0dee86.npz,,2026-05-04T09:07:13.382621Z
bf872c7e63,df0cab07-2631-409f-b08a-8cd81166f62d,xin-chao,xin chào,vn,common,camera,Trân,1777885146491,,,60,4,None,/dataset/features/vn/common/class_xin-chao_df0cab07/aug_004/sample_bf872c7e63.npz,features/vn/common/class_xin-chao_df0cab07/aug_004/sample_bf872c7e63.npz,s3://sign-dataset/features/vn/common/class_xin-chao_df0cab07/aug_004/sample_bf872c7e63.npz,,2026-05-04T09:07:13.454180Z
c02b62ff6b,df0cab07-2631-409f-b08a-8cd81166f62d,xin-chao,xin chào,vn,common,camera,Trân,1777885146491,,,60,5,None,/dataset/features/vn/common/class_xin-chao_df0cab07/aug_005/sample_c02b62ff6b.npz,features/vn/common/class_xin-chao_df0cab07/aug_005/sample_c02b62ff6b.npz,s3://sign-dataset/features/vn/common/class_xin-chao_df0cab07/aug_005/sample_c02b62ff6b.npz,,2026-05-04T09:07:13.536486Z
46200d7ab8,df0cab07-2631-409f-b08a-8cd81166f62d,xin-chao,xin chào,vn,common,camera,Trân,1777885146491,,,60,6,None,/dataset/features/vn/common/class_xin-chao_df0cab07/aug_006/sample_46200d7ab8.npz,features/vn/common/class_xin-chao_df0cab07/aug_006/sample_46200d7ab8.npz,s3://sign-dataset/features/vn/common/class_xin-chao_df0cab07/aug_006/sample_46200d7ab8.npz,,2026-05-04T09:07:13.608334Z
597740a9b2,df0cab07-2631-409f-b08a-8cd81166f62d,xin-chao,xin chào,vn,common,camera,Trân,1777885146491,,,60,7,None,/dataset/features/vn/common/class_xin-chao_df0cab07/aug_007/sample_597740a9b2.npz,features/vn/common/class_xin-chao_df0cab07/aug_007/sample_597740a9b2.npz,s3://sign-dataset/features/vn/common/class_xin-chao_df0cab07/aug_007/sample_597740a9b2.npz,,2026-05-04T09:07:13.686195Z
e471fb138d,df0cab07-2631-409f-b08a-8cd81166f62d,xin-chao,xin chào,vn,common,camera,Trân,1777885146491,,,60,0,None,/dataset/features/vn/common/class_xin-chao_df0cab07/aug_000/sample_e471fb138d.npz,features/vn/common/class_xin-chao_df0cab07/aug_000/sample_e471fb138d.npz,s3://sign-dataset/features/vn/common/class_xin-chao_df0cab07/aug_000/sample_e471fb138d.npz,,2026-05-04T09:07:21.253101Z
1f488e83f3,df0cab07-2631-409f-b08a-8cd81166f62d,xin-chao,xin chào,vn,common,camera,Trân,1777885146491,,,60,1,None,/dataset/features/vn/common/class_xin-chao_df0cab07/aug_001/sample_1f488e83f3.npz,features/vn/common/class_xin-chao_df0cab07/aug_001/sample_1f488e83f3.npz,s3://sign-dataset/features/vn/common/class_xin-chao_df0cab07/aug_001/sample_1f488e83f3.npz,,2026-05-04T09:07:21.339182Z
1c0be6f1be,df0cab07-2631-409f-b08a-8cd81166f62d,xin-chao,xin chào,vn,common,camera,Trân,1777885146491,,,60,2,None,/dataset/features/vn/common/class_xin-chao_df0cab07/aug_002/sample_1c0be6f1be.npz,features/vn/common/class_xin-chao_df0cab07/aug_002/sample_1c0be6f1be.npz,s3://sign-dataset/features/vn/common/class_xin-chao_df0cab07/aug_002/sample_1c0be6f1be.npz,,2026-05-04T09:07:21.417957Z
7fdf8b8c7d,df0cab07-2631-409f-b08a-8cd81166f62d,xin-chao,xin chào,vn,common,camera,Trân,1777885146491,,,60,3,None,/dataset/features/vn/common/class_xin-chao_df0cab07/aug_003/sample_7fdf8b8c7d.npz,features/vn/common/class_xin-chao_df0cab07/aug_003/sample_7fdf8b8c7d.npz,s3://sign-dataset/features/vn/common/class_xin-chao_df0cab07/aug_003/sample_7fdf8b8c7d.npz,,2026-05-04T09:07:21.513028Z
81c538e6c6,df0cab07-2631-409f-b08a-8cd81166f62d,xin-chao,xin chào,vn,common,camera,Trân,1777885146491,,,60,4,None,/dataset/features/vn/common/class_xin-chao_df0cab07/aug_004/sample_81c538e6c6.npz,features/vn/common/class_xin-chao_df0cab07/aug_004/sample_81c538e6c6.npz,s3://sign-dataset/features/vn/common/class_xin-chao_df0cab07/aug_004/sample_81c538e6c6.npz,,2026-05-04T09:07:21.586379Z
b60426a65a,df0cab07-2631-409f-b08a-8cd81166f62d,xin-chao,xin chào,vn,common,camera,Trân,1777885146491,,,60,5,None,/dataset/features/vn/common/class_xin-chao_df0cab07/aug_005/sample_b60426a65a.npz,features/vn/common/class_xin-chao_df0cab07/aug_005/sample_b60426a65a.npz,s3://sign-dataset/features/vn/common/class_xin-chao_df0cab07/aug_005/sample_b60426a65a.npz,,2026-05-04T09:07:21.673946Z
aa5ce6e534,df0cab07-2631-409f-b08a-8cd81166f62d,xin-chao,xin chào,vn,common,camera,Trân,1777885146491,,,60,6,None,/dataset/features/vn/common/class_xin-chao_df0cab07/aug_006/sample_aa5ce6e534.npz,features/vn/common/class_xin-chao_df0cab07/aug_006/sample_aa5ce6e534.npz,s3://sign-dataset/features/vn/common/class_xin-chao_df0cab07/aug_006/sample_aa5ce6e534.npz,,2026-05-04T09:07:21.791303Z
a6520ed63a,df0cab07-2631-409f-b08a-8cd81166f62d,xin-chao,xin chào,vn,common,camera,Trân,1777885146491,,,60,7,None,/dataset/features/vn/common/class_xin-chao_df0cab07/aug_007/sample_a6520ed63a.npz,features/vn/common/class_xin-chao_df0cab07/aug_007/sample_a6520ed63a.npz,s3://sign-dataset/features/vn/common/class_xin-chao_df0cab07/aug_007/sample_a6520ed63a.npz,,2026-05-04T09:07:21.907804Z
44195b78cf,df0cab07-2631-409f-b08a-8cd81166f62d,xin-chao,xin chào,vn,common,camera,Trân,1777885146491,,,60,0,None,/dataset/features/vn/common/class_xin-chao_df0cab07/aug_000/sample_44195b78cf.npz,features/vn/common/class_xin-chao_df0cab07/aug_000/sample_44195b78cf.npz,s3://sign-dataset/features/vn/common/class_xin-chao_df0cab07/aug_000/sample_44195b78cf.npz,,2026-05-04T09:07:29.331254Z
3bcb892d13,df0cab07-2631-409f-b08a-8cd81166f62d,xin-chao,xin chào,vn,common,camera,Trân,1777885146491,,,60,1,None,/dataset/features/vn/common/class_xin-chao_df0cab07/aug_001/sample_3bcb892d13.npz,features/vn/common/class_xin-chao_df0cab07/aug_001/sample_3bcb892d13.npz,s3://sign-dataset/features/vn/common/class_xin-chao_df0cab07/aug_001/sample_3bcb892d13.npz,,2026-05-04T09:07:29.434093Z
5b90f4e142,df0cab07-2631-409f-b08a-8cd81166f62d,xin-chao,xin chào,vn,common,camera,Trân,1777885146491,,,60,2,None,/dataset/features/vn/common/class_xin-chao_df0cab07/aug_002/sample_5b90f4e142.npz,features/vn/common/class_xin-chao_df0cab07/aug_002/sample_5b90f4e142.npz,s3://sign-dataset/features/vn/common/class_xin-chao_df0cab07/aug_002/sample_5b90f4e142.npz,,2026-05-04T09:07:29.522685Z
5c199120be,df0cab07-2631-409f-b08a-8cd81166f62d,xin-chao,xin chào,vn,common,camera,Trân,1777885146491,,,60,3,None,/dataset/features/vn/common/class_xin-chao_df0cab07/aug_003/sample_5c199120be.npz,features/vn/common/class_xin-chao_df0cab07/aug_003/sample_5c199120be.npz,s3://sign-dataset/features/vn/common/class_xin-chao_df0cab07/aug_003/sample_5c199120be.npz,,2026-05-04T09:07:29.598283Z
38837577bc,df0cab07-2631-409f-b08a-8cd81166f62d,xin-chao,xin chào,vn,common,camera,Trân,1777885146491,,,60,4,None,/dataset/features/vn/common/class_xin-chao_df0cab07/aug_004/sample_38837577bc.npz,features/vn/common/class_xin-chao_df0cab07/aug_004/sample_38837577bc.npz,s3://sign-dataset/features/vn/common/class_xin-chao_df0cab07/aug_004/sample_38837577bc.npz,,2026-05-04T09:07:29.673977Z
ded9bed997,df0cab07-2631-409f-b08a-8cd81166f62d,xin-chao,xin chào,vn,common,camera,Trân,1777885146491,,,60,5,None,/dataset/features/vn/common/class_xin-chao_df0cab07/aug_005/sample_ded9bed997.npz,features/vn/common/class_xin-chao_df0cab07/aug_005/sample_ded9bed997.npz,s3://sign-dataset/features/vn/common/class_xin-chao_df0cab07/aug_005/sample_ded9bed997.npz,,2026-05-04T09:07:29.744778Z
2e440a10c1,df0cab07-2631-409f-b08a-8cd81166f62d,xin-chao,xin chào,vn,common,camera,Trân,1777885146491,,,60,6,None,/dataset/features/vn/common/class_xin-chao_df0cab07/aug_006/sample_2e440a10c1.npz,features/vn/common/class_xin-chao_df0cab07/aug_006/sample_2e440a10c1.npz,s3://sign-dataset/features/vn/common/class_xin-chao_df0cab07/aug_006/sample_2e440a10c1.npz,,2026-05-04T09:07:29.819183Z
7f412dd875,df0cab07-2631-409f-b08a-8cd81166f62d,xin-chao,xin chào,vn,common,camera,Trân,1777885146491,,,60,7,None,/dataset/features/vn/common/class_xin-chao_df0cab07/aug_007/sample_7f412dd875.npz,features/vn/common/class_xin-chao_df0cab07/aug_007/sample_7f412dd875.npz,s3://sign-dataset/features/vn/common/class_xin-chao_df0cab07/aug_007/sample_7f412dd875.npz,,2026-05-04T09:07:29.894145Z
d88e05d971,df0cab07-2631-409f-b08a-8cd81166f62d,xin-chao,xin chào,vn,common,camera,Trân,1777885146491,,,60,0,None,/dataset/features/vn/common/class_xin-chao_df0cab07/aug_000/sample_d88e05d971.npz,features/vn/common/class_xin-chao_df0cab07/aug_000/sample_d88e05d971.npz,s3://sign-dataset/features/vn/common/class_xin-chao_df0cab07/aug_000/sample_d88e05d971.npz,,2026-05-04T09:07:37.206638Z
582654e286,df0cab07-2631-409f-b08a-8cd81166f62d,xin-chao,xin chào,vn,common,camera,Trân,1777885146491,,,60,1,None,/dataset/features/vn/common/class_xin-chao_df0cab07/aug_001/sample_582654e286.npz,features/vn/common/class_xin-chao_df0cab07/aug_001/sample_582654e286.npz,s3://sign-dataset/features/vn/common/class_xin-chao_df0cab07/aug_001/sample_582654e286.npz,,2026-05-04T09:07:37.297422Z
084fd5ed57,df0cab07-2631-409f-b08a-8cd81166f62d,xin-chao,xin chào,vn,common,camera,Trân,1777885146491,,,60,2,None,/dataset/features/vn/common/class_xin-chao_df0cab07/aug_002/sample_084fd5ed57.npz,features/vn/common/class_xin-chao_df0cab07/aug_002/sample_084fd5ed57.npz,s3://sign-dataset/features/vn/common/class_xin-chao_df0cab07/aug_002/sample_084fd5ed57.npz,,2026-05-04T09:07:37.379080Z
b1e04685eb,df0cab07-2631-409f-b08a-8cd81166f62d,xin-chao,xin chào,vn,common,camera,Trân,1777885146491,,,60,3,None,/dataset/features/vn/common/class_xin-chao_df0cab07/aug_003/sample_b1e04685eb.npz,features/vn/common/class_xin-chao_df0cab07/aug_003/sample_b1e04685eb.npz,s3://sign-dataset/features/vn/common/class_xin-chao_df0cab07/aug_003/sample_b1e04685eb.npz,,2026-05-04T09:07:37.463625Z
b4a0d94d93,df0cab07-2631-409f-b08a-8cd81166f62d,xin-chao,xin chào,vn,common,camera,Trân,1777885146491,,,60,4,None,/dataset/features/vn/common/class_xin-chao_df0cab07/aug_004/sample_b4a0d94d93.npz,features/vn/common/class_xin-chao_df0cab07/aug_004/sample_b4a0d94d93.npz,s3://sign-dataset/features/vn/common/class_xin-chao_df0cab07/aug_004/sample_b4a0d94d93.npz,,2026-05-04T09:07:37.537450Z
96c20738cb,df0cab07-2631-409f-b08a-8cd81166f62d,xin-chao,xin chào,vn,common,camera,Trân,1777885146491,,,60,5,None,/dataset/features/vn/common/class_xin-chao_df0cab07/aug_005/sample_96c20738cb.npz,features/vn/common/class_xin-chao_df0cab07/aug_005/sample_96c20738cb.npz,s3://sign-dataset/features/vn/common/class_xin-chao_df0cab07/aug_005/sample_96c20738cb.npz,,2026-05-04T09:07:37.612417Z
5960e7058f,df0cab07-2631-409f-b08a-8cd81166f62d,xin-chao,xin chào,vn,common,camera,Trân,1777885146491,,,60,6,None,/dataset/features/vn/common/class_xin-chao_df0cab07/aug_006/sample_5960e7058f.npz,features/vn/common/class_xin-chao_df0cab07/aug_006/sample_5960e7058f.npz,s3://sign-dataset/features/vn/common/class_xin-chao_df0cab07/aug_006/sample_5960e7058f.npz,,2026-05-04T09:07:37.687667Z
f0911ce4d8,df0cab07-2631-409f-b08a-8cd81166f62d,xin-chao,xin chào,vn,common,camera,Trân,1777885146491,,,60,7,None,/dataset/features/vn/common/class_xin-chao_df0cab07/aug_007/sample_f0911ce4d8.npz,features/vn/common/class_xin-chao_df0cab07/aug_007/sample_f0911ce4d8.npz,s3://sign-dataset/features/vn/common/class_xin-chao_df0cab07/aug_007/sample_f0911ce4d8.npz,,2026-05-04T09:07:37.763404Z
071f05ed56,df0cab07-2631-409f-b08a-8cd81166f62d,xin-chao,xin chào,vn,common,camera,Trân,1777885146491,,,60,0,None,/dataset/features/vn/common/class_xin-chao_df0cab07/aug_000/sample_071f05ed56.npz,features/vn/common/class_xin-chao_df0cab07/aug_000/sample_071f05ed56.npz,s3://sign-dataset/features/vn/common/class_xin-chao_df0cab07/aug_000/sample_071f05ed56.npz,,2026-05-04T09:07:45.317709Z
0c9cab3878,df0cab07-2631-409f-b08a-8cd81166f62d,xin-chao,xin chào,vn,common,camera,Trân,1777885146491,,,60,1,None,/dataset/features/vn/common/class_xin-chao_df0cab07/aug_001/sample_0c9cab3878.npz,features/vn/common/class_xin-chao_df0cab07/aug_001/sample_0c9cab3878.npz,s3://sign-dataset/features/vn/common/class_xin-chao_df0cab07/aug_001/sample_0c9cab3878.npz,,2026-05-04T09:07:45.394015Z
916f9bc248,df0cab07-2631-409f-b08a-8cd81166f62d,xin-chao,xin chào,vn,common,camera,Trân,1777885146491,,,60,2,None,/dataset/features/vn/common/class_xin-chao_df0cab07/aug_002/sample_916f9bc248.npz,features/vn/common/class_xin-chao_df0cab07/aug_002/sample_916f9bc248.npz,s3://sign-dataset/features/vn/common/class_xin-chao_df0cab07/aug_002/sample_916f9bc248.npz,,2026-05-04T09:07:45.475190Z
a8b5143d0e,df0cab07-2631-409f-b08a-8cd81166f62d,xin-chao,xin chào,vn,common,camera,Trân,1777885146491,,,60,3,None,/dataset/features/vn/common/class_xin-chao_df0cab07/aug_003/sample_a8b5143d0e.npz,features/vn/common/class_xin-chao_df0cab07/aug_003/sample_a8b5143d0e.npz,s3://sign-dataset/features/vn/common/class_xin-chao_df0cab07/aug_003/sample_a8b5143d0e.npz,,2026-05-04T09:07:45.552405Z
3956d381f0,df0cab07-2631-409f-b08a-8cd81166f62d,xin-chao,xin chào,vn,common,camera,Trân,1777885146491,,,60,4,None,/dataset/features/vn/common/class_xin-chao_df0cab07/aug_004/sample_3956d381f0.npz,features/vn/common/class_xin-chao_df0cab07/aug_004/sample_3956d381f0.npz,s3://sign-dataset/features/vn/common/class_xin-chao_df0cab07/aug_004/sample_3956d381f0.npz,,2026-05-04T09:07:45.627877Z
e886e2f46b,df0cab07-2631-409f-b08a-8cd81166f62d,xin-chao,xin chào,vn,common,camera,Trân,1777885146491,,,60,5,None,/dataset/features/vn/common/class_xin-chao_df0cab07/aug_005/sample_e886e2f46b.npz,features/vn/common/class_xin-chao_df0cab07/aug_005/sample_e886e2f46b.npz,s3://sign-dataset/features/vn/common/class_xin-chao_df0cab07/aug_005/sample_e886e2f46b.npz,,2026-05-04T09:07:45.710248Z
a71b88106c,df0cab07-2631-409f-b08a-8cd81166f62d,xin-chao,xin chào,vn,common,camera,Trân,1777885146491,,,60,6,None,/dataset/features/vn/common/class_xin-chao_df0cab07/aug_006/sample_a71b88106c.npz,features/vn/common/class_xin-chao_df0cab07/aug_006/sample_a71b88106c.npz,s3://sign-dataset/features/vn/common/class_xin-chao_df0cab07/aug_006/sample_a71b88106c.npz,,2026-05-04T09:07:45.780128Z
646683f32f,df0cab07-2631-409f-b08a-8cd81166f62d,xin-chao,xin chào,vn,common,camera,Trân,1777885146491,,,60,7,None,/dataset/features/vn/common/class_xin-chao_df0cab07/aug_007/sample_646683f32f.npz,features/vn/common/class_xin-chao_df0cab07/aug_007/sample_646683f32f.npz,s3://sign-dataset/features/vn/common/class_xin-chao_df0cab07/aug_007/sample_646683f32f.npz,,2026-05-04T09:07:45.853893Z
9552c85b86,cb7be8bf-a01b-404c-acc0-571c41950eab,cam-on,Cảm ơn,vn,common,camera,Trân,1777885146491,,,60,0,None,/dataset/features/vn/common/class_cam-on_cb7be8bf/aug_000/sample_9552c85b86.npz,features/vn/common/class_cam-on_cb7be8bf/aug_000/sample_9552c85b86.npz,s3://sign-dataset/features/vn/common/class_cam-on_cb7be8bf/aug_000/sample_9552c85b86.npz,,2026-05-04T09:07:59.954490Z
86780abc44,cb7be8bf-a01b-404c-acc0-571c41950eab,cam-on,Cảm ơn,vn,common,camera,Trân,1777885146491,,,60,1,None,/dataset/features/vn/common/class_cam-on_cb7be8bf/aug_001/sample_86780abc44.npz,features/vn/common/class_cam-on_cb7be8bf/aug_001/sample_86780abc44.npz,s3://sign-dataset/features/vn/common/class_cam-on_cb7be8bf/aug_001/sample_86780abc44.npz,,2026-05-04T09:08:00.068171Z
4915a88743,cb7be8bf-a01b-404c-acc0-571c41950eab,cam-on,Cảm ơn,vn,common,camera,Trân,1777885146491,,,60,2,None,/dataset/features/vn/common/class_cam-on_cb7be8bf/aug_002/sample_4915a88743.npz,features/vn/common/class_cam-on_cb7be8bf/aug_002/sample_4915a88743.npz,s3://sign-dataset/features/vn/common/class_cam-on_cb7be8bf/aug_002/sample_4915a88743.npz,,2026-05-04T09:08:00.150082Z
144ce1c036,cb7be8bf-a01b-404c-acc0-571c41950eab,cam-on,Cảm ơn,vn,common,camera,Trân,1777885146491,,,60,3,None,/dataset/features/vn/common/class_cam-on_cb7be8bf/aug_003/sample_144ce1c036.npz,features/vn/common/class_cam-on_cb7be8bf/aug_003/sample_144ce1c036.npz,s3://sign-dataset/features/vn/common/class_cam-on_cb7be8bf/aug_003/sample_144ce1c036.npz,,2026-05-04T09:08:00.224060Z
b3b40274cb,cb7be8bf-a01b-404c-acc0-571c41950eab,cam-on,Cảm ơn,vn,common,camera,Trân,1777885146491,,,60,4,None,/dataset/features/vn/common/class_cam-on_cb7be8bf/aug_004/sample_b3b40274cb.npz,features/vn/common/class_cam-on_cb7be8bf/aug_004/sample_b3b40274cb.npz,s3://sign-dataset/features/vn/common/class_cam-on_cb7be8bf/aug_004/sample_b3b40274cb.npz,,2026-05-04T09:08:00.300117Z
0cdf3f096d,cb7be8bf-a01b-404c-acc0-571c41950eab,cam-on,Cảm ơn,vn,common,camera,Trân,1777885146491,,,60,5,None,/dataset/features/vn/common/class_cam-on_cb7be8bf/aug_005/sample_0cdf3f096d.npz,features/vn/common/class_cam-on_cb7be8bf/aug_005/sample_0cdf3f096d.npz,s3://sign-dataset/features/vn/common/class_cam-on_cb7be8bf/aug_005/sample_0cdf3f096d.npz,,2026-05-04T09:08:00.374365Z
409e4ba939,cb7be8bf-a01b-404c-acc0-571c41950eab,cam-on,Cảm ơn,vn,common,camera,Trân,1777885146491,,,60,6,None,/dataset/features/vn/common/class_cam-on_cb7be8bf/aug_006/sample_409e4ba939.npz,features/vn/common/class_cam-on_cb7be8bf/aug_006/sample_409e4ba939.npz,s3://sign-dataset/features/vn/common/class_cam-on_cb7be8bf/aug_006/sample_409e4ba939.npz,,2026-05-04T09:08:00.451248Z
544034d195,cb7be8bf-a01b-404c-acc0-571c41950eab,cam-on,Cảm ơn,vn,common,camera,Trân,1777885146491,,,60,7,None,/dataset/features/vn/common/class_cam-on_cb7be8bf/aug_007/sample_544034d195.npz,features/vn/common/class_cam-on_cb7be8bf/aug_007/sample_544034d195.npz,s3://sign-dataset/features/vn/common/class_cam-on_cb7be8bf/aug_007/sample_544034d195.npz,,2026-05-04T09:08:00.522993Z
0dfce39206,cb7be8bf-a01b-404c-acc0-571c41950eab,cam-on,Cảm ơn,vn,common,camera,Trân,1777885146491,,,60,0,None,/dataset/features/vn/common/class_cam-on_cb7be8bf/aug_000/sample_0dfce39206.npz,features/vn/common/class_cam-on_cb7be8bf/aug_000/sample_0dfce39206.npz,s3://sign-dataset/features/vn/common/class_cam-on_cb7be8bf/aug_000/sample_0dfce39206.npz,,2026-05-04T09:08:08.006987Z
fe7c4e2bbd,cb7be8bf-a01b-404c-acc0-571c41950eab,cam-on,Cảm ơn,vn,common,camera,Trân,1777885146491,,,60,1,None,/dataset/features/vn/common/class_cam-on_cb7be8bf/aug_001/sample_fe7c4e2bbd.npz,features/vn/common/class_cam-on_cb7be8bf/aug_001/sample_fe7c4e2bbd.npz,s3://sign-dataset/features/vn/common/class_cam-on_cb7be8bf/aug_001/sample_fe7c4e2bbd.npz,,2026-05-04T09:08:08.102436Z
4b328a2c91,cb7be8bf-a01b-404c-acc0-571c41950eab,cam-on,Cảm ơn,vn,common,camera,Trân,1777885146491,,,60,2,None,/dataset/features/vn/common/class_cam-on_cb7be8bf/aug_002/sample_4b328a2c91.npz,features/vn/common/class_cam-on_cb7be8bf/aug_002/sample_4b328a2c91.npz,s3://sign-dataset/features/vn/common/class_cam-on_cb7be8bf/aug_002/sample_4b328a2c91.npz,,2026-05-04T09:08:08.182505Z
488ca5fbbe,cb7be8bf-a01b-404c-acc0-571c41950eab,cam-on,Cảm ơn,vn,common,camera,Trân,1777885146491,,,60,3,None,/dataset/features/vn/common/class_cam-on_cb7be8bf/aug_003/sample_488ca5fbbe.npz,features/vn/common/class_cam-on_cb7be8bf/aug_003/sample_488ca5fbbe.npz,s3://sign-dataset/features/vn/common/class_cam-on_cb7be8bf/aug_003/sample_488ca5fbbe.npz,,2026-05-04T09:08:08.262584Z
51dc5b229c,cb7be8bf-a01b-404c-acc0-571c41950eab,cam-on,Cảm ơn,vn,common,camera,Trân,1777885146491,,,60,4,None,/dataset/features/vn/common/class_cam-on_cb7be8bf/aug_004/sample_51dc5b229c.npz,features/vn/common/class_cam-on_cb7be8bf/aug_004/sample_51dc5b229c.npz,s3://sign-dataset/features/vn/common/class_cam-on_cb7be8bf/aug_004/sample_51dc5b229c.npz,,2026-05-04T09:08:08.333335Z
09f097292a,cb7be8bf-a01b-404c-acc0-571c41950eab,cam-on,Cảm ơn,vn,common,camera,Trân,1777885146491,,,60,5,None,/dataset/features/vn/common/class_cam-on_cb7be8bf/aug_005/sample_09f097292a.npz,features/vn/common/class_cam-on_cb7be8bf/aug_005/sample_09f097292a.npz,s3://sign-dataset/features/vn/common/class_cam-on_cb7be8bf/aug_005/sample_09f097292a.npz,,2026-05-04T09:08:08.412750Z
c2d62eaf1b,cb7be8bf-a01b-404c-acc0-571c41950eab,cam-on,Cảm ơn,vn,common,camera,Trân,1777885146491,,,60,6,None,/dataset/features/vn/common/class_cam-on_cb7be8bf/aug_006/sample_c2d62eaf1b.npz,features/vn/common/class_cam-on_cb7be8bf/aug_006/sample_c2d62eaf1b.npz,s3://sign-dataset/features/vn/common/class_cam-on_cb7be8bf/aug_006/sample_c2d62eaf1b.npz,,2026-05-04T09:08:08.488338Z
c91db94d01,cb7be8bf-a01b-404c-acc0-571c41950eab,cam-on,Cảm ơn,vn,common,camera,Trân,1777885146491,,,60,7,None,/dataset/features/vn/common/class_cam-on_cb7be8bf/aug_007/sample_c91db94d01.npz,features/vn/common/class_cam-on_cb7be8bf/aug_007/sample_c91db94d01.npz,s3://sign-dataset/features/vn/common/class_cam-on_cb7be8bf/aug_007/sample_c91db94d01.npz,,2026-05-04T09:08:08.561073Z
14e7b18269,cb7be8bf-a01b-404c-acc0-571c41950eab,cam-on,Cảm ơn,vn,common,camera,Trân,1777885146491,,,60,0,None,/dataset/features/vn/common/class_cam-on_cb7be8bf/aug_000/sample_14e7b18269.npz,features/vn/common/class_cam-on_cb7be8bf/aug_000/sample_14e7b18269.npz,s3://sign-dataset/features/vn/common/class_cam-on_cb7be8bf/aug_000/sample_14e7b18269.npz,,2026-05-04T09:08:15.959431Z
5669673ec3,cb7be8bf-a01b-404c-acc0-571c41950eab,cam-on,Cảm ơn,vn,common,camera,Trân,1777885146491,,,60,1,None,/dataset/features/vn/common/class_cam-on_cb7be8bf/aug_001/sample_5669673ec3.npz,features/vn/common/class_cam-on_cb7be8bf/aug_001/sample_5669673ec3.npz,s3://sign-dataset/features/vn/common/class_cam-on_cb7be8bf/aug_001/sample_5669673ec3.npz,,2026-05-04T09:08:16.047548Z
71b94d24b9,cb7be8bf-a01b-404c-acc0-571c41950eab,cam-on,Cảm ơn,vn,common,camera,Trân,1777885146491,,,60,2,None,/dataset/features/vn/common/class_cam-on_cb7be8bf/aug_002/sample_71b94d24b9.npz,features/vn/common/class_cam-on_cb7be8bf/aug_002/sample_71b94d24b9.npz,s3://sign-dataset/features/vn/common/class_cam-on_cb7be8bf/aug_002/sample_71b94d24b9.npz,,2026-05-04T09:08:16.130203Z
01db553e09,cb7be8bf-a01b-404c-acc0-571c41950eab,cam-on,Cảm ơn,vn,common,camera,Trân,1777885146491,,,60,3,None,/dataset/features/vn/common/class_cam-on_cb7be8bf/aug_003/sample_01db553e09.npz,features/vn/common/class_cam-on_cb7be8bf/aug_003/sample_01db553e09.npz,s3://sign-dataset/features/vn/common/class_cam-on_cb7be8bf/aug_003/sample_01db553e09.npz,,2026-05-04T09:08:16.208209Z
bcb2ab29f9,cb7be8bf-a01b-404c-acc0-571c41950eab,cam-on,Cảm ơn,vn,common,camera,Trân,1777885146491,,,60,4,None,/dataset/features/vn/common/class_cam-on_cb7be8bf/aug_004/sample_bcb2ab29f9.npz,features/vn/common/class_cam-on_cb7be8bf/aug_004/sample_bcb2ab29f9.npz,s3://sign-dataset/features/vn/common/class_cam-on_cb7be8bf/aug_004/sample_bcb2ab29f9.npz,,2026-05-04T09:08:16.280390Z
1551613550,cb7be8bf-a01b-404c-acc0-571c41950eab,cam-on,Cảm ơn,vn,common,camera,Trân,1777885146491,,,60,5,None,/dataset/features/vn/common/class_cam-on_cb7be8bf/aug_005/sample_1551613550.npz,features/vn/common/class_cam-on_cb7be8bf/aug_005/sample_1551613550.npz,s3://sign-dataset/features/vn/common/class_cam-on_cb7be8bf/aug_005/sample_1551613550.npz,,2026-05-04T09:08:16.352504Z
ae00685adc,cb7be8bf-a01b-404c-acc0-571c41950eab,cam-on,Cảm ơn,vn,common,camera,Trân,1777885146491,,,60,6,None,/dataset/features/vn/common/class_cam-on_cb7be8bf/aug_006/sample_ae00685adc.npz,features/vn/common/class_cam-on_cb7be8bf/aug_006/sample_ae00685adc.npz,s3://sign-dataset/features/vn/common/class_cam-on_cb7be8bf/aug_006/sample_ae00685adc.npz,,2026-05-04T09:08:16.432368Z
39556df502,cb7be8bf-a01b-404c-acc0-571c41950eab,cam-on,Cảm ơn,vn,common,camera,Trân,1777885146491,,,60,7,None,/dataset/features/vn/common/class_cam-on_cb7be8bf/aug_007/sample_39556df502.npz,features/vn/common/class_cam-on_cb7be8bf/aug_007/sample_39556df502.npz,s3://sign-dataset/features/vn/common/class_cam-on_cb7be8bf/aug_007/sample_39556df502.npz,,2026-05-04T09:08:16.513773Z
ff2d551d44,cb7be8bf-a01b-404c-acc0-571c41950eab,cam-on,Cảm ơn,vn,common,camera,Trân,1777885146491,,,60,0,None,/dataset/features/vn/common/class_cam-on_cb7be8bf/aug_000/sample_ff2d551d44.npz,features/vn/common/class_cam-on_cb7be8bf/aug_000/sample_ff2d551d44.npz,s3://sign-dataset/features/vn/common/class_cam-on_cb7be8bf/aug_000/sample_ff2d551d44.npz,,2026-05-04T09:08:24.003234Z
05848925ad,cb7be8bf-a01b-404c-acc0-571c41950eab,cam-on,Cảm ơn,vn,common,camera,Trân,1777885146491,,,60,1,None,/dataset/features/vn/common/class_cam-on_cb7be8bf/aug_001/sample_05848925ad.npz,features/vn/common/class_cam-on_cb7be8bf/aug_001/sample_05848925ad.npz,s3://sign-dataset/features/vn/common/class_cam-on_cb7be8bf/aug_001/sample_05848925ad.npz,,2026-05-04T09:08:24.097628Z
55cf96eaa6,cb7be8bf-a01b-404c-acc0-571c41950eab,cam-on,Cảm ơn,vn,common,camera,Trân,1777885146491,,,60,2,None,/dataset/features/vn/common/class_cam-on_cb7be8bf/aug_002/sample_55cf96eaa6.npz,features/vn/common/class_cam-on_cb7be8bf/aug_002/sample_55cf96eaa6.npz,s3://sign-dataset/features/vn/common/class_cam-on_cb7be8bf/aug_002/sample_55cf96eaa6.npz,,2026-05-04T09:08:24.174692Z
f7a22adb6c,cb7be8bf-a01b-404c-acc0-571c41950eab,cam-on,Cảm ơn,vn,common,camera,Trân,1777885146491,,,60,3,None,/dataset/features/vn/common/class_cam-on_cb7be8bf/aug_003/sample_f7a22adb6c.npz,features/vn/common/class_cam-on_cb7be8bf/aug_003/sample_f7a22adb6c.npz,s3://sign-dataset/features/vn/common/class_cam-on_cb7be8bf/aug_003/sample_f7a22adb6c.npz,,2026-05-04T09:08:24.251484Z
c6325686f1,cb7be8bf-a01b-404c-acc0-571c41950eab,cam-on,Cảm ơn,vn,common,camera,Trân,1777885146491,,,60,4,None,/dataset/features/vn/common/class_cam-on_cb7be8bf/aug_004/sample_c6325686f1.npz,features/vn/common/class_cam-on_cb7be8bf/aug_004/sample_c6325686f1.npz,s3://sign-dataset/features/vn/common/class_cam-on_cb7be8bf/aug_004/sample_c6325686f1.npz,,2026-05-04T09:08:24.324180Z
c8bd7d6ac6,cb7be8bf-a01b-404c-acc0-571c41950eab,cam-on,Cảm ơn,vn,common,camera,Trân,1777885146491,,,60,5,None,/dataset/features/vn/common/class_cam-on_cb7be8bf/aug_005/sample_c8bd7d6ac6.npz,features/vn/common/class_cam-on_cb7be8bf/aug_005/sample_c8bd7d6ac6.npz,s3://sign-dataset/features/vn/common/class_cam-on_cb7be8bf/aug_005/sample_c8bd7d6ac6.npz,,2026-05-04T09:08:24.411872Z
7b0949e16f,cb7be8bf-a01b-404c-acc0-571c41950eab,cam-on,Cảm ơn,vn,common,camera,Trân,1777885146491,,,60,6,None,/dataset/features/vn/common/class_cam-on_cb7be8bf/aug_006/sample_7b0949e16f.npz,features/vn/common/class_cam-on_cb7be8bf/aug_006/sample_7b0949e16f.npz,s3://sign-dataset/features/vn/common/class_cam-on_cb7be8bf/aug_006/sample_7b0949e16f.npz,,2026-05-04T09:08:24.496855Z
1fe6e960b6,cb7be8bf-a01b-404c-acc0-571c41950eab,cam-on,Cảm ơn,vn,common,camera,Trân,1777885146491,,,60,7,None,/dataset/features/vn/common/class_cam-on_cb7be8bf/aug_007/sample_1fe6e960b6.npz,features/vn/common/class_cam-on_cb7be8bf/aug_007/sample_1fe6e960b6.npz,s3://sign-dataset/features/vn/common/class_cam-on_cb7be8bf/aug_007/sample_1fe6e960b6.npz,,2026-05-04T09:08:24.576195Z
971f746540,cb7be8bf-a01b-404c-acc0-571c41950eab,cam-on,Cảm ơn,vn,common,camera,Trân,1777885146491,,,60,0,None,/dataset/features/vn/common/class_cam-on_cb7be8bf/aug_000/sample_971f746540.npz,features/vn/common/class_cam-on_cb7be8bf/aug_000/sample_971f746540.npz,s3://sign-dataset/features/vn/common/class_cam-on_cb7be8bf/aug_000/sample_971f746540.npz,,2026-05-04T09:08:32.114910Z
b507402866,cb7be8bf-a01b-404c-acc0-571c41950eab,cam-on,Cảm ơn,vn,common,camera,Trân,1777885146491,,,60,1,None,/dataset/features/vn/common/class_cam-on_cb7be8bf/aug_001/sample_b507402866.npz,features/vn/common/class_cam-on_cb7be8bf/aug_001/sample_b507402866.npz,s3://sign-dataset/features/vn/common/class_cam-on_cb7be8bf/aug_001/sample_b507402866.npz,,2026-05-04T09:08:32.191900Z
e9a4e367f9,cb7be8bf-a01b-404c-acc0-571c41950eab,cam-on,Cảm ơn,vn,common,camera,Trân,1777885146491,,,60,2,None,/dataset/features/vn/common/class_cam-on_cb7be8bf/aug_002/sample_e9a4e367f9.npz,features/vn/common/class_cam-on_cb7be8bf/aug_002/sample_e9a4e367f9.npz,s3://sign-dataset/features/vn/common/class_cam-on_cb7be8bf/aug_002/sample_e9a4e367f9.npz,,2026-05-04T09:08:32.282461Z
d1eb125825,cb7be8bf-a01b-404c-acc0-571c41950eab,cam-on,Cảm ơn,vn,common,camera,Trân,1777885146491,,,60,3,None,/dataset/features/vn/common/class_cam-on_cb7be8bf/aug_003/sample_d1eb125825.npz,features/vn/common/class_cam-on_cb7be8bf/aug_003/sample_d1eb125825.npz,s3://sign-dataset/features/vn/common/class_cam-on_cb7be8bf/aug_003/sample_d1eb125825.npz,,2026-05-04T09:08:32.365182Z
0ea797bd35,cb7be8bf-a01b-404c-acc0-571c41950eab,cam-on,Cảm ơn,vn,common,camera,Trân,1777885146491,,,60,4,None,/dataset/features/vn/common/class_cam-on_cb7be8bf/aug_004/sample_0ea797bd35.npz,features/vn/common/class_cam-on_cb7be8bf/aug_004/sample_0ea797bd35.npz,s3://sign-dataset/features/vn/common/class_cam-on_cb7be8bf/aug_004/sample_0ea797bd35.npz,,2026-05-04T09:08:32.445847Z
c8b17719c0,cb7be8bf-a01b-404c-acc0-571c41950eab,cam-on,Cảm ơn,vn,common,camera,Trân,1777885146491,,,60,5,None,/dataset/features/vn/common/class_cam-on_cb7be8bf/aug_005/sample_c8b17719c0.npz,features/vn/common/class_cam-on_cb7be8bf/aug_005/sample_c8b17719c0.npz,s3://sign-dataset/features/vn/common/class_cam-on_cb7be8bf/aug_005/sample_c8b17719c0.npz,,2026-05-04T09:08:32.551720Z
a8d2a9ed42,cb7be8bf-a01b-404c-acc0-571c41950eab,cam-on,Cảm ơn,vn,common,camera,Trân,1777885146491,,,60,6,None,/dataset/features/vn/common/class_cam-on_cb7be8bf/aug_006/sample_a8d2a9ed42.npz,features/vn/common/class_cam-on_cb7be8bf/aug_006/sample_a8d2a9ed42.npz,s3://sign-dataset/features/vn/common/class_cam-on_cb7be8bf/aug_006/sample_a8d2a9ed42.npz,,2026-05-04T09:08:32.642434Z
b3b9b219f3,cb7be8bf-a01b-404c-acc0-571c41950eab,cam-on,Cảm ơn,vn,common,camera,Trân,1777885146491,,,60,7,None,/dataset/features/vn/common/class_cam-on_cb7be8bf/aug_007/sample_b3b9b219f3.npz,features/vn/common/class_cam-on_cb7be8bf/aug_007/sample_b3b9b219f3.npz,s3://sign-dataset/features/vn/common/class_cam-on_cb7be8bf/aug_007/sample_b3b9b219f3.npz,,2026-05-04T09:08:32.718947Z
9dff2d5eb6,cd05e978-1468-48b0-89e3-6aa70a09c3cf,rang-muoi,rang muối,vn,hoa-de,camera,Trân,1777887821857,,,60,0,None,/dataset/features/vn/hoa-de/class_rang-muoi_cd05e978/aug_000/sample_9dff2d5eb6.npz,features/vn/hoa-de/class_rang-muoi_cd05e978/aug_000/sample_9dff2d5eb6.npz,s3://sign-dataset/features/vn/hoa-de/class_rang-muoi_cd05e978/aug_000/sample_9dff2d5eb6.npz,,2026-05-04T09:46:09.796928Z
6fbbc2f10c,cd05e978-1468-48b0-89e3-6aa70a09c3cf,rang-muoi,rang muối,vn,hoa-de,camera,Trân,1777887821857,,,60,1,None,/dataset/features/vn/hoa-de/class_rang-muoi_cd05e978/aug_001/sample_6fbbc2f10c.npz,features/vn/hoa-de/class_rang-muoi_cd05e978/aug_001/sample_6fbbc2f10c.npz,s3://sign-dataset/features/vn/hoa-de/class_rang-muoi_cd05e978/aug_001/sample_6fbbc2f10c.npz,,2026-05-04T09:46:09.943809Z
4de4f43b07,cd05e978-1468-48b0-89e3-6aa70a09c3cf,rang-muoi,rang muối,vn,hoa-de,camera,Trân,1777887821857,,,60,2,None,/dataset/features/vn/hoa-de/class_rang-muoi_cd05e978/aug_002/sample_4de4f43b07.npz,features/vn/hoa-de/class_rang-muoi_cd05e978/aug_002/sample_4de4f43b07.npz,s3://sign-dataset/features/vn/hoa-de/class_rang-muoi_cd05e978/aug_002/sample_4de4f43b07.npz,,2026-05-04T09:46:10.090580Z
c0959c37aa,cd05e978-1468-48b0-89e3-6aa70a09c3cf,rang-muoi,rang muối,vn,hoa-de,camera,Trân,1777887821857,,,60,3,None,/dataset/features/vn/hoa-de/class_rang-muoi_cd05e978/aug_003/sample_c0959c37aa.npz,features/vn/hoa-de/class_rang-muoi_cd05e978/aug_003/sample_c0959c37aa.npz,s3://sign-dataset/features/vn/hoa-de/class_rang-muoi_cd05e978/aug_003/sample_c0959c37aa.npz,,2026-05-04T09:46:10.209919Z
4f57feea00,cd05e978-1468-48b0-89e3-6aa70a09c3cf,rang-muoi,rang muối,vn,hoa-de,camera,Trân,1777887821857,,,60,4,None,/dataset/features/vn/hoa-de/class_rang-muoi_cd05e978/aug_004/sample_4f57feea00.npz,features/vn/hoa-de/class_rang-muoi_cd05e978/aug_004/sample_4f57feea00.npz,s3://sign-dataset/features/vn/hoa-de/class_rang-muoi_cd05e978/aug_004/sample_4f57feea00.npz,,2026-05-04T09:46:10.335959Z
6c6953439b,cd05e978-1468-48b0-89e3-6aa70a09c3cf,rang-muoi,rang muối,vn,hoa-de,camera,Trân,1777887821857,,,60,5,None,/dataset/features/vn/hoa-de/class_rang-muoi_cd05e978/aug_005/sample_6c6953439b.npz,features/vn/hoa-de/class_rang-muoi_cd05e978/aug_005/sample_6c6953439b.npz,s3://sign-dataset/features/vn/hoa-de/class_rang-muoi_cd05e978/aug_005/sample_6c6953439b.npz,,2026-05-04T09:46:10.451020Z
148d716f43,cd05e978-1468-48b0-89e3-6aa70a09c3cf,rang-muoi,rang muối,vn,hoa-de,camera,Trân,1777887821857,,,60,6,None,/dataset/features/vn/hoa-de/class_rang-muoi_cd05e978/aug_006/sample_148d716f43.npz,features/vn/hoa-de/class_rang-muoi_cd05e978/aug_006/sample_148d716f43.npz,s3://sign-dataset/features/vn/hoa-de/class_rang-muoi_cd05e978/aug_006/sample_148d716f43.npz,,2026-05-04T09:46:10.554389Z
9b354318b3,cd05e978-1468-48b0-89e3-6aa70a09c3cf,rang-muoi,rang muối,vn,hoa-de,camera,Trân,1777887821857,,,60,7,None,/dataset/features/vn/hoa-de/class_rang-muoi_cd05e978/aug_007/sample_9b354318b3.npz,features/vn/hoa-de/class_rang-muoi_cd05e978/aug_007/sample_9b354318b3.npz,s3://sign-dataset/features/vn/hoa-de/class_rang-muoi_cd05e978/aug_007/sample_9b354318b3.npz,,2026-05-04T09:46:10.655858Z
b1d25b9305,cd05e978-1468-48b0-89e3-6aa70a09c3cf,rang-muoi,rang muối,vn,hoa-de,camera,Trân,1777887821857,,,60,0,None,/dataset/features/vn/hoa-de/class_rang-muoi_cd05e978/aug_000/sample_b1d25b9305.npz,features/vn/hoa-de/class_rang-muoi_cd05e978/aug_000/sample_b1d25b9305.npz,s3://sign-dataset/features/vn/hoa-de/class_rang-muoi_cd05e978/aug_000/sample_b1d25b9305.npz,,2026-05-04T09:46:17.812235Z
8c23c5e79e,cd05e978-1468-48b0-89e3-6aa70a09c3cf,rang-muoi,rang muối,vn,hoa-de,camera,Trân,1777887821857,,,60,1,None,/dataset/features/vn/hoa-de/class_rang-muoi_cd05e978/aug_001/sample_8c23c5e79e.npz,features/vn/hoa-de/class_rang-muoi_cd05e978/aug_001/sample_8c23c5e79e.npz,s3://sign-dataset/features/vn/hoa-de/class_rang-muoi_cd05e978/aug_001/sample_8c23c5e79e.npz,,2026-05-04T09:46:17.944020Z
795d5d35a5,cd05e978-1468-48b0-89e3-6aa70a09c3cf,rang-muoi,rang muối,vn,hoa-de,camera,Trân,1777887821857,,,60,2,None,/dataset/features/vn/hoa-de/class_rang-muoi_cd05e978/aug_002/sample_795d5d35a5.npz,features/vn/hoa-de/class_rang-muoi_cd05e978/aug_002/sample_795d5d35a5.npz,s3://sign-dataset/features/vn/hoa-de/class_rang-muoi_cd05e978/aug_002/sample_795d5d35a5.npz,,2026-05-04T09:46:18.053341Z
a20c66d00a,cd05e978-1468-48b0-89e3-6aa70a09c3cf,rang-muoi,rang muối,vn,hoa-de,camera,Trân,1777887821857,,,60,3,None,/dataset/features/vn/hoa-de/class_rang-muoi_cd05e978/aug_003/sample_a20c66d00a.npz,features/vn/hoa-de/class_rang-muoi_cd05e978/aug_003/sample_a20c66d00a.npz,s3://sign-dataset/features/vn/hoa-de/class_rang-muoi_cd05e978/aug_003/sample_a20c66d00a.npz,,2026-05-04T09:46:18.157602Z
718c9beba8,cd05e978-1468-48b0-89e3-6aa70a09c3cf,rang-muoi,rang muối,vn,hoa-de,camera,Trân,1777887821857,,,60,4,None,/dataset/features/vn/hoa-de/class_rang-muoi_cd05e978/aug_004/sample_718c9beba8.npz,features/vn/hoa-de/class_rang-muoi_cd05e978/aug_004/sample_718c9beba8.npz,s3://sign-dataset/features/vn/hoa-de/class_rang-muoi_cd05e978/aug_004/sample_718c9beba8.npz,,2026-05-04T09:46:18.267860Z
b781dcd22b,cd05e978-1468-48b0-89e3-6aa70a09c3cf,rang-muoi,rang muối,vn,hoa-de,camera,Trân,1777887821857,,,60,5,None,/dataset/features/vn/hoa-de/class_rang-muoi_cd05e978/aug_005/sample_b781dcd22b.npz,features/vn/hoa-de/class_rang-muoi_cd05e978/aug_005/sample_b781dcd22b.npz,s3://sign-dataset/features/vn/hoa-de/class_rang-muoi_cd05e978/aug_005/sample_b781dcd22b.npz,,2026-05-04T09:46:18.371018Z
e3b5c3436d,cd05e978-1468-48b0-89e3-6aa70a09c3cf,rang-muoi,rang muối,vn,hoa-de,camera,Trân,1777887821857,,,60,6,None,/dataset/features/vn/hoa-de/class_rang-muoi_cd05e978/aug_006/sample_e3b5c3436d.npz,features/vn/hoa-de/class_rang-muoi_cd05e978/aug_006/sample_e3b5c3436d.npz,s3://sign-dataset/features/vn/hoa-de/class_rang-muoi_cd05e978/aug_006/sample_e3b5c3436d.npz,,2026-05-04T09:46:18.480958Z
34b33ed37b,cd05e978-1468-48b0-89e3-6aa70a09c3cf,rang-muoi,rang muối,vn,hoa-de,camera,Trân,1777887821857,,,60,7,None,/dataset/features/vn/hoa-de/class_rang-muoi_cd05e978/aug_007/sample_34b33ed37b.npz,features/vn/hoa-de/class_rang-muoi_cd05e978/aug_007/sample_34b33ed37b.npz,s3://sign-dataset/features/vn/hoa-de/class_rang-muoi_cd05e978/aug_007/sample_34b33ed37b.npz,,2026-05-04T09:46:18.621006Z
c27657d143,cd05e978-1468-48b0-89e3-6aa70a09c3cf,rang-muoi,rang muối,vn,hoa-de,camera,Trân,1777887821857,,,60,0,None,/dataset/features/vn/hoa-de/class_rang-muoi_cd05e978/aug_000/sample_c27657d143.npz,features/vn/hoa-de/class_rang-muoi_cd05e978/aug_000/sample_c27657d143.npz,s3://sign-dataset/features/vn/hoa-de/class_rang-muoi_cd05e978/aug_000/sample_c27657d143.npz,,2026-05-04T09:46:26.377831Z
aca6d7079b,cd05e978-1468-48b0-89e3-6aa70a09c3cf,rang-muoi,rang muối,vn,hoa-de,camera,Trân,1777887821857,,,60,1,None,/dataset/features/vn/hoa-de/class_rang-muoi_cd05e978/aug_001/sample_aca6d7079b.npz,features/vn/hoa-de/class_rang-muoi_cd05e978/aug_001/sample_aca6d7079b.npz,s3://sign-dataset/features/vn/hoa-de/class_rang-muoi_cd05e978/aug_001/sample_aca6d7079b.npz,,2026-05-04T09:46:26.515618Z
f45f0271de,cd05e978-1468-48b0-89e3-6aa70a09c3cf,rang-muoi,rang muối,vn,hoa-de,camera,Trân,1777887821857,,,60,2,None,/dataset/features/vn/hoa-de/class_rang-muoi_cd05e978/aug_002/sample_f45f0271de.npz,features/vn/hoa-de/class_rang-muoi_cd05e978/aug_002/sample_f45f0271de.npz,s3://sign-dataset/features/vn/hoa-de/class_rang-muoi_cd05e978/aug_002/sample_f45f0271de.npz,,2026-05-04T09:46:26.645264Z
f267ccf325,cd05e978-1468-48b0-89e3-6aa70a09c3cf,rang-muoi,rang muối,vn,hoa-de,camera,Trân,1777887821857,,,60,3,None,/dataset/features/vn/hoa-de/class_rang-muoi_cd05e978/aug_003/sample_f267ccf325.npz,features/vn/hoa-de/class_rang-muoi_cd05e978/aug_003/sample_f267ccf325.npz,s3://sign-dataset/features/vn/hoa-de/class_rang-muoi_cd05e978/aug_003/sample_f267ccf325.npz,,2026-05-04T09:46:26.782617Z
341e809541,cd05e978-1468-48b0-89e3-6aa70a09c3cf,rang-muoi,rang muối,vn,hoa-de,camera,Trân,1777887821857,,,60,4,None,/dataset/features/vn/hoa-de/class_rang-muoi_cd05e978/aug_004/sample_341e809541.npz,features/vn/hoa-de/class_rang-muoi_cd05e978/aug_004/sample_341e809541.npz,s3://sign-dataset/features/vn/hoa-de/class_rang-muoi_cd05e978/aug_004/sample_341e809541.npz,,2026-05-04T09:46:26.926083Z
ec3760a9ba,cd05e978-1468-48b0-89e3-6aa70a09c3cf,rang-muoi,rang muối,vn,hoa-de,camera,Trân,1777887821857,,,60,5,None,/dataset/features/vn/hoa-de/class_rang-muoi_cd05e978/aug_005/sample_ec3760a9ba.npz,features/vn/hoa-de/class_rang-muoi_cd05e978/aug_005/sample_ec3760a9ba.npz,s3://sign-dataset/features/vn/hoa-de/class_rang-muoi_cd05e978/aug_005/sample_ec3760a9ba.npz,,2026-05-04T09:46:27.102222Z
14e7475bff,cd05e978-1468-48b0-89e3-6aa70a09c3cf,rang-muoi,rang muối,vn,hoa-de,camera,Trân,1777887821857,,,60,6,None,/dataset/features/vn/hoa-de/class_rang-muoi_cd05e978/aug_006/sample_14e7475bff.npz,features/vn/hoa-de/class_rang-muoi_cd05e978/aug_006/sample_14e7475bff.npz,s3://sign-dataset/features/vn/hoa-de/class_rang-muoi_cd05e978/aug_006/sample_14e7475bff.npz,,2026-05-04T09:46:27.442540Z
864efd65fc,cd05e978-1468-48b0-89e3-6aa70a09c3cf,rang-muoi,rang muối,vn,hoa-de,camera,Trân,1777887821857,,,60,7,None,/dataset/features/vn/hoa-de/class_rang-muoi_cd05e978/aug_007/sample_864efd65fc.npz,features/vn/hoa-de/class_rang-muoi_cd05e978/aug_007/sample_864efd65fc.npz,s3://sign-dataset/features/vn/hoa-de/class_rang-muoi_cd05e978/aug_007/sample_864efd65fc.npz,,2026-05-04T09:46:27.618416Z
6c5a3678d1,cd05e978-1468-48b0-89e3-6aa70a09c3cf,rang-muoi,rang muối,vn,hoa-de,camera,Trân,1777887821857,,,60,0,None,/dataset/features/vn/hoa-de/class_rang-muoi_cd05e978/aug_000/sample_6c5a3678d1.npz,features/vn/hoa-de/class_rang-muoi_cd05e978/aug_000/sample_6c5a3678d1.npz,s3://sign-dataset/features/vn/hoa-de/class_rang-muoi_cd05e978/aug_000/sample_6c5a3678d1.npz,,2026-05-04T09:46:34.450025Z
d9882b6435,cd05e978-1468-48b0-89e3-6aa70a09c3cf,rang-muoi,rang muối,vn,hoa-de,camera,Trân,1777887821857,,,60,1,None,/dataset/features/vn/hoa-de/class_rang-muoi_cd05e978/aug_001/sample_d9882b6435.npz,features/vn/hoa-de/class_rang-muoi_cd05e978/aug_001/sample_d9882b6435.npz,s3://sign-dataset/features/vn/hoa-de/class_rang-muoi_cd05e978/aug_001/sample_d9882b6435.npz,,2026-05-04T09:46:34.533217Z
cceb11a363,cd05e978-1468-48b0-89e3-6aa70a09c3cf,rang-muoi,rang muối,vn,hoa-de,camera,Trân,1777887821857,,,60,2,None,/dataset/features/vn/hoa-de/class_rang-muoi_cd05e978/aug_002/sample_cceb11a363.npz,features/vn/hoa-de/class_rang-muoi_cd05e978/aug_002/sample_cceb11a363.npz,s3://sign-dataset/features/vn/hoa-de/class_rang-muoi_cd05e978/aug_002/sample_cceb11a363.npz,,2026-05-04T09:46:34.615570Z
b161aab08c,cd05e978-1468-48b0-89e3-6aa70a09c3cf,rang-muoi,rang muối,vn,hoa-de,camera,Trân,1777887821857,,,60,3,None,/dataset/features/vn/hoa-de/class_rang-muoi_cd05e978/aug_003/sample_b161aab08c.npz,features/vn/hoa-de/class_rang-muoi_cd05e978/aug_003/sample_b161aab08c.npz,s3://sign-dataset/features/vn/hoa-de/class_rang-muoi_cd05e978/aug_003/sample_b161aab08c.npz,,2026-05-04T09:46:34.714621Z
5a117168ae,cd05e978-1468-48b0-89e3-6aa70a09c3cf,rang-muoi,rang muối,vn,hoa-de,camera,Trân,1777887821857,,,60,4,None,/dataset/features/vn/hoa-de/class_rang-muoi_cd05e978/aug_004/sample_5a117168ae.npz,features/vn/hoa-de/class_rang-muoi_cd05e978/aug_004/sample_5a117168ae.npz,s3://sign-dataset/features/vn/hoa-de/class_rang-muoi_cd05e978/aug_004/sample_5a117168ae.npz,,2026-05-04T09:46:34.796912Z
27ae3a6569,cd05e978-1468-48b0-89e3-6aa70a09c3cf,rang-muoi,rang muối,vn,hoa-de,camera,Trân,1777887821857,,,60,5,None,/dataset/features/vn/hoa-de/class_rang-muoi_cd05e978/aug_005/sample_27ae3a6569.npz,features/vn/hoa-de/class_rang-muoi_cd05e978/aug_005/sample_27ae3a6569.npz,s3://sign-dataset/features/vn/hoa-de/class_rang-muoi_cd05e978/aug_005/sample_27ae3a6569.npz,,2026-05-04T09:46:34.881302Z
746e13b4d8,cd05e978-1468-48b0-89e3-6aa70a09c3cf,rang-muoi,rang muối,vn,hoa-de,camera,Trân,1777887821857,,,60,6,None,/dataset/features/vn/hoa-de/class_rang-muoi_cd05e978/aug_006/sample_746e13b4d8.npz,features/vn/hoa-de/class_rang-muoi_cd05e978/aug_006/sample_746e13b4d8.npz,s3://sign-dataset/features/vn/hoa-de/class_rang-muoi_cd05e978/aug_006/sample_746e13b4d8.npz,,2026-05-04T09:46:34.962914Z
24b188bac3,cd05e978-1468-48b0-89e3-6aa70a09c3cf,rang-muoi,rang muối,vn,hoa-de,camera,Trân,1777887821857,,,60,7,None,/dataset/features/vn/hoa-de/class_rang-muoi_cd05e978/aug_007/sample_24b188bac3.npz,features/vn/hoa-de/class_rang-muoi_cd05e978/aug_007/sample_24b188bac3.npz,s3://sign-dataset/features/vn/hoa-de/class_rang-muoi_cd05e978/aug_007/sample_24b188bac3.npz,,2026-05-04T09:46:35.043848Z
50f23faa2c,cd05e978-1468-48b0-89e3-6aa70a09c3cf,rang-muoi,rang muối,vn,hoa-de,camera,Trân,1777887821857,,,60,0,None,/dataset/features/vn/hoa-de/class_rang-muoi_cd05e978/aug_000/sample_50f23faa2c.npz,features/vn/hoa-de/class_rang-muoi_cd05e978/aug_000/sample_50f23faa2c.npz,s3://sign-dataset/features/vn/hoa-de/class_rang-muoi_cd05e978/aug_000/sample_50f23faa2c.npz,,2026-05-04T09:46:42.478540Z
3ba907f4c1,cd05e978-1468-48b0-89e3-6aa70a09c3cf,rang-muoi,rang muối,vn,hoa-de,camera,Trân,1777887821857,,,60,1,None,/dataset/features/vn/hoa-de/class_rang-muoi_cd05e978/aug_001/sample_3ba907f4c1.npz,features/vn/hoa-de/class_rang-muoi_cd05e978/aug_001/sample_3ba907f4c1.npz,s3://sign-dataset/features/vn/hoa-de/class_rang-muoi_cd05e978/aug_001/sample_3ba907f4c1.npz,,2026-05-04T09:46:42.564851Z
4617b1de32,cd05e978-1468-48b0-89e3-6aa70a09c3cf,rang-muoi,rang muối,vn,hoa-de,camera,Trân,1777887821857,,,60,2,None,/dataset/features/vn/hoa-de/class_rang-muoi_cd05e978/aug_002/sample_4617b1de32.npz,features/vn/hoa-de/class_rang-muoi_cd05e978/aug_002/sample_4617b1de32.npz,s3://sign-dataset/features/vn/hoa-de/class_rang-muoi_cd05e978/aug_002/sample_4617b1de32.npz,,2026-05-04T09:46:42.657211Z
ae14531c73,cd05e978-1468-48b0-89e3-6aa70a09c3cf,rang-muoi,rang muối,vn,hoa-de,camera,Trân,1777887821857,,,60,3,None,/dataset/features/vn/hoa-de/class_rang-muoi_cd05e978/aug_003/sample_ae14531c73.npz,features/vn/hoa-de/class_rang-muoi_cd05e978/aug_003/sample_ae14531c73.npz,s3://sign-dataset/features/vn/hoa-de/class_rang-muoi_cd05e978/aug_003/sample_ae14531c73.npz,,2026-05-04T09:46:42.738183Z
97073ff30c,cd05e978-1468-48b0-89e3-6aa70a09c3cf,rang-muoi,rang muối,vn,hoa-de,camera,Trân,1777887821857,,,60,4,None,/dataset/features/vn/hoa-de/class_rang-muoi_cd05e978/aug_004/sample_97073ff30c.npz,features/vn/hoa-de/class_rang-muoi_cd05e978/aug_004/sample_97073ff30c.npz,s3://sign-dataset/features/vn/hoa-de/class_rang-muoi_cd05e978/aug_004/sample_97073ff30c.npz,,2026-05-04T09:46:42.815327Z
479030ffa1,cd05e978-1468-48b0-89e3-6aa70a09c3cf,rang-muoi,rang muối,vn,hoa-de,camera,Trân,1777887821857,,,60,5,None,/dataset/features/vn/hoa-de/class_rang-muoi_cd05e978/aug_005/sample_479030ffa1.npz,features/vn/hoa-de/class_rang-muoi_cd05e978/aug_005/sample_479030ffa1.npz,s3://sign-dataset/features/vn/hoa-de/class_rang-muoi_cd05e978/aug_005/sample_479030ffa1.npz,,2026-05-04T09:46:42.895980Z
d1954de859,cd05e978-1468-48b0-89e3-6aa70a09c3cf,rang-muoi,rang muối,vn,hoa-de,camera,Trân,1777887821857,,,60,6,None,/dataset/features/vn/hoa-de/class_rang-muoi_cd05e978/aug_006/sample_d1954de859.npz,features/vn/hoa-de/class_rang-muoi_cd05e978/aug_006/sample_d1954de859.npz,s3://sign-dataset/features/vn/hoa-de/class_rang-muoi_cd05e978/aug_006/sample_d1954de859.npz,,2026-05-04T09:46:42.977260Z
8631351c38,cd05e978-1468-48b0-89e3-6aa70a09c3cf,rang-muoi,rang muối,vn,hoa-de,camera,Trân,1777887821857,,,60,7,None,/dataset/features/vn/hoa-de/class_rang-muoi_cd05e978/aug_007/sample_8631351c38.npz,features/vn/hoa-de/class_rang-muoi_cd05e978/aug_007/sample_8631351c38.npz,s3://sign-dataset/features/vn/hoa-de/class_rang-muoi_cd05e978/aug_007/sample_8631351c38.npz,,2026-05-04T09:46:43.057824Z
81cbee59db,cd05e978-1468-48b0-89e3-6aa70a09c3cf,rang-muoi,rang muối,vn,hoa-de,camera,Trân,1777887821857,,,60,0,None,/dataset/features/vn/hoa-de/class_rang-muoi_cd05e978/aug_000/sample_81cbee59db.npz,features/vn/hoa-de/class_rang-muoi_cd05e978/aug_000/sample_81cbee59db.npz,s3://sign-dataset/features/vn/hoa-de/class_rang-muoi_cd05e978/aug_000/sample_81cbee59db.npz,,2026-05-04T09:46:56.092423Z
9659d13910,cd05e978-1468-48b0-89e3-6aa70a09c3cf,rang-muoi,rang muối,vn,hoa-de,camera,Trân,1777887821857,,,60,1,None,/dataset/features/vn/hoa-de/class_rang-muoi_cd05e978/aug_001/sample_9659d13910.npz,features/vn/hoa-de/class_rang-muoi_cd05e978/aug_001/sample_9659d13910.npz,s3://sign-dataset/features/vn/hoa-de/class_rang-muoi_cd05e978/aug_001/sample_9659d13910.npz,,2026-05-04T09:46:56.190324Z
ef6cf3f54d,cd05e978-1468-48b0-89e3-6aa70a09c3cf,rang-muoi,rang muối,vn,hoa-de,camera,Trân,1777887821857,,,60,2,None,/dataset/features/vn/hoa-de/class_rang-muoi_cd05e978/aug_002/sample_ef6cf3f54d.npz,features/vn/hoa-de/class_rang-muoi_cd05e978/aug_002/sample_ef6cf3f54d.npz,s3://sign-dataset/features/vn/hoa-de/class_rang-muoi_cd05e978/aug_002/sample_ef6cf3f54d.npz,,2026-05-04T09:46:56.282274Z
441be510cd,cd05e978-1468-48b0-89e3-6aa70a09c3cf,rang-muoi,rang muối,vn,hoa-de,camera,Trân,1777887821857,,,60,3,None,/dataset/features/vn/hoa-de/class_rang-muoi_cd05e978/aug_003/sample_441be510cd.npz,features/vn/hoa-de/class_rang-muoi_cd05e978/aug_003/sample_441be510cd.npz,s3://sign-dataset/features/vn/hoa-de/class_rang-muoi_cd05e978/aug_003/sample_441be510cd.npz,,2026-05-04T09:46:56.372864Z
66d1eea738,cd05e978-1468-48b0-89e3-6aa70a09c3cf,rang-muoi,rang muối,vn,hoa-de,camera,Trân,1777887821857,,,60,4,None,/dataset/features/vn/hoa-de/class_rang-muoi_cd05e978/aug_004/sample_66d1eea738.npz,features/vn/hoa-de/class_rang-muoi_cd05e978/aug_004/sample_66d1eea738.npz,s3://sign-dataset/features/vn/hoa-de/class_rang-muoi_cd05e978/aug_004/sample_66d1eea738.npz,,2026-05-04T09:46:56.468417Z
133e565138,cd05e978-1468-48b0-89e3-6aa70a09c3cf,rang-muoi,rang muối,vn,hoa-de,camera,Trân,1777887821857,,,60,5,None,/dataset/features/vn/hoa-de/class_rang-muoi_cd05e978/aug_005/sample_133e565138.npz,features/vn/hoa-de/class_rang-muoi_cd05e978/aug_005/sample_133e565138.npz,s3://sign-dataset/features/vn/hoa-de/class_rang-muoi_cd05e978/aug_005/sample_133e565138.npz,,2026-05-04T09:46:56.564045Z
b74b75b806,cd05e978-1468-48b0-89e3-6aa70a09c3cf,rang-muoi,rang muối,vn,hoa-de,camera,Trân,1777887821857,,,60,6,None,/dataset/features/vn/hoa-de/class_rang-muoi_cd05e978/aug_006/sample_b74b75b806.npz,features/vn/hoa-de/class_rang-muoi_cd05e978/aug_006/sample_b74b75b806.npz,s3://sign-dataset/features/vn/hoa-de/class_rang-muoi_cd05e978/aug_006/sample_b74b75b806.npz,,2026-05-04T09:46:56.656377Z
c9e02f683d,cd05e978-1468-48b0-89e3-6aa70a09c3cf,rang-muoi,rang muối,vn,hoa-de,camera,Trân,1777887821857,,,60,7,None,/dataset/features/vn/hoa-de/class_rang-muoi_cd05e978/aug_007/sample_c9e02f683d.npz,features/vn/hoa-de/class_rang-muoi_cd05e978/aug_007/sample_c9e02f683d.npz,s3://sign-dataset/features/vn/hoa-de/class_rang-muoi_cd05e978/aug_007/sample_c9e02f683d.npz,,2026-05-04T09:46:56.754969Z
e33f7b0656,cd05e978-1468-48b0-89e3-6aa70a09c3cf,rang-muoi,rang muối,vn,hoa-de,camera,Trân,1777887821857,,,60,0,None,/dataset/features/vn/hoa-de/class_rang-muoi_cd05e978/aug_000/sample_e33f7b0656.npz,features/vn/hoa-de/class_rang-muoi_cd05e978/aug_000/sample_e33f7b0656.npz,s3://sign-dataset/features/vn/hoa-de/class_rang-muoi_cd05e978/aug_000/sample_e33f7b0656.npz,,2026-05-04T09:47:04.345781Z
b99a28bcbd,cd05e978-1468-48b0-89e3-6aa70a09c3cf,rang-muoi,rang muối,vn,hoa-de,camera,Trân,1777887821857,,,60,1,None,/dataset/features/vn/hoa-de/class_rang-muoi_cd05e978/aug_001/sample_b99a28bcbd.npz,features/vn/hoa-de/class_rang-muoi_cd05e978/aug_001/sample_b99a28bcbd.npz,s3://sign-dataset/features/vn/hoa-de/class_rang-muoi_cd05e978/aug_001/sample_b99a28bcbd.npz,,2026-05-04T09:47:04.434262Z
682e42b49a,cd05e978-1468-48b0-89e3-6aa70a09c3cf,rang-muoi,rang muối,vn,hoa-de,camera,Trân,1777887821857,,,60,2,None,/dataset/features/vn/hoa-de/class_rang-muoi_cd05e978/aug_002/sample_682e42b49a.npz,features/vn/hoa-de/class_rang-muoi_cd05e978/aug_002/sample_682e42b49a.npz,s3://sign-dataset/features/vn/hoa-de/class_rang-muoi_cd05e978/aug_002/sample_682e42b49a.npz,,2026-05-04T09:47:04.523954Z
7b461e3194,cd05e978-1468-48b0-89e3-6aa70a09c3cf,rang-muoi,rang muối,vn,hoa-de,camera,Trân,1777887821857,,,60,3,None,/dataset/features/vn/hoa-de/class_rang-muoi_cd05e978/aug_003/sample_7b461e3194.npz,features/vn/hoa-de/class_rang-muoi_cd05e978/aug_003/sample_7b461e3194.npz,s3://sign-dataset/features/vn/hoa-de/class_rang-muoi_cd05e978/aug_003/sample_7b461e3194.npz,,2026-05-04T09:47:04.608796Z
1b7ea621ea,cd05e978-1468-48b0-89e3-6aa70a09c3cf,rang-muoi,rang muối,vn,hoa-de,camera,Trân,1777887821857,,,60,4,None,/dataset/features/vn/hoa-de/class_rang-muoi_cd05e978/aug_004/sample_1b7ea621ea.npz,features/vn/hoa-de/class_rang-muoi_cd05e978/aug_004/sample_1b7ea621ea.npz,s3://sign-dataset/features/vn/hoa-de/class_rang-muoi_cd05e978/aug_004/sample_1b7ea621ea.npz,,2026-05-04T09:47:04.700184Z
0889598838,cd05e978-1468-48b0-89e3-6aa70a09c3cf,rang-muoi,rang muối,vn,hoa-de,camera,Trân,1777887821857,,,60,5,None,/dataset/features/vn/hoa-de/class_rang-muoi_cd05e978/aug_005/sample_0889598838.npz,features/vn/hoa-de/class_rang-muoi_cd05e978/aug_005/sample_0889598838.npz,s3://sign-dataset/features/vn/hoa-de/class_rang-muoi_cd05e978/aug_005/sample_0889598838.npz,,2026-05-04T09:47:04.779912Z
f999e3aa2b,cd05e978-1468-48b0-89e3-6aa70a09c3cf,rang-muoi,rang muối,vn,hoa-de,camera,Trân,1777887821857,,,60,6,None,/dataset/features/vn/hoa-de/class_rang-muoi_cd05e978/aug_006/sample_f999e3aa2b.npz,features/vn/hoa-de/class_rang-muoi_cd05e978/aug_006/sample_f999e3aa2b.npz,s3://sign-dataset/features/vn/hoa-de/class_rang-muoi_cd05e978/aug_006/sample_f999e3aa2b.npz,,2026-05-04T09:47:04.857857Z
33007dc5b4,cd05e978-1468-48b0-89e3-6aa70a09c3cf,rang-muoi,rang muối,vn,hoa-de,camera,Trân,1777887821857,,,60,7,None,/dataset/features/vn/hoa-de/class_rang-muoi_cd05e978/aug_007/sample_33007dc5b4.npz,features/vn/hoa-de/class_rang-muoi_cd05e978/aug_007/sample_33007dc5b4.npz,s3://sign-dataset/features/vn/hoa-de/class_rang-muoi_cd05e978/aug_007/sample_33007dc5b4.npz,,2026-05-04T09:47:04.940440Z
c358cffc85,cd05e978-1468-48b0-89e3-6aa70a09c3cf,rang-muoi,rang muối,vn,hoa-de,camera,Trân,1777887821857,,,60,0,None,/dataset/features/vn/hoa-de/class_rang-muoi_cd05e978/aug_000/sample_c358cffc85.npz,features/vn/hoa-de/class_rang-muoi_cd05e978/aug_000/sample_c358cffc85.npz,s3://sign-dataset/features/vn/hoa-de/class_rang-muoi_cd05e978/aug_000/sample_c358cffc85.npz,,2026-05-04T09:47:12.564978Z
9cfb333ce4,cd05e978-1468-48b0-89e3-6aa70a09c3cf,rang-muoi,rang muối,vn,hoa-de,camera,Trân,1777887821857,,,60,1,None,/dataset/features/vn/hoa-de/class_rang-muoi_cd05e978/aug_001/sample_9cfb333ce4.npz,features/vn/hoa-de/class_rang-muoi_cd05e978/aug_001/sample_9cfb333ce4.npz,s3://sign-dataset/features/vn/hoa-de/class_rang-muoi_cd05e978/aug_001/sample_9cfb333ce4.npz,,2026-05-04T09:47:12.663816Z
f14e44d974,cd05e978-1468-48b0-89e3-6aa70a09c3cf,rang-muoi,rang muối,vn,hoa-de,camera,Trân,1777887821857,,,60,2,None,/dataset/features/vn/hoa-de/class_rang-muoi_cd05e978/aug_002/sample_f14e44d974.npz,features/vn/hoa-de/class_rang-muoi_cd05e978/aug_002/sample_f14e44d974.npz,s3://sign-dataset/features/vn/hoa-de/class_rang-muoi_cd05e978/aug_002/sample_f14e44d974.npz,,2026-05-04T09:47:12.765378Z
2a5d6cb310,cd05e978-1468-48b0-89e3-6aa70a09c3cf,rang-muoi,rang muối,vn,hoa-de,camera,Trân,1777887821857,,,60,3,None,/dataset/features/vn/hoa-de/class_rang-muoi_cd05e978/aug_003/sample_2a5d6cb310.npz,features/vn/hoa-de/class_rang-muoi_cd05e978/aug_003/sample_2a5d6cb310.npz,s3://sign-dataset/features/vn/hoa-de/class_rang-muoi_cd05e978/aug_003/sample_2a5d6cb310.npz,,2026-05-04T09:47:12.863474Z
64d5ff83e3,cd05e978-1468-48b0-89e3-6aa70a09c3cf,rang-muoi,rang muối,vn,hoa-de,camera,Trân,1777887821857,,,60,4,None,/dataset/features/vn/hoa-de/class_rang-muoi_cd05e978/aug_004/sample_64d5ff83e3.npz,features/vn/hoa-de/class_rang-muoi_cd05e978/aug_004/sample_64d5ff83e3.npz,s3://sign-dataset/features/vn/hoa-de/class_rang-muoi_cd05e978/aug_004/sample_64d5ff83e3.npz,,2026-05-04T09:47:12.961054Z
ce03cb3997,cd05e978-1468-48b0-89e3-6aa70a09c3cf,rang-muoi,rang muối,vn,hoa-de,camera,Trân,1777887821857,,,60,5,None,/dataset/features/vn/hoa-de/class_rang-muoi_cd05e978/aug_005/sample_ce03cb3997.npz,features/vn/hoa-de/class_rang-muoi_cd05e978/aug_005/sample_ce03cb3997.npz,s3://sign-dataset/features/vn/hoa-de/class_rang-muoi_cd05e978/aug_005/sample_ce03cb3997.npz,,2026-05-04T09:47:13.051553Z
37e57a1fcb,cd05e978-1468-48b0-89e3-6aa70a09c3cf,rang-muoi,rang muối,vn,hoa-de,camera,Trân,1777887821857,,,60,6,None,/dataset/features/vn/hoa-de/class_rang-muoi_cd05e978/aug_006/sample_37e57a1fcb.npz,features/vn/hoa-de/class_rang-muoi_cd05e978/aug_006/sample_37e57a1fcb.npz,s3://sign-dataset/features/vn/hoa-de/class_rang-muoi_cd05e978/aug_006/sample_37e57a1fcb.npz,,2026-05-04T09:47:13.128089Z
11499cba18,cd05e978-1468-48b0-89e3-6aa70a09c3cf,rang-muoi,rang muối,vn,hoa-de,camera,Trân,1777887821857,,,60,7,None,/dataset/features/vn/hoa-de/class_rang-muoi_cd05e978/aug_007/sample_11499cba18.npz,features/vn/hoa-de/class_rang-muoi_cd05e978/aug_007/sample_11499cba18.npz,s3://sign-dataset/features/vn/hoa-de/class_rang-muoi_cd05e978/aug_007/sample_11499cba18.npz,,2026-05-04T09:47:13.217698Z
9ab8428460,cd05e978-1468-48b0-89e3-6aa70a09c3cf,rang-muoi,rang muối,vn,hoa-de,camera,Trân,1777887821857,,,60,0,None,/dataset/features/vn/hoa-de/class_rang-muoi_cd05e978/aug_000/sample_9ab8428460.npz,features/vn/hoa-de/class_rang-muoi_cd05e978/aug_000/sample_9ab8428460.npz,s3://sign-dataset/features/vn/hoa-de/class_rang-muoi_cd05e978/aug_000/sample_9ab8428460.npz,,2026-05-04T09:47:20.835903Z
1b3697aced,cd05e978-1468-48b0-89e3-6aa70a09c3cf,rang-muoi,rang muối,vn,hoa-de,camera,Trân,1777887821857,,,60,1,None,/dataset/features/vn/hoa-de/class_rang-muoi_cd05e978/aug_001/sample_1b3697aced.npz,features/vn/hoa-de/class_rang-muoi_cd05e978/aug_001/sample_1b3697aced.npz,s3://sign-dataset/features/vn/hoa-de/class_rang-muoi_cd05e978/aug_001/sample_1b3697aced.npz,,2026-05-04T09:47:20.944098Z
d8201edf63,cd05e978-1468-48b0-89e3-6aa70a09c3cf,rang-muoi,rang muối,vn,hoa-de,camera,Trân,1777887821857,,,60,2,None,/dataset/features/vn/hoa-de/class_rang-muoi_cd05e978/aug_002/sample_d8201edf63.npz,features/vn/hoa-de/class_rang-muoi_cd05e978/aug_002/sample_d8201edf63.npz,s3://sign-dataset/features/vn/hoa-de/class_rang-muoi_cd05e978/aug_002/sample_d8201edf63.npz,,2026-05-04T09:47:21.032458Z
903076300a,cd05e978-1468-48b0-89e3-6aa70a09c3cf,rang-muoi,rang muối,vn,hoa-de,camera,Trân,1777887821857,,,60,3,None,/dataset/features/vn/hoa-de/class_rang-muoi_cd05e978/aug_003/sample_903076300a.npz,features/vn/hoa-de/class_rang-muoi_cd05e978/aug_003/sample_903076300a.npz,s3://sign-dataset/features/vn/hoa-de/class_rang-muoi_cd05e978/aug_003/sample_903076300a.npz,,2026-05-04T09:47:21.125174Z
825a792642,cd05e978-1468-48b0-89e3-6aa70a09c3cf,rang-muoi,rang muối,vn,hoa-de,camera,Trân,1777887821857,,,60,4,None,/dataset/features/vn/hoa-de/class_rang-muoi_cd05e978/aug_004/sample_825a792642.npz,features/vn/hoa-de/class_rang-muoi_cd05e978/aug_004/sample_825a792642.npz,s3://sign-dataset/features/vn/hoa-de/class_rang-muoi_cd05e978/aug_004/sample_825a792642.npz,,2026-05-04T09:47:21.211712Z
e705ed8fbe,cd05e978-1468-48b0-89e3-6aa70a09c3cf,rang-muoi,rang muối,vn,hoa-de,camera,Trân,1777887821857,,,60,5,None,/dataset/features/vn/hoa-de/class_rang-muoi_cd05e978/aug_005/sample_e705ed8fbe.npz,features/vn/hoa-de/class_rang-muoi_cd05e978/aug_005/sample_e705ed8fbe.npz,s3://sign-dataset/features/vn/hoa-de/class_rang-muoi_cd05e978/aug_005/sample_e705ed8fbe.npz,,2026-05-04T09:47:21.294465Z
9353b889a1,cd05e978-1468-48b0-89e3-6aa70a09c3cf,rang-muoi,rang muối,vn,hoa-de,camera,Trân,1777887821857,,,60,6,None,/dataset/features/vn/hoa-de/class_rang-muoi_cd05e978/aug_006/sample_9353b889a1.npz,features/vn/hoa-de/class_rang-muoi_cd05e978/aug_006/sample_9353b889a1.npz,s3://sign-dataset/features/vn/hoa-de/class_rang-muoi_cd05e978/aug_006/sample_9353b889a1.npz,,2026-05-04T09:47:21.373330Z
2d6f9066e4,cd05e978-1468-48b0-89e3-6aa70a09c3cf,rang-muoi,rang muối,vn,hoa-de,camera,Trân,1777887821857,,,60,7,None,/dataset/features/vn/hoa-de/class_rang-muoi_cd05e978/aug_007/sample_2d6f9066e4.npz,features/vn/hoa-de/class_rang-muoi_cd05e978/aug_007/sample_2d6f9066e4.npz,s3://sign-dataset/features/vn/hoa-de/class_rang-muoi_cd05e978/aug_007/sample_2d6f9066e4.npz,,2026-05-04T09:47:21.456444Z
2d38c58bf7,cd05e978-1468-48b0-89e3-6aa70a09c3cf,rang-muoi,rang muối,vn,hoa-de,camera,Trân,1777887821857,,,60,0,None,/dataset/features/vn/hoa-de/class_rang-muoi_cd05e978/aug_000/sample_2d38c58bf7.npz,features/vn/hoa-de/class_rang-muoi_cd05e978/aug_000/sample_2d38c58bf7.npz,s3://sign-dataset/features/vn/hoa-de/class_rang-muoi_cd05e978/aug_000/sample_2d38c58bf7.npz,,2026-05-04T09:47:29.099825Z
93bfe4acb8,cd05e978-1468-48b0-89e3-6aa70a09c3cf,rang-muoi,rang muối,vn,hoa-de,camera,Trân,1777887821857,,,60,1,None,/dataset/features/vn/hoa-de/class_rang-muoi_cd05e978/aug_001/sample_93bfe4acb8.npz,features/vn/hoa-de/class_rang-muoi_cd05e978/aug_001/sample_93bfe4acb8.npz,s3://sign-dataset/features/vn/hoa-de/class_rang-muoi_cd05e978/aug_001/sample_93bfe4acb8.npz,,2026-05-04T09:47:29.191492Z
13e2c36082,cd05e978-1468-48b0-89e3-6aa70a09c3cf,rang-muoi,rang muối,vn,hoa-de,camera,Trân,1777887821857,,,60,2,None,/dataset/features/vn/hoa-de/class_rang-muoi_cd05e978/aug_002/sample_13e2c36082.npz,features/vn/hoa-de/class_rang-muoi_cd05e978/aug_002/sample_13e2c36082.npz,s3://sign-dataset/features/vn/hoa-de/class_rang-muoi_cd05e978/aug_002/sample_13e2c36082.npz,,2026-05-04T09:47:29.280726Z
495f4e0392,cd05e978-1468-48b0-89e3-6aa70a09c3cf,rang-muoi,rang muối,vn,hoa-de,camera,Trân,1777887821857,,,60,3,None,/dataset/features/vn/hoa-de/class_rang-muoi_cd05e978/aug_003/sample_495f4e0392.npz,features/vn/hoa-de/class_rang-muoi_cd05e978/aug_003/sample_495f4e0392.npz,s3://sign-dataset/features/vn/hoa-de/class_rang-muoi_cd05e978/aug_003/sample_495f4e0392.npz,,2026-05-04T09:47:29.363198Z
e46d6aca97,cd05e978-1468-48b0-89e3-6aa70a09c3cf,rang-muoi,rang muối,vn,hoa-de,camera,Trân,1777887821857,,,60,4,None,/dataset/features/vn/hoa-de/class_rang-muoi_cd05e978/aug_004/sample_e46d6aca97.npz,features/vn/hoa-de/class_rang-muoi_cd05e978/aug_004/sample_e46d6aca97.npz,s3://sign-dataset/features/vn/hoa-de/class_rang-muoi_cd05e978/aug_004/sample_e46d6aca97.npz,,2026-05-04T09:47:29.445435Z
eaa7ac4d13,cd05e978-1468-48b0-89e3-6aa70a09c3cf,rang-muoi,rang muối,vn,hoa-de,camera,Trân,1777887821857,,,60,5,None,/dataset/features/vn/hoa-de/class_rang-muoi_cd05e978/aug_005/sample_eaa7ac4d13.npz,features/vn/hoa-de/class_rang-muoi_cd05e978/aug_005/sample_eaa7ac4d13.npz,s3://sign-dataset/features/vn/hoa-de/class_rang-muoi_cd05e978/aug_005/sample_eaa7ac4d13.npz,,2026-05-04T09:47:29.542675Z
792887fba5,cd05e978-1468-48b0-89e3-6aa70a09c3cf,rang-muoi,rang muối,vn,hoa-de,camera,Trân,1777887821857,,,60,6,None,/dataset/features/vn/hoa-de/class_rang-muoi_cd05e978/aug_006/sample_792887fba5.npz,features/vn/hoa-de/class_rang-muoi_cd05e978/aug_006/sample_792887fba5.npz,s3://sign-dataset/features/vn/hoa-de/class_rang-muoi_cd05e978/aug_006/sample_792887fba5.npz,,2026-05-04T09:47:29.636570Z
f44b345ab4,cd05e978-1468-48b0-89e3-6aa70a09c3cf,rang-muoi,rang muối,vn,hoa-de,camera,Trân,1777887821857,,,60,7,None,/dataset/features/vn/hoa-de/class_rang-muoi_cd05e978/aug_007/sample_f44b345ab4.npz,features/vn/hoa-de/class_rang-muoi_cd05e978/aug_007/sample_f44b345ab4.npz,s3://sign-dataset/features/vn/hoa-de/class_rang-muoi_cd05e978/aug_007/sample_f44b345ab4.npz,,2026-05-04T09:47:29.718888Z
c3840bd830,812c0734-3a0e-40f2-a1a8-ce85217045aa,tom,tôm,vn,hoa-de,camera,Trân,1777887821857,,,60,0,None,/dataset/features/vn/hoa-de/class_tom_812c0734/aug_000/sample_c3840bd830.npz,features/vn/hoa-de/class_tom_812c0734/aug_000/sample_c3840bd830.npz,s3://sign-dataset/features/vn/hoa-de/class_tom_812c0734/aug_000/sample_c3840bd830.npz,,2026-05-04T09:47:45.236876Z
83fe9a5527,812c0734-3a0e-40f2-a1a8-ce85217045aa,tom,tôm,vn,hoa-de,camera,Trân,1777887821857,,,60,1,None,/dataset/features/vn/hoa-de/class_tom_812c0734/aug_001/sample_83fe9a5527.npz,features/vn/hoa-de/class_tom_812c0734/aug_001/sample_83fe9a5527.npz,s3://sign-dataset/features/vn/hoa-de/class_tom_812c0734/aug_001/sample_83fe9a5527.npz,,2026-05-04T09:47:45.318967Z
b4ba373c2c,812c0734-3a0e-40f2-a1a8-ce85217045aa,tom,tôm,vn,hoa-de,camera,Trân,1777887821857,,,60,2,None,/dataset/features/vn/hoa-de/class_tom_812c0734/aug_002/sample_b4ba373c2c.npz,features/vn/hoa-de/class_tom_812c0734/aug_002/sample_b4ba373c2c.npz,s3://sign-dataset/features/vn/hoa-de/class_tom_812c0734/aug_002/sample_b4ba373c2c.npz,,2026-05-04T09:47:45.400023Z
c66bec21e1,812c0734-3a0e-40f2-a1a8-ce85217045aa,tom,tôm,vn,hoa-de,camera,Trân,1777887821857,,,60,3,None,/dataset/features/vn/hoa-de/class_tom_812c0734/aug_003/sample_c66bec21e1.npz,features/vn/hoa-de/class_tom_812c0734/aug_003/sample_c66bec21e1.npz,s3://sign-dataset/features/vn/hoa-de/class_tom_812c0734/aug_003/sample_c66bec21e1.npz,,2026-05-04T09:47:45.479637Z
c8781ed96e,812c0734-3a0e-40f2-a1a8-ce85217045aa,tom,tôm,vn,hoa-de,camera,Trân,1777887821857,,,60,4,None,/dataset/features/vn/hoa-de/class_tom_812c0734/aug_004/sample_c8781ed96e.npz,features/vn/hoa-de/class_tom_812c0734/aug_004/sample_c8781ed96e.npz,s3://sign-dataset/features/vn/hoa-de/class_tom_812c0734/aug_004/sample_c8781ed96e.npz,,2026-05-04T09:47:45.556009Z
b487aa1483,812c0734-3a0e-40f2-a1a8-ce85217045aa,tom,tôm,vn,hoa-de,camera,Trân,1777887821857,,,60,5,None,/dataset/features/vn/hoa-de/class_tom_812c0734/aug_005/sample_b487aa1483.npz,features/vn/hoa-de/class_tom_812c0734/aug_005/sample_b487aa1483.npz,s3://sign-dataset/features/vn/hoa-de/class_tom_812c0734/aug_005/sample_b487aa1483.npz,,2026-05-04T09:47:45.637594Z
4d24acd4d9,812c0734-3a0e-40f2-a1a8-ce85217045aa,tom,tôm,vn,hoa-de,camera,Trân,1777887821857,,,60,6,None,/dataset/features/vn/hoa-de/class_tom_812c0734/aug_006/sample_4d24acd4d9.npz,features/vn/hoa-de/class_tom_812c0734/aug_006/sample_4d24acd4d9.npz,s3://sign-dataset/features/vn/hoa-de/class_tom_812c0734/aug_006/sample_4d24acd4d9.npz,,2026-05-04T09:47:45.727548Z
f86c4940bc,812c0734-3a0e-40f2-a1a8-ce85217045aa,tom,tôm,vn,hoa-de,camera,Trân,1777887821857,,,60,7,None,/dataset/features/vn/hoa-de/class_tom_812c0734/aug_007/sample_f86c4940bc.npz,features/vn/hoa-de/class_tom_812c0734/aug_007/sample_f86c4940bc.npz,s3://sign-dataset/features/vn/hoa-de/class_tom_812c0734/aug_007/sample_f86c4940bc.npz,,2026-05-04T09:47:45.829329Z
363a278314,812c0734-3a0e-40f2-a1a8-ce85217045aa,tom,tôm,vn,hoa-de,camera,Trân,1777887821857,,,60,0,None,/dataset/features/vn/hoa-de/class_tom_812c0734/aug_000/sample_363a278314.npz,features/vn/hoa-de/class_tom_812c0734/aug_000/sample_363a278314.npz,s3://sign-dataset/features/vn/hoa-de/class_tom_812c0734/aug_000/sample_363a278314.npz,,2026-05-04T09:47:53.468204Z
1ca71af2ea,812c0734-3a0e-40f2-a1a8-ce85217045aa,tom,tôm,vn,hoa-de,camera,Trân,1777887821857,,,60,1,None,/dataset/features/vn/hoa-de/class_tom_812c0734/aug_001/sample_1ca71af2ea.npz,features/vn/hoa-de/class_tom_812c0734/aug_001/sample_1ca71af2ea.npz,s3://sign-dataset/features/vn/hoa-de/class_tom_812c0734/aug_001/sample_1ca71af2ea.npz,,2026-05-04T09:47:53.567971Z
1a8515db90,812c0734-3a0e-40f2-a1a8-ce85217045aa,tom,tôm,vn,hoa-de,camera,Trân,1777887821857,,,60,2,None,/dataset/features/vn/hoa-de/class_tom_812c0734/aug_002/sample_1a8515db90.npz,features/vn/hoa-de/class_tom_812c0734/aug_002/sample_1a8515db90.npz,s3://sign-dataset/features/vn/hoa-de/class_tom_812c0734/aug_002/sample_1a8515db90.npz,,2026-05-04T09:47:53.712783Z
37fa6603e5,812c0734-3a0e-40f2-a1a8-ce85217045aa,tom,tôm,vn,hoa-de,camera,Trân,1777887821857,,,60,3,None,/dataset/features/vn/hoa-de/class_tom_812c0734/aug_003/sample_37fa6603e5.npz,features/vn/hoa-de/class_tom_812c0734/aug_003/sample_37fa6603e5.npz,s3://sign-dataset/features/vn/hoa-de/class_tom_812c0734/aug_003/sample_37fa6603e5.npz,,2026-05-04T09:47:53.796294Z
18ec9dff10,812c0734-3a0e-40f2-a1a8-ce85217045aa,tom,tôm,vn,hoa-de,camera,Trân,1777887821857,,,60,4,None,/dataset/features/vn/hoa-de/class_tom_812c0734/aug_004/sample_18ec9dff10.npz,features/vn/hoa-de/class_tom_812c0734/aug_004/sample_18ec9dff10.npz,s3://sign-dataset/features/vn/hoa-de/class_tom_812c0734/aug_004/sample_18ec9dff10.npz,,2026-05-04T09:47:53.877358Z
5e37e27d03,812c0734-3a0e-40f2-a1a8-ce85217045aa,tom,tôm,vn,hoa-de,camera,Trân,1777887821857,,,60,5,None,/dataset/features/vn/hoa-de/class_tom_812c0734/aug_005/sample_5e37e27d03.npz,features/vn/hoa-de/class_tom_812c0734/aug_005/sample_5e37e27d03.npz,s3://sign-dataset/features/vn/hoa-de/class_tom_812c0734/aug_005/sample_5e37e27d03.npz,,2026-05-04T09:47:53.955307Z
df7f25b7d6,812c0734-3a0e-40f2-a1a8-ce85217045aa,tom,tôm,vn,hoa-de,camera,Trân,1777887821857,,,60,6,None,/dataset/features/vn/hoa-de/class_tom_812c0734/aug_006/sample_df7f25b7d6.npz,features/vn/hoa-de/class_tom_812c0734/aug_006/sample_df7f25b7d6.npz,s3://sign-dataset/features/vn/hoa-de/class_tom_812c0734/aug_006/sample_df7f25b7d6.npz,,2026-05-04T09:47:54.037565Z
331f0dcf68,812c0734-3a0e-40f2-a1a8-ce85217045aa,tom,tôm,vn,hoa-de,camera,Trân,1777887821857,,,60,7,None,/dataset/features/vn/hoa-de/class_tom_812c0734/aug_007/sample_331f0dcf68.npz,features/vn/hoa-de/class_tom_812c0734/aug_007/sample_331f0dcf68.npz,s3://sign-dataset/features/vn/hoa-de/class_tom_812c0734/aug_007/sample_331f0dcf68.npz,,2026-05-04T09:47:54.143939Z
961678db84,812c0734-3a0e-40f2-a1a8-ce85217045aa,tom,tôm,vn,hoa-de,camera,Trân,1777887821857,,,60,0,None,/dataset/features/vn/hoa-de/class_tom_812c0734/aug_000/sample_961678db84.npz,features/vn/hoa-de/class_tom_812c0734/aug_000/sample_961678db84.npz,s3://sign-dataset/features/vn/hoa-de/class_tom_812c0734/aug_000/sample_961678db84.npz,,2026-05-04T09:48:01.616800Z
3305414dc7,812c0734-3a0e-40f2-a1a8-ce85217045aa,tom,tôm,vn,hoa-de,camera,Trân,1777887821857,,,60,1,None,/dataset/features/vn/hoa-de/class_tom_812c0734/aug_001/sample_3305414dc7.npz,features/vn/hoa-de/class_tom_812c0734/aug_001/sample_3305414dc7.npz,s3://sign-dataset/features/vn/hoa-de/class_tom_812c0734/aug_001/sample_3305414dc7.npz,,2026-05-04T09:48:01.715947Z
6854775d07,812c0734-3a0e-40f2-a1a8-ce85217045aa,tom,tôm,vn,hoa-de,camera,Trân,1777887821857,,,60,2,None,/dataset/features/vn/hoa-de/class_tom_812c0734/aug_002/sample_6854775d07.npz,features/vn/hoa-de/class_tom_812c0734/aug_002/sample_6854775d07.npz,s3://sign-dataset/features/vn/hoa-de/class_tom_812c0734/aug_002/sample_6854775d07.npz,,2026-05-04T09:48:01.817524Z
f9eab5af8e,812c0734-3a0e-40f2-a1a8-ce85217045aa,tom,tôm,vn,hoa-de,camera,Trân,1777887821857,,,60,3,None,/dataset/features/vn/hoa-de/class_tom_812c0734/aug_003/sample_f9eab5af8e.npz,features/vn/hoa-de/class_tom_812c0734/aug_003/sample_f9eab5af8e.npz,s3://sign-dataset/features/vn/hoa-de/class_tom_812c0734/aug_003/sample_f9eab5af8e.npz,,2026-05-04T09:48:01.912555Z
ac6555db06,812c0734-3a0e-40f2-a1a8-ce85217045aa,tom,tôm,vn,hoa-de,camera,Trân,1777887821857,,,60,4,None,/dataset/features/vn/hoa-de/class_tom_812c0734/aug_004/sample_ac6555db06.npz,features/vn/hoa-de/class_tom_812c0734/aug_004/sample_ac6555db06.npz,s3://sign-dataset/features/vn/hoa-de/class_tom_812c0734/aug_004/sample_ac6555db06.npz,,2026-05-04T09:48:02.006791Z
6f4f39e476,812c0734-3a0e-40f2-a1a8-ce85217045aa,tom,tôm,vn,hoa-de,camera,Trân,1777887821857,,,60,5,None,/dataset/features/vn/hoa-de/class_tom_812c0734/aug_005/sample_6f4f39e476.npz,features/vn/hoa-de/class_tom_812c0734/aug_005/sample_6f4f39e476.npz,s3://sign-dataset/features/vn/hoa-de/class_tom_812c0734/aug_005/sample_6f4f39e476.npz,,2026-05-04T09:48:02.102599Z
87555a262b,812c0734-3a0e-40f2-a1a8-ce85217045aa,tom,tôm,vn,hoa-de,camera,Trân,1777887821857,,,60,6,None,/dataset/features/vn/hoa-de/class_tom_812c0734/aug_006/sample_87555a262b.npz,features/vn/hoa-de/class_tom_812c0734/aug_006/sample_87555a262b.npz,s3://sign-dataset/features/vn/hoa-de/class_tom_812c0734/aug_006/sample_87555a262b.npz,,2026-05-04T09:48:02.197007Z
efeee0455f,812c0734-3a0e-40f2-a1a8-ce85217045aa,tom,tôm,vn,hoa-de,camera,Trân,1777887821857,,,60,7,None,/dataset/features/vn/hoa-de/class_tom_812c0734/aug_007/sample_efeee0455f.npz,features/vn/hoa-de/class_tom_812c0734/aug_007/sample_efeee0455f.npz,s3://sign-dataset/features/vn/hoa-de/class_tom_812c0734/aug_007/sample_efeee0455f.npz,,2026-05-04T09:48:02.297851Z
3226642d6e,812c0734-3a0e-40f2-a1a8-ce85217045aa,tom,tôm,vn,hoa-de,camera,Trân,1777887821857,,,60,0,None,/dataset/features/vn/hoa-de/class_tom_812c0734/aug_000/sample_3226642d6e.npz,features/vn/hoa-de/class_tom_812c0734/aug_000/sample_3226642d6e.npz,s3://sign-dataset/features/vn/hoa-de/class_tom_812c0734/aug_000/sample_3226642d6e.npz,,2026-05-04T09:48:09.832321Z
04beb67ed5,812c0734-3a0e-40f2-a1a8-ce85217045aa,tom,tôm,vn,hoa-de,camera,Trân,1777887821857,,,60,1,None,/dataset/features/vn/hoa-de/class_tom_812c0734/aug_001/sample_04beb67ed5.npz,features/vn/hoa-de/class_tom_812c0734/aug_001/sample_04beb67ed5.npz,s3://sign-dataset/features/vn/hoa-de/class_tom_812c0734/aug_001/sample_04beb67ed5.npz,,2026-05-04T09:48:09.926343Z
31d24332d2,812c0734-3a0e-40f2-a1a8-ce85217045aa,tom,tôm,vn,hoa-de,camera,Trân,1777887821857,,,60,2,None,/dataset/features/vn/hoa-de/class_tom_812c0734/aug_002/sample_31d24332d2.npz,features/vn/hoa-de/class_tom_812c0734/aug_002/sample_31d24332d2.npz,s3://sign-dataset/features/vn/hoa-de/class_tom_812c0734/aug_002/sample_31d24332d2.npz,,2026-05-04T09:48:10.023167Z
92069bc453,812c0734-3a0e-40f2-a1a8-ce85217045aa,tom,tôm,vn,hoa-de,camera,Trân,1777887821857,,,60,3,None,/dataset/features/vn/hoa-de/class_tom_812c0734/aug_003/sample_92069bc453.npz,features/vn/hoa-de/class_tom_812c0734/aug_003/sample_92069bc453.npz,s3://sign-dataset/features/vn/hoa-de/class_tom_812c0734/aug_003/sample_92069bc453.npz,,2026-05-04T09:48:10.105022Z
0d05b36115,812c0734-3a0e-40f2-a1a8-ce85217045aa,tom,tôm,vn,hoa-de,camera,Trân,1777887821857,,,60,4,None,/dataset/features/vn/hoa-de/class_tom_812c0734/aug_004/sample_0d05b36115.npz,features/vn/hoa-de/class_tom_812c0734/aug_004/sample_0d05b36115.npz,s3://sign-dataset/features/vn/hoa-de/class_tom_812c0734/aug_004/sample_0d05b36115.npz,,2026-05-04T09:48:10.193017Z
313e6e6653,812c0734-3a0e-40f2-a1a8-ce85217045aa,tom,tôm,vn,hoa-de,camera,Trân,1777887821857,,,60,5,None,/dataset/features/vn/hoa-de/class_tom_812c0734/aug_005/sample_313e6e6653.npz,features/vn/hoa-de/class_tom_812c0734/aug_005/sample_313e6e6653.npz,s3://sign-dataset/features/vn/hoa-de/class_tom_812c0734/aug_005/sample_313e6e6653.npz,,2026-05-04T09:48:10.269005Z
e95cd67d67,812c0734-3a0e-40f2-a1a8-ce85217045aa,tom,tôm,vn,hoa-de,camera,Trân,1777887821857,,,60,6,None,/dataset/features/vn/hoa-de/class_tom_812c0734/aug_006/sample_e95cd67d67.npz,features/vn/hoa-de/class_tom_812c0734/aug_006/sample_e95cd67d67.npz,s3://sign-dataset/features/vn/hoa-de/class_tom_812c0734/aug_006/sample_e95cd67d67.npz,,2026-05-04T09:48:10.351723Z
d59b2a3b3e,812c0734-3a0e-40f2-a1a8-ce85217045aa,tom,tôm,vn,hoa-de,camera,Trân,1777887821857,,,60,7,None,/dataset/features/vn/hoa-de/class_tom_812c0734/aug_007/sample_d59b2a3b3e.npz,features/vn/hoa-de/class_tom_812c0734/aug_007/sample_d59b2a3b3e.npz,s3://sign-dataset/features/vn/hoa-de/class_tom_812c0734/aug_007/sample_d59b2a3b3e.npz,,2026-05-04T09:48:10.433497Z
d8ab2be605,812c0734-3a0e-40f2-a1a8-ce85217045aa,tom,tôm,vn,hoa-de,camera,Trân,1777887821857,,,60,0,None,/dataset/features/vn/hoa-de/class_tom_812c0734/aug_000/sample_d8ab2be605.npz,features/vn/hoa-de/class_tom_812c0734/aug_000/sample_d8ab2be605.npz,s3://sign-dataset/features/vn/hoa-de/class_tom_812c0734/aug_000/sample_d8ab2be605.npz,,2026-05-04T09:48:17.826140Z
0c24dcc59a,812c0734-3a0e-40f2-a1a8-ce85217045aa,tom,tôm,vn,hoa-de,camera,Trân,1777887821857,,,60,1,None,/dataset/features/vn/hoa-de/class_tom_812c0734/aug_001/sample_0c24dcc59a.npz,features/vn/hoa-de/class_tom_812c0734/aug_001/sample_0c24dcc59a.npz,s3://sign-dataset/features/vn/hoa-de/class_tom_812c0734/aug_001/sample_0c24dcc59a.npz,,2026-05-04T09:48:17.916214Z
76d0e305db,812c0734-3a0e-40f2-a1a8-ce85217045aa,tom,tôm,vn,hoa-de,camera,Trân,1777887821857,,,60,2,None,/dataset/features/vn/hoa-de/class_tom_812c0734/aug_002/sample_76d0e305db.npz,features/vn/hoa-de/class_tom_812c0734/aug_002/sample_76d0e305db.npz,s3://sign-dataset/features/vn/hoa-de/class_tom_812c0734/aug_002/sample_76d0e305db.npz,,2026-05-04T09:48:18.021734Z
263dc45dad,812c0734-3a0e-40f2-a1a8-ce85217045aa,tom,tôm,vn,hoa-de,camera,Trân,1777887821857,,,60,3,None,/dataset/features/vn/hoa-de/class_tom_812c0734/aug_003/sample_263dc45dad.npz,features/vn/hoa-de/class_tom_812c0734/aug_003/sample_263dc45dad.npz,s3://sign-dataset/features/vn/hoa-de/class_tom_812c0734/aug_003/sample_263dc45dad.npz,,2026-05-04T09:48:18.105281Z
06e9c7c823,812c0734-3a0e-40f2-a1a8-ce85217045aa,tom,tôm,vn,hoa-de,camera,Trân,1777887821857,,,60,4,None,/dataset/features/vn/hoa-de/class_tom_812c0734/aug_004/sample_06e9c7c823.npz,features/vn/hoa-de/class_tom_812c0734/aug_004/sample_06e9c7c823.npz,s3://sign-dataset/features/vn/hoa-de/class_tom_812c0734/aug_004/sample_06e9c7c823.npz,,2026-05-04T09:48:18.184587Z
48c3e7ac1a,812c0734-3a0e-40f2-a1a8-ce85217045aa,tom,tôm,vn,hoa-de,camera,Trân,1777887821857,,,60,5,None,/dataset/features/vn/hoa-de/class_tom_812c0734/aug_005/sample_48c3e7ac1a.npz,features/vn/hoa-de/class_tom_812c0734/aug_005/sample_48c3e7ac1a.npz,s3://sign-dataset/features/vn/hoa-de/class_tom_812c0734/aug_005/sample_48c3e7ac1a.npz,,2026-05-04T09:48:18.264548Z
6b2add8063,812c0734-3a0e-40f2-a1a8-ce85217045aa,tom,tôm,vn,hoa-de,camera,Trân,1777887821857,,,60,6,None,/dataset/features/vn/hoa-de/class_tom_812c0734/aug_006/sample_6b2add8063.npz,features/vn/hoa-de/class_tom_812c0734/aug_006/sample_6b2add8063.npz,s3://sign-dataset/features/vn/hoa-de/class_tom_812c0734/aug_006/sample_6b2add8063.npz,,2026-05-04T09:48:18.340143Z
e3a928e8c2,812c0734-3a0e-40f2-a1a8-ce85217045aa,tom,tôm,vn,hoa-de,camera,Trân,1777887821857,,,60,7,None,/dataset/features/vn/hoa-de/class_tom_812c0734/aug_007/sample_e3a928e8c2.npz,features/vn/hoa-de/class_tom_812c0734/aug_007/sample_e3a928e8c2.npz,s3://sign-dataset/features/vn/hoa-de/class_tom_812c0734/aug_007/sample_e3a928e8c2.npz,,2026-05-04T09:48:18.425247Z
b04179dd97,812c0734-3a0e-40f2-a1a8-ce85217045aa,tom,tôm,vn,hoa-de,camera,Trân,1777887821857,,,60,0,None,/dataset/features/vn/hoa-de/class_tom_812c0734/aug_000/sample_b04179dd97.npz,features/vn/hoa-de/class_tom_812c0734/aug_000/sample_b04179dd97.npz,s3://sign-dataset/features/vn/hoa-de/class_tom_812c0734/aug_000/sample_b04179dd97.npz,,2026-05-04T09:48:39.711144Z
94f5756858,812c0734-3a0e-40f2-a1a8-ce85217045aa,tom,tôm,vn,hoa-de,camera,Trân,1777887821857,,,60,1,None,/dataset/features/vn/hoa-de/class_tom_812c0734/aug_001/sample_94f5756858.npz,features/vn/hoa-de/class_tom_812c0734/aug_001/sample_94f5756858.npz,s3://sign-dataset/features/vn/hoa-de/class_tom_812c0734/aug_001/sample_94f5756858.npz,,2026-05-04T09:48:39.798334Z
d5e14a76bc,812c0734-3a0e-40f2-a1a8-ce85217045aa,tom,tôm,vn,hoa-de,camera,Trân,1777887821857,,,60,2,None,/dataset/features/vn/hoa-de/class_tom_812c0734/aug_002/sample_d5e14a76bc.npz,features/vn/hoa-de/class_tom_812c0734/aug_002/sample_d5e14a76bc.npz,s3://sign-dataset/features/vn/hoa-de/class_tom_812c0734/aug_002/sample_d5e14a76bc.npz,,2026-05-04T09:48:39.886606Z
8fee97168f,812c0734-3a0e-40f2-a1a8-ce85217045aa,tom,tôm,vn,hoa-de,camera,Trân,1777887821857,,,60,3,None,/dataset/features/vn/hoa-de/class_tom_812c0734/aug_003/sample_8fee97168f.npz,features/vn/hoa-de/class_tom_812c0734/aug_003/sample_8fee97168f.npz,s3://sign-dataset/features/vn/hoa-de/class_tom_812c0734/aug_003/sample_8fee97168f.npz,,2026-05-04T09:48:39.970444Z
3961c80713,812c0734-3a0e-40f2-a1a8-ce85217045aa,tom,tôm,vn,hoa-de,camera,Trân,1777887821857,,,60,4,None,/dataset/features/vn/hoa-de/class_tom_812c0734/aug_004/sample_3961c80713.npz,features/vn/hoa-de/class_tom_812c0734/aug_004/sample_3961c80713.npz,s3://sign-dataset/features/vn/hoa-de/class_tom_812c0734/aug_004/sample_3961c80713.npz,,2026-05-04T09:48:40.056826Z
3437fa2948,812c0734-3a0e-40f2-a1a8-ce85217045aa,tom,tôm,vn,hoa-de,camera,Trân,1777887821857,,,60,5,None,/dataset/features/vn/hoa-de/class_tom_812c0734/aug_005/sample_3437fa2948.npz,features/vn/hoa-de/class_tom_812c0734/aug_005/sample_3437fa2948.npz,s3://sign-dataset/features/vn/hoa-de/class_tom_812c0734/aug_005/sample_3437fa2948.npz,,2026-05-04T09:48:40.138140Z
8654b0bf26,812c0734-3a0e-40f2-a1a8-ce85217045aa,tom,tôm,vn,hoa-de,camera,Trân,1777887821857,,,60,6,None,/dataset/features/vn/hoa-de/class_tom_812c0734/aug_006/sample_8654b0bf26.npz,features/vn/hoa-de/class_tom_812c0734/aug_006/sample_8654b0bf26.npz,s3://sign-dataset/features/vn/hoa-de/class_tom_812c0734/aug_006/sample_8654b0bf26.npz,,2026-05-04T09:48:40.223586Z
e1da4ece01,812c0734-3a0e-40f2-a1a8-ce85217045aa,tom,tôm,vn,hoa-de,camera,Trân,1777887821857,,,60,7,None,/dataset/features/vn/hoa-de/class_tom_812c0734/aug_007/sample_e1da4ece01.npz,features/vn/hoa-de/class_tom_812c0734/aug_007/sample_e1da4ece01.npz,s3://sign-dataset/features/vn/hoa-de/class_tom_812c0734/aug_007/sample_e1da4ece01.npz,,2026-05-04T09:48:40.311107Z
5c7e11d9fd,812c0734-3a0e-40f2-a1a8-ce85217045aa,tom,tôm,vn,hoa-de,camera,Trân,1777887821857,,,60,0,None,/dataset/features/vn/hoa-de/class_tom_812c0734/aug_000/sample_5c7e11d9fd.npz,features/vn/hoa-de/class_tom_812c0734/aug_000/sample_5c7e11d9fd.npz,s3://sign-dataset/features/vn/hoa-de/class_tom_812c0734/aug_000/sample_5c7e11d9fd.npz,,2026-05-04T09:48:47.665500Z
4db18ed562,812c0734-3a0e-40f2-a1a8-ce85217045aa,tom,tôm,vn,hoa-de,camera,Trân,1777887821857,,,60,1,None,/dataset/features/vn/hoa-de/class_tom_812c0734/aug_001/sample_4db18ed562.npz,features/vn/hoa-de/class_tom_812c0734/aug_001/sample_4db18ed562.npz,s3://sign-dataset/features/vn/hoa-de/class_tom_812c0734/aug_001/sample_4db18ed562.npz,,2026-05-04T09:48:47.753674Z
1d24f4af01,812c0734-3a0e-40f2-a1a8-ce85217045aa,tom,tôm,vn,hoa-de,camera,Trân,1777887821857,,,60,2,None,/dataset/features/vn/hoa-de/class_tom_812c0734/aug_002/sample_1d24f4af01.npz,features/vn/hoa-de/class_tom_812c0734/aug_002/sample_1d24f4af01.npz,s3://sign-dataset/features/vn/hoa-de/class_tom_812c0734/aug_002/sample_1d24f4af01.npz,,2026-05-04T09:48:47.843788Z
9509c1c5d4,812c0734-3a0e-40f2-a1a8-ce85217045aa,tom,tôm,vn,hoa-de,camera,Trân,1777887821857,,,60,3,None,/dataset/features/vn/hoa-de/class_tom_812c0734/aug_003/sample_9509c1c5d4.npz,features/vn/hoa-de/class_tom_812c0734/aug_003/sample_9509c1c5d4.npz,s3://sign-dataset/features/vn/hoa-de/class_tom_812c0734/aug_003/sample_9509c1c5d4.npz,,2026-05-04T09:48:47.940414Z
ba034e076b,812c0734-3a0e-40f2-a1a8-ce85217045aa,tom,tôm,vn,hoa-de,camera,Trân,1777887821857,,,60,4,None,/dataset/features/vn/hoa-de/class_tom_812c0734/aug_004/sample_ba034e076b.npz,features/vn/hoa-de/class_tom_812c0734/aug_004/sample_ba034e076b.npz,s3://sign-dataset/features/vn/hoa-de/class_tom_812c0734/aug_004/sample_ba034e076b.npz,,2026-05-04T09:48:48.029576Z
7223de3f80,812c0734-3a0e-40f2-a1a8-ce85217045aa,tom,tôm,vn,hoa-de,camera,Trân,1777887821857,,,60,5,None,/dataset/features/vn/hoa-de/class_tom_812c0734/aug_005/sample_7223de3f80.npz,features/vn/hoa-de/class_tom_812c0734/aug_005/sample_7223de3f80.npz,s3://sign-dataset/features/vn/hoa-de/class_tom_812c0734/aug_005/sample_7223de3f80.npz,,2026-05-04T09:48:48.113679Z
a54ea0b391,812c0734-3a0e-40f2-a1a8-ce85217045aa,tom,tôm,vn,hoa-de,camera,Trân,1777887821857,,,60,6,None,/dataset/features/vn/hoa-de/class_tom_812c0734/aug_006/sample_a54ea0b391.npz,features/vn/hoa-de/class_tom_812c0734/aug_006/sample_a54ea0b391.npz,s3://sign-dataset/features/vn/hoa-de/class_tom_812c0734/aug_006/sample_a54ea0b391.npz,,2026-05-04T09:48:48.192071Z
4c796de865,812c0734-3a0e-40f2-a1a8-ce85217045aa,tom,tôm,vn,hoa-de,camera,Trân,1777887821857,,,60,7,None,/dataset/features/vn/hoa-de/class_tom_812c0734/aug_007/sample_4c796de865.npz,features/vn/hoa-de/class_tom_812c0734/aug_007/sample_4c796de865.npz,s3://sign-dataset/features/vn/hoa-de/class_tom_812c0734/aug_007/sample_4c796de865.npz,,2026-05-04T09:48:48.306200Z
e9c4d7f667,812c0734-3a0e-40f2-a1a8-ce85217045aa,tom,tôm,vn,hoa-de,camera,Trân,1777887821857,,,60,0,None,/dataset/features/vn/hoa-de/class_tom_812c0734/aug_000/sample_e9c4d7f667.npz,features/vn/hoa-de/class_tom_812c0734/aug_000/sample_e9c4d7f667.npz,s3://sign-dataset/features/vn/hoa-de/class_tom_812c0734/aug_000/sample_e9c4d7f667.npz,,2026-05-04T09:48:55.887021Z
e1039c1d27,812c0734-3a0e-40f2-a1a8-ce85217045aa,tom,tôm,vn,hoa-de,camera,Trân,1777887821857,,,60,1,None,/dataset/features/vn/hoa-de/class_tom_812c0734/aug_001/sample_e1039c1d27.npz,features/vn/hoa-de/class_tom_812c0734/aug_001/sample_e1039c1d27.npz,s3://sign-dataset/features/vn/hoa-de/class_tom_812c0734/aug_001/sample_e1039c1d27.npz,,2026-05-04T09:48:55.968872Z
095e78d74f,812c0734-3a0e-40f2-a1a8-ce85217045aa,tom,tôm,vn,hoa-de,camera,Trân,1777887821857,,,60,2,None,/dataset/features/vn/hoa-de/class_tom_812c0734/aug_002/sample_095e78d74f.npz,features/vn/hoa-de/class_tom_812c0734/aug_002/sample_095e78d74f.npz,s3://sign-dataset/features/vn/hoa-de/class_tom_812c0734/aug_002/sample_095e78d74f.npz,,2026-05-04T09:48:56.050276Z
fa897c3c3c,812c0734-3a0e-40f2-a1a8-ce85217045aa,tom,tôm,vn,hoa-de,camera,Trân,1777887821857,,,60,3,None,/dataset/features/vn/hoa-de/class_tom_812c0734/aug_003/sample_fa897c3c3c.npz,features/vn/hoa-de/class_tom_812c0734/aug_003/sample_fa897c3c3c.npz,s3://sign-dataset/features/vn/hoa-de/class_tom_812c0734/aug_003/sample_fa897c3c3c.npz,,2026-05-04T09:48:56.136066Z
0f53d1a55e,812c0734-3a0e-40f2-a1a8-ce85217045aa,tom,tôm,vn,hoa-de,camera,Trân,1777887821857,,,60,4,None,/dataset/features/vn/hoa-de/class_tom_812c0734/aug_004/sample_0f53d1a55e.npz,features/vn/hoa-de/class_tom_812c0734/aug_004/sample_0f53d1a55e.npz,s3://sign-dataset/features/vn/hoa-de/class_tom_812c0734/aug_004/sample_0f53d1a55e.npz,,2026-05-04T09:48:56.222360Z
9b59669f65,812c0734-3a0e-40f2-a1a8-ce85217045aa,tom,tôm,vn,hoa-de,camera,Trân,1777887821857,,,60,5,None,/dataset/features/vn/hoa-de/class_tom_812c0734/aug_005/sample_9b59669f65.npz,features/vn/hoa-de/class_tom_812c0734/aug_005/sample_9b59669f65.npz,s3://sign-dataset/features/vn/hoa-de/class_tom_812c0734/aug_005/sample_9b59669f65.npz,,2026-05-04T09:48:56.308245Z
897f40f82d,812c0734-3a0e-40f2-a1a8-ce85217045aa,tom,tôm,vn,hoa-de,camera,Trân,1777887821857,,,60,6,None,/dataset/features/vn/hoa-de/class_tom_812c0734/aug_006/sample_897f40f82d.npz,features/vn/hoa-de/class_tom_812c0734/aug_006/sample_897f40f82d.npz,s3://sign-dataset/features/vn/hoa-de/class_tom_812c0734/aug_006/sample_897f40f82d.npz,,2026-05-04T09:48:56.407642Z
e7e92edc4e,812c0734-3a0e-40f2-a1a8-ce85217045aa,tom,tôm,vn,hoa-de,camera,Trân,1777887821857,,,60,7,None,/dataset/features/vn/hoa-de/class_tom_812c0734/aug_007/sample_e7e92edc4e.npz,features/vn/hoa-de/class_tom_812c0734/aug_007/sample_e7e92edc4e.npz,s3://sign-dataset/features/vn/hoa-de/class_tom_812c0734/aug_007/sample_e7e92edc4e.npz,,2026-05-04T09:48:56.506735Z
4c06dc8800,812c0734-3a0e-40f2-a1a8-ce85217045aa,tom,tôm,vn,hoa-de,camera,Trân,1777887821857,,,60,0,None,/dataset/features/vn/hoa-de/class_tom_812c0734/aug_000/sample_4c06dc8800.npz,features/vn/hoa-de/class_tom_812c0734/aug_000/sample_4c06dc8800.npz,s3://sign-dataset/features/vn/hoa-de/class_tom_812c0734/aug_000/sample_4c06dc8800.npz,,2026-05-04T09:49:04.035831Z
4379b373df,812c0734-3a0e-40f2-a1a8-ce85217045aa,tom,tôm,vn,hoa-de,camera,Trân,1777887821857,,,60,1,None,/dataset/features/vn/hoa-de/class_tom_812c0734/aug_001/sample_4379b373df.npz,features/vn/hoa-de/class_tom_812c0734/aug_001/sample_4379b373df.npz,s3://sign-dataset/features/vn/hoa-de/class_tom_812c0734/aug_001/sample_4379b373df.npz,,2026-05-04T09:49:04.144735Z
4df0d590fc,812c0734-3a0e-40f2-a1a8-ce85217045aa,tom,tôm,vn,hoa-de,camera,Trân,1777887821857,,,60,2,None,/dataset/features/vn/hoa-de/class_tom_812c0734/aug_002/sample_4df0d590fc.npz,features/vn/hoa-de/class_tom_812c0734/aug_002/sample_4df0d590fc.npz,s3://sign-dataset/features/vn/hoa-de/class_tom_812c0734/aug_002/sample_4df0d590fc.npz,,2026-05-04T09:49:04.241054Z
31248dee33,812c0734-3a0e-40f2-a1a8-ce85217045aa,tom,tôm,vn,hoa-de,camera,Trân,1777887821857,,,60,3,None,/dataset/features/vn/hoa-de/class_tom_812c0734/aug_003/sample_31248dee33.npz,features/vn/hoa-de/class_tom_812c0734/aug_003/sample_31248dee33.npz,s3://sign-dataset/features/vn/hoa-de/class_tom_812c0734/aug_003/sample_31248dee33.npz,,2026-05-04T09:49:04.340283Z
dd8ad84bdb,812c0734-3a0e-40f2-a1a8-ce85217045aa,tom,tôm,vn,hoa-de,camera,Trân,1777887821857,,,60,4,None,/dataset/features/vn/hoa-de/class_tom_812c0734/aug_004/sample_dd8ad84bdb.npz,features/vn/hoa-de/class_tom_812c0734/aug_004/sample_dd8ad84bdb.npz,s3://sign-dataset/features/vn/hoa-de/class_tom_812c0734/aug_004/sample_dd8ad84bdb.npz,,2026-05-04T09:49:04.462971Z
07d171edbf,812c0734-3a0e-40f2-a1a8-ce85217045aa,tom,tôm,vn,hoa-de,camera,Trân,1777887821857,,,60,5,None,/dataset/features/vn/hoa-de/class_tom_812c0734/aug_005/sample_07d171edbf.npz,features/vn/hoa-de/class_tom_812c0734/aug_005/sample_07d171edbf.npz,s3://sign-dataset/features/vn/hoa-de/class_tom_812c0734/aug_005/sample_07d171edbf.npz,,2026-05-04T09:49:04.563210Z
3bebb48eb6,812c0734-3a0e-40f2-a1a8-ce85217045aa,tom,tôm,vn,hoa-de,camera,Trân,1777887821857,,,60,6,None,/dataset/features/vn/hoa-de/class_tom_812c0734/aug_006/sample_3bebb48eb6.npz,features/vn/hoa-de/class_tom_812c0734/aug_006/sample_3bebb48eb6.npz,s3://sign-dataset/features/vn/hoa-de/class_tom_812c0734/aug_006/sample_3bebb48eb6.npz,,2026-05-04T09:49:04.653310Z
b04bb4f4d2,812c0734-3a0e-40f2-a1a8-ce85217045aa,tom,tôm,vn,hoa-de,camera,Trân,1777887821857,,,60,7,None,/dataset/features/vn/hoa-de/class_tom_812c0734/aug_007/sample_b04bb4f4d2.npz,features/vn/hoa-de/class_tom_812c0734/aug_007/sample_b04bb4f4d2.npz,s3://sign-dataset/features/vn/hoa-de/class_tom_812c0734/aug_007/sample_b04bb4f4d2.npz,,2026-05-04T09:49:04.778690Z
ae5b2f17f0,812c0734-3a0e-40f2-a1a8-ce85217045aa,tom,tôm,vn,hoa-de,camera,Trân,1777887821857,,,60,0,None,/dataset/features/vn/hoa-de/class_tom_812c0734/aug_000/sample_ae5b2f17f0.npz,features/vn/hoa-de/class_tom_812c0734/aug_000/sample_ae5b2f17f0.npz,s3://sign-dataset/features/vn/hoa-de/class_tom_812c0734/aug_000/sample_ae5b2f17f0.npz,,2026-05-04T09:49:12.369103Z
88df392f40,812c0734-3a0e-40f2-a1a8-ce85217045aa,tom,tôm,vn,hoa-de,camera,Trân,1777887821857,,,60,1,None,/dataset/features/vn/hoa-de/class_tom_812c0734/aug_001/sample_88df392f40.npz,features/vn/hoa-de/class_tom_812c0734/aug_001/sample_88df392f40.npz,s3://sign-dataset/features/vn/hoa-de/class_tom_812c0734/aug_001/sample_88df392f40.npz,,2026-05-04T09:49:12.451122Z
b1518abad7,812c0734-3a0e-40f2-a1a8-ce85217045aa,tom,tôm,vn,hoa-de,camera,Trân,1777887821857,,,60,2,None,/dataset/features/vn/hoa-de/class_tom_812c0734/aug_002/sample_b1518abad7.npz,features/vn/hoa-de/class_tom_812c0734/aug_002/sample_b1518abad7.npz,s3://sign-dataset/features/vn/hoa-de/class_tom_812c0734/aug_002/sample_b1518abad7.npz,,2026-05-04T09:49:12.538392Z
ba6d97f423,812c0734-3a0e-40f2-a1a8-ce85217045aa,tom,tôm,vn,hoa-de,camera,Trân,1777887821857,,,60,3,None,/dataset/features/vn/hoa-de/class_tom_812c0734/aug_003/sample_ba6d97f423.npz,features/vn/hoa-de/class_tom_812c0734/aug_003/sample_ba6d97f423.npz,s3://sign-dataset/features/vn/hoa-de/class_tom_812c0734/aug_003/sample_ba6d97f423.npz,,2026-05-04T09:49:12.617905Z
de2d59a4fb,812c0734-3a0e-40f2-a1a8-ce85217045aa,tom,tôm,vn,hoa-de,camera,Trân,1777887821857,,,60,4,None,/dataset/features/vn/hoa-de/class_tom_812c0734/aug_004/sample_de2d59a4fb.npz,features/vn/hoa-de/class_tom_812c0734/aug_004/sample_de2d59a4fb.npz,s3://sign-dataset/features/vn/hoa-de/class_tom_812c0734/aug_004/sample_de2d59a4fb.npz,,2026-05-04T09:49:12.716168Z
a867392746,812c0734-3a0e-40f2-a1a8-ce85217045aa,tom,tôm,vn,hoa-de,camera,Trân,1777887821857,,,60,5,None,/dataset/features/vn/hoa-de/class_tom_812c0734/aug_005/sample_a867392746.npz,features/vn/hoa-de/class_tom_812c0734/aug_005/sample_a867392746.npz,s3://sign-dataset/features/vn/hoa-de/class_tom_812c0734/aug_005/sample_a867392746.npz,,2026-05-04T09:49:12.819498Z
956b037cb4,812c0734-3a0e-40f2-a1a8-ce85217045aa,tom,tôm,vn,hoa-de,camera,Trân,1777887821857,,,60,6,None,/dataset/features/vn/hoa-de/class_tom_812c0734/aug_006/sample_956b037cb4.npz,features/vn/hoa-de/class_tom_812c0734/aug_006/sample_956b037cb4.npz,s3://sign-dataset/features/vn/hoa-de/class_tom_812c0734/aug_006/sample_956b037cb4.npz,,2026-05-04T09:49:12.922450Z
34504bed03,812c0734-3a0e-40f2-a1a8-ce85217045aa,tom,tôm,vn,hoa-de,camera,Trân,1777887821857,,,60,7,None,/dataset/features/vn/hoa-de/class_tom_812c0734/aug_007/sample_34504bed03.npz,features/vn/hoa-de/class_tom_812c0734/aug_007/sample_34504bed03.npz,s3://sign-dataset/features/vn/hoa-de/class_tom_812c0734/aug_007/sample_34504bed03.npz,,2026-05-04T09:49:13.028289Z
