sample_uid,class_uid,slug,label_original,language,dialect,source_type,user_id,session_id,fps_original,fps_processed,seq_len,augment_id,completeness,file_path,storage_key,storage_url,checksum,created_at,sample_id,class_idx,folder_name,file,label_slug,label_key
557a427457,9257a41e-3b25-41c7-8992-0f14c3872e96,rang-muoi,rang muối,vn,hoa-de,camera,Minh,1778821993129,,,60,0,,dataset/features/vn/hoa-de/class_rang-muoi_9257a41e/sample_557a427457.npz,features/vn/hoa-de/class_rang-muoi_9257a41e/sample_557a427457.npz,https://drive.google.com/file/d/183Tv-en2J_VnIEjDEp23iCcgw406OuCC/view,,2026-05-15T04:48:34.920740Z,557a427457,1,class_rang-muoi_9257a41e,sample_557a427457.npz,rang-muoi,vn/hoa-de/rang-muoi
1774476489,9257a41e-3b25-41c7-8992-0f14c3872e96,rang-muoi,rang muối,vn,hoa-de,camera,Minh,1778821993129,,,60,0,,dataset/features/vn/hoa-de/class_rang-muoi_9257a41e/sample_1774476489.npz,features/vn/hoa-de/class_rang-muoi_9257a41e/sample_1774476489.npz,https://drive.google.com/file/d/1HfAMV4uLJGloHNyw3DLMzUBYnHC1Jwyw/view,,2026-05-15T04:48:20.316289Z,1774476489,1,class_rang-muoi_9257a41e,sample_1774476489.npz,rang-muoi,vn/hoa-de/rang-muoi
6032e1585f,9257a41e-3b25-41c7-8992-0f14c3872e96,rang-muoi,rang muối,vn,hoa-de,camera,Trân,1778751697482,,,60,0,,dataset/features/vn/hoa-de/class_rang-muoi_9257a41e/sample_6032e1585f.npz,features/vn/hoa-de/class_rang-muoi_9257a41e/sample_6032e1585f.npz,https://drive.google.com/file/d/1IpX4S-ioiTF2tkw8np7eL51yXphpBxtV/view,,2026-05-14T09:46:54.565820Z,6032e1585f,1,class_rang-muoi_9257a41e,sample_6032e1585f.npz,rang-muoi,vn/hoa-de/rang-muoi
eeeadb4be6,9257a41e-3b25-41c7-8992-0f14c3872e96,rang-muoi,rang muối,vn,hoa-de,camera,Minh,1778751697482,,,60,0,,dataset/features/vn/hoa-de/class_rang-muoi_9257a41e/sample_eeeadb4be6.npz,features/vn/hoa-de/class_rang-muoi_9257a41e/sample_eeeadb4be6.npz,https://drive.google.com/file/d/1if5NkkP5JaHUnAVhjd8QCBhrvPXyzzo0/view,,2026-05-14T09:48:02.880299Z,eeeadb4be6,1,class_rang-muoi_9257a41e,sample_eeeadb4be6.npz,rang-muoi,vn/hoa-de/rang-muoi
b223867856,9257a41e-3b25-41c7-8992-0f14c3872e96,rang-muoi,rang muối,vn,hoa-de,camera,Minh,1778751697482,,,60,0,,dataset/features/vn/hoa-de/class_rang-muoi_9257a41e/sample_b223867856.npz,features/vn/hoa-de/class_rang-muoi_9257a41e/sample_b223867856.npz,https://drive.google.com/file/d/1mb34hNCrUVsCDmRjDiBdT8hYv9hbmv-Z/view,,2026-05-14T09:48:44.120583Z,b223867856,1,class_rang-muoi_9257a41e,sample_b223867856.npz,rang-muoi,vn/hoa-de/rang-muoi
a9262deac1,9257a41e-3b25-41c7-8992-0f14c3872e96,rang-muoi,rang muối,vn,hoa-de,camera,Trân,1778751697482,,,60,0,,dataset/features/vn/hoa-de/class_rang-muoi_9257a41e/sample_a9262deac1.npz,features/vn/hoa-de/class_rang-muoi_9257a41e/sample_a9262deac1.npz,https://drive.google.com/file/d/1LoIFVcgzDC6B8vIjYsfYBpLG0mez3TIq/view,,2026-05-14T09:43:35.919931Z,a9262deac1,1,class_rang-muoi_9257a41e,sample_a9262deac1.npz,rang-muoi,vn/hoa-de/rang-muoi
c9d2a1a9b5,9257a41e-3b25-41c7-8992-0f14c3872e96,rang-muoi,rang muối,vn,hoa-de,camera,Trân,1778751697482,,,60,0,,dataset/features/vn/hoa-de/class_rang-muoi_9257a41e/sample_c9d2a1a9b5.npz,features/vn/hoa-de/class_rang-muoi_9257a41e/sample_c9d2a1a9b5.npz,https://drive.google.com/file/d/1mH_C1uLOEdWJOYzCNFFY7swbZo0vnIf3/view,,2026-05-14T09:47:08.107188Z,c9d2a1a9b5,1,class_rang-muoi_9257a41e,sample_c9d2a1a9b5.npz,rang-muoi,vn/hoa-de/rang-muoi
617e383b40,9257a41e-3b25-41c7-8992-0f14c3872e96,rang-muoi,rang muối,vn,hoa-de,camera,Minh,1778821993129,,,60,0,,dataset/features/vn/hoa-de/class_rang-muoi_9257a41e/sample_617e383b40.npz,features/vn/hoa-de/class_rang-muoi_9257a41e/sample_617e383b40.npz,https://drive.google.com/file/d/1W4k1gC77bYk8KSWfTcuLnMuFKT1XU0XL/view,,2026-05-15T04:46:44.907353Z,617e383b40,1,class_rang-muoi_9257a41e,sample_617e383b40.npz,rang-muoi,vn/hoa-de/rang-muoi
1aaa1d7240,9257a41e-3b25-41c7-8992-0f14c3872e96,rang-muoi,rang muối,vn,hoa-de,camera,Minh,1778751697482,,,60,0,,dataset/features/vn/hoa-de/class_rang-muoi_9257a41e/sample_1aaa1d7240.npz,features/vn/hoa-de/class_rang-muoi_9257a41e/sample_1aaa1d7240.npz,https://drive.google.com/file/d/1V3o_GJDbUEO-hr-muZMRdTblTN5-BPQU/view,,2026-05-14T09:53:07.053296Z,1aaa1d7240,1,class_rang-muoi_9257a41e,sample_1aaa1d7240.npz,rang-muoi,vn/hoa-de/rang-muoi
da3afbe10f,9257a41e-3b25-41c7-8992-0f14c3872e96,rang-muoi,rang muối,vn,hoa-de,camera,Minh,1778751697482,,,60,0,,dataset/features/vn/hoa-de/class_rang-muoi_9257a41e/sample_da3afbe10f.npz,features/vn/hoa-de/class_rang-muoi_9257a41e/sample_da3afbe10f.npz,https://drive.google.com/file/d/1v7KRtT27Vnl47H0UV2lOjFS5ilqX6BXg/view,,2026-05-14T09:48:16.677487Z,da3afbe10f,1,class_rang-muoi_9257a41e,sample_da3afbe10f.npz,rang-muoi,vn/hoa-de/rang-muoi
a24b014eb1,9257a41e-3b25-41c7-8992-0f14c3872e96,rang-muoi,rang muối,vn,hoa-de,camera,Minh,1778821993129,,,60,0,,dataset/features/vn/hoa-de/class_rang-muoi_9257a41e/sample_a24b014eb1.npz,features/vn/hoa-de/class_rang-muoi_9257a41e/sample_a24b014eb1.npz,https://drive.google.com/file/d/1pnQyRfLtGfvtGKQzWpUPYD6QS3ui558_/view,,2026-05-15T04:47:51.054118Z,a24b014eb1,1,class_rang-muoi_9257a41e,sample_a24b014eb1.npz,rang-muoi,vn/hoa-de/rang-muoi
bdf719b647,9257a41e-3b25-41c7-8992-0f14c3872e96,rang-muoi,rang muối,vn,hoa-de,camera,Trân,1778751697482,,,60,0,,dataset/features/vn/hoa-de/class_rang-muoi_9257a41e/sample_bdf719b647.npz,features/vn/hoa-de/class_rang-muoi_9257a41e/sample_bdf719b647.npz,https://drive.google.com/file/d/1NcoCzkBiSs4aPu3sWCQU0nVExAkKgOZT/view,,2026-05-14T09:45:50.719697Z,bdf719b647,1,class_rang-muoi_9257a41e,sample_bdf719b647.npz,rang-muoi,vn/hoa-de/rang-muoi
a748ecadcc,9257a41e-3b25-41c7-8992-0f14c3872e96,rang-muoi,rang muối,vn,hoa-de,camera,Trân,1778751697482,,,60,0,,dataset/features/vn/hoa-de/class_rang-muoi_9257a41e/sample_a748ecadcc.npz,features/vn/hoa-de/class_rang-muoi_9257a41e/sample_a748ecadcc.npz,https://drive.google.com/file/d/1Ez0ENTR8QZsmzJkpoSeLCyoS3ReMZKNW/view,,2026-05-14T09:43:49.010330Z,a748ecadcc,1,class_rang-muoi_9257a41e,sample_a748ecadcc.npz,rang-muoi,vn/hoa-de/rang-muoi
91599a21ff,9257a41e-3b25-41c7-8992-0f14c3872e96,rang-muoi,rang muối,vn,hoa-de,camera,Trân,1778751697482,,,60,0,,dataset/features/vn/hoa-de/class_rang-muoi_9257a41e/sample_91599a21ff.npz,features/vn/hoa-de/class_rang-muoi_9257a41e/sample_91599a21ff.npz,https://drive.google.com/file/d/13dwbRbksCOpeKT18RIU2_C5auxLJVJdJ/view,,2026-05-14T09:47:35.250087Z,91599a21ff,1,class_rang-muoi_9257a41e,sample_91599a21ff.npz,rang-muoi,vn/hoa-de/rang-muoi
72e181fde9,9257a41e-3b25-41c7-8992-0f14c3872e96,rang-muoi,rang muối,vn,hoa-de,camera,Trân,1778751697482,,,60,0,,dataset/features/vn/hoa-de/class_rang-muoi_9257a41e/sample_72e181fde9.npz,features/vn/hoa-de/class_rang-muoi_9257a41e/sample_72e181fde9.npz,https://drive.google.com/file/d/1246GUmtCbrN8cBkDWeZ6K2sTHCsIWpJN/view,,2026-05-14T09:46:40.900532Z,72e181fde9,1,class_rang-muoi_9257a41e,sample_72e181fde9.npz,rang-muoi,vn/hoa-de/rang-muoi
dfe5748f9f,9257a41e-3b25-41c7-8992-0f14c3872e96,rang-muoi,rang muối,vn,hoa-de,camera,Trân,1778751697482,,,60,0,,dataset/features/vn/hoa-de/class_rang-muoi_9257a41e/sample_dfe5748f9f.npz,features/vn/hoa-de/class_rang-muoi_9257a41e/sample_dfe5748f9f.npz,https://drive.google.com/file/d/1MekpbUZ4PQobFWy2qryDoWA-06jcxgNq/view,,2026-05-14T09:43:22.299336Z,dfe5748f9f,1,class_rang-muoi_9257a41e,sample_dfe5748f9f.npz,rang-muoi,vn/hoa-de/rang-muoi
eea7c08ecd,9257a41e-3b25-41c7-8992-0f14c3872e96,rang-muoi,rang muối,vn,hoa-de,camera,Trân,1778751697482,,,60,0,,dataset/features/vn/hoa-de/class_rang-muoi_9257a41e/sample_eea7c08ecd.npz,features/vn/hoa-de/class_rang-muoi_9257a41e/sample_eea7c08ecd.npz,https://drive.google.com/file/d/1c19vzu815aWq2Mrq08ddgk_lAfOGDk-d/view,,2026-05-14T09:46:03.963864Z,eea7c08ecd,1,class_rang-muoi_9257a41e,sample_eea7c08ecd.npz,rang-muoi,vn/hoa-de/rang-muoi
b45614ef10,9257a41e-3b25-41c7-8992-0f14c3872e96,rang-muoi,rang muối,vn,hoa-de,camera,Trân,1778751697482,,,60,0,,dataset/features/vn/hoa-de/class_rang-muoi_9257a41e/sample_b45614ef10.npz,features/vn/hoa-de/class_rang-muoi_9257a41e/sample_b45614ef10.npz,https://drive.google.com/file/d/1XGwNRuZ8da2oXP961V6sPGj3XYQzoJEz/view,,2026-05-14T09:44:02.712592Z,b45614ef10,1,class_rang-muoi_9257a41e,sample_b45614ef10.npz,rang-muoi,vn/hoa-de/rang-muoi
73b39b9ed7,9257a41e-3b25-41c7-8992-0f14c3872e96,rang-muoi,rang muối,vn,hoa-de,camera,Trân,1778824957715,,,60,0,,dataset/features/vn/hoa-de/class_rang-muoi_9257a41e/sample_73b39b9ed7.npz,features/vn/hoa-de/class_rang-muoi_9257a41e/sample_73b39b9ed7.npz,https://drive.google.com/file/d/10Yj91ESvBPFqa5UqsGBfEJhjKyLm4rcT/view,,2026-05-15T06:55:19.194246Z,73b39b9ed7,1,class_rang-muoi_9257a41e,sample_73b39b9ed7.npz,rang-muoi,vn/hoa-de/rang-muoi
a4cf52aeed,9257a41e-3b25-41c7-8992-0f14c3872e96,rang-muoi,rang muối,vn,hoa-de,camera,Minh,1778821993129,,,60,0,,dataset/features/vn/hoa-de/class_rang-muoi_9257a41e/sample_a4cf52aeed.npz,features/vn/hoa-de/class_rang-muoi_9257a41e/sample_a4cf52aeed.npz,https://drive.google.com/file/d/1u5OPCvjGjnkuSwtSvbAyZMiW2xp1Ps1C/view,,2026-05-15T04:46:30.521320Z,a4cf52aeed,1,class_rang-muoi_9257a41e,sample_a4cf52aeed.npz,rang-muoi,vn/hoa-de/rang-muoi
9e308e0a8f,9257a41e-3b25-41c7-8992-0f14c3872e96,rang-muoi,rang muối,vn,hoa-de,camera,Minh,1778821993129,,,60,0,,dataset/features/vn/hoa-de/class_rang-muoi_9257a41e/sample_9e308e0a8f.npz,features/vn/hoa-de/class_rang-muoi_9257a41e/sample_9e308e0a8f.npz,https://drive.google.com/file/d/1-S3XU9AA5DSih9pTqFL4s2dhCwofCd-x/view,,2026-05-15T04:46:15.661188Z,9e308e0a8f,1,class_rang-muoi_9257a41e,sample_9e308e0a8f.npz,rang-muoi,vn/hoa-de/rang-muoi
d29c689cc1,9257a41e-3b25-41c7-8992-0f14c3872e96,rang-muoi,rang muối,vn,hoa-de,camera,Minh,1778751697482,,,60,0,,dataset/features/vn/hoa-de/class_rang-muoi_9257a41e/sample_d29c689cc1.npz,features/vn/hoa-de/class_rang-muoi_9257a41e/sample_d29c689cc1.npz,https://drive.google.com/file/d/1YCCpcxGnrh5XIOvfFY3uRlyICQ_G3BdU/view,,2026-05-14T09:48:57.615792Z,d29c689cc1,1,class_rang-muoi_9257a41e,sample_d29c689cc1.npz,rang-muoi,vn/hoa-de/rang-muoi
f14b9cd1b4,9257a41e-3b25-41c7-8992-0f14c3872e96,rang-muoi,rang muối,vn,hoa-de,camera,Minh,1778751697482,,,60,0,,dataset/features/vn/hoa-de/class_rang-muoi_9257a41e/sample_f14b9cd1b4.npz,features/vn/hoa-de/class_rang-muoi_9257a41e/sample_f14b9cd1b4.npz,https://drive.google.com/file/d/1II9-vkc9qlMkEPRtFQ6B0R8n0c5KIKcA/view,,2026-05-14T09:52:39.859164Z,f14b9cd1b4,1,class_rang-muoi_9257a41e,sample_f14b9cd1b4.npz,rang-muoi,vn/hoa-de/rang-muoi
c17892c1f9,9257a41e-3b25-41c7-8992-0f14c3872e96,rang-muoi,rang muối,vn,hoa-de,camera,Trân,1778751697482,,,60,0,,dataset/features/vn/hoa-de/class_rang-muoi_9257a41e/sample_c17892c1f9.npz,features/vn/hoa-de/class_rang-muoi_9257a41e/sample_c17892c1f9.npz,https://drive.google.com/file/d/1FTYbrFqOdkP6Rs-nf1h2q4EX25wH_ub3/view,,2026-05-14T09:46:18.008324Z,c17892c1f9,1,class_rang-muoi_9257a41e,sample_c17892c1f9.npz,rang-muoi,vn/hoa-de/rang-muoi
97ab9903c4,9257a41e-3b25-41c7-8992-0f14c3872e96,rang-muoi,rang muối,vn,hoa-de,camera,Minh,1778821993129,,,60,0,,dataset/features/vn/hoa-de/class_rang-muoi_9257a41e/sample_97ab9903c4.npz,features/vn/hoa-de/class_rang-muoi_9257a41e/sample_97ab9903c4.npz,https://drive.google.com/file/d/1dabd4jAO6dCsva8Ib1Vkt5g_gorov4N4/view,,2026-05-15T04:47:32.340835Z,97ab9903c4,1,class_rang-muoi_9257a41e,sample_97ab9903c4.npz,rang-muoi,vn/hoa-de/rang-muoi
8113a0fe5c,9257a41e-3b25-41c7-8992-0f14c3872e96,rang-muoi,rang muối,vn,hoa-de,camera,Trân,1778824957715,,,60,0,,dataset/features/vn/hoa-de/class_rang-muoi_9257a41e/sample_8113a0fe5c.npz,features/vn/hoa-de/class_rang-muoi_9257a41e/sample_8113a0fe5c.npz,https://drive.google.com/file/d/1bEFiNGJIA_m-HaZPtQQGArDx_56hLqkx/view,,2026-05-15T06:55:07.124527Z,8113a0fe5c,1,class_rang-muoi_9257a41e,sample_8113a0fe5c.npz,rang-muoi,vn/hoa-de/rang-muoi
facd99160c,9257a41e-3b25-41c7-8992-0f14c3872e96,rang-muoi,rang muối,vn,hoa-de,camera,Trân,1778824957715,,,60,0,,dataset/features/vn/hoa-de/class_rang-muoi_9257a41e/sample_facd99160c.npz,features/vn/hoa-de/class_rang-muoi_9257a41e/sample_facd99160c.npz,https://drive.google.com/file/d/1v7mZnSpTUIdBgm06yNbH1VPFC7MmgcSG/view,,2026-05-15T06:54:31.629425Z,facd99160c,1,class_rang-muoi_9257a41e,sample_facd99160c.npz,rang-muoi,vn/hoa-de/rang-muoi
dd78a01c49,9257a41e-3b25-41c7-8992-0f14c3872e96,rang-muoi,rang muối,vn,hoa-de,camera,Minh,1778751697482,,,60,0,,dataset/features/vn/hoa-de/class_rang-muoi_9257a41e/sample_dd78a01c49.npz,features/vn/hoa-de/class_rang-muoi_9257a41e/sample_dd78a01c49.npz,https://drive.google.com/file/d/14y2typTOlcTfaWNgRriIyW3EdZ647bUt/view,,2026-05-14T09:52:26.141010Z,dd78a01c49,1,class_rang-muoi_9257a41e,sample_dd78a01c49.npz,rang-muoi,vn/hoa-de/rang-muoi
12f6ea28cf,9257a41e-3b25-41c7-8992-0f14c3872e96,rang-muoi,rang muối,vn,hoa-de,camera,Minh,1778821993129,,,60,0,,dataset/features/vn/hoa-de/class_rang-muoi_9257a41e/sample_12f6ea28cf.npz,features/vn/hoa-de/class_rang-muoi_9257a41e/sample_12f6ea28cf.npz,https://drive.google.com/file/d/1VPljIiYA-ul7BfMNaVydUVMTDv2FPhlv/view,,2026-05-15T04:50:44.438094Z,12f6ea28cf,1,class_rang-muoi_9257a41e,sample_12f6ea28cf.npz,rang-muoi,vn/hoa-de/rang-muoi
4034841e5e,7246af3c-d9b8-4919-afff-9b21ad3f8d93,tom,tôm,vn,hoa-de,camera,Trân,1778751697482,,,60,0,,dataset/features/vn/hoa-de/class_tom_7246af3c/sample_4034841e5e.npz,features/vn/hoa-de/class_tom_7246af3c/sample_4034841e5e.npz,https://drive.google.com/file/d/1sDwnV8pnPUlzC22gRMejBVKEOyZsf4t1/view,,2026-05-14T09:54:40.772517Z,4034841e5e,2,class_tom_7246af3c,sample_4034841e5e.npz,tom,vn/hoa-de/tom
9d723103de,7246af3c-d9b8-4919-afff-9b21ad3f8d93,tom,tôm,vn,hoa-de,camera,Minh,1778754365813,,,60,0,,dataset/features/vn/hoa-de/class_tom_7246af3c/sample_9d723103de.npz,features/vn/hoa-de/class_tom_7246af3c/sample_9d723103de.npz,https://drive.google.com/file/d/1XGo0YlIvPPEgS_wd438TjInoXCOlRWYr/view,,2026-05-14T10:30:18.748878Z,9d723103de,2,class_tom_7246af3c,sample_9d723103de.npz,tom,vn/hoa-de/tom
a02e556ded,7246af3c-d9b8-4919-afff-9b21ad3f8d93,tom,tôm,vn,hoa-de,camera,Trân,1778754365813,,,60,0,,dataset/features/vn/hoa-de/class_tom_7246af3c/sample_a02e556ded.npz,features/vn/hoa-de/class_tom_7246af3c/sample_a02e556ded.npz,https://drive.google.com/file/d/1VpCm91SE2eNFFnF7Y2eIO2hKGrxXCTlv/view,,2026-05-14T10:27:07.155979Z,a02e556ded,2,class_tom_7246af3c,sample_a02e556ded.npz,tom,vn/hoa-de/tom
68fd68f5ef,7246af3c-d9b8-4919-afff-9b21ad3f8d93,tom,tôm,vn,hoa-de,camera,Minh,1778754365813,,,60,0,,dataset/features/vn/hoa-de/class_tom_7246af3c/sample_68fd68f5ef.npz,features/vn/hoa-de/class_tom_7246af3c/sample_68fd68f5ef.npz,https://drive.google.com/file/d/1Lry3WkuFxdSXZ8vAKnJ7ihsDRXFj73YR/view,,2026-05-14T10:28:08.771997Z,68fd68f5ef,2,class_tom_7246af3c,sample_68fd68f5ef.npz,tom,vn/hoa-de/tom
aee45136bd,7246af3c-d9b8-4919-afff-9b21ad3f8d93,tom,tôm,vn,hoa-de,camera,Minh,1778754365813,,,60,0,,dataset/features/vn/hoa-de/class_tom_7246af3c/sample_aee45136bd.npz,features/vn/hoa-de/class_tom_7246af3c/sample_aee45136bd.npz,https://drive.google.com/file/d/1scZ7zj38_4u5THK2LjbCeC3X4Bm0noNG/view,,2026-05-14T10:29:38.549780Z,aee45136bd,2,class_tom_7246af3c,sample_aee45136bd.npz,tom,vn/hoa-de/tom
d6ef358990,7246af3c-d9b8-4919-afff-9b21ad3f8d93,tom,tôm,vn,hoa-de,camera,Trân,1778751697482,,,60,0,,dataset/features/vn/hoa-de/class_tom_7246af3c/sample_d6ef358990.npz,features/vn/hoa-de/class_tom_7246af3c/sample_d6ef358990.npz,https://drive.google.com/file/d/19S0u3fiZyo3nB4OZu-dwxxs75cKXLEHe/view,,2026-05-14T09:56:05.829818Z,d6ef358990,2,class_tom_7246af3c,sample_d6ef358990.npz,tom,vn/hoa-de/tom
85bb571cb0,7246af3c-d9b8-4919-afff-9b21ad3f8d93,tom,tôm,vn,hoa-de,camera,Minh,1778754365813,,,60,0,,dataset/features/vn/hoa-de/class_tom_7246af3c/sample_85bb571cb0.npz,features/vn/hoa-de/class_tom_7246af3c/sample_85bb571cb0.npz,https://drive.google.com/file/d/16C8-e9mTp58yGR0FYOiSj8p6T9YWbyrf/view,,2026-05-14T10:28:22.278657Z,85bb571cb0,2,class_tom_7246af3c,sample_85bb571cb0.npz,tom,vn/hoa-de/tom
5dee35437b,7246af3c-d9b8-4919-afff-9b21ad3f8d93,tom,tôm,vn,hoa-de,camera,Trân,1778751697482,,,60,0,,dataset/features/vn/hoa-de/class_tom_7246af3c/sample_5dee35437b.npz,features/vn/hoa-de/class_tom_7246af3c/sample_5dee35437b.npz,https://drive.google.com/file/d/1T9bUgruct-kT0Dosp4f_d_fgdyQKR3gd/view,,2026-05-14T09:54:09.345096Z,5dee35437b,2,class_tom_7246af3c,sample_5dee35437b.npz,tom,vn/hoa-de/tom
865faf6b36,7246af3c-d9b8-4919-afff-9b21ad3f8d93,tom,tôm,vn,hoa-de,camera,Trân,1778754242761,,,60,0,,dataset/features/vn/hoa-de/class_tom_7246af3c/sample_865faf6b36.npz,features/vn/hoa-de/class_tom_7246af3c/sample_865faf6b36.npz,https://drive.google.com/file/d/1sIGW5ge_6juLODAHX12wr7b4DOROqZyF/view,,2026-05-14T10:25:00.109934Z,865faf6b36,2,class_tom_7246af3c,sample_865faf6b36.npz,tom,vn/hoa-de/tom
6351420746,7246af3c-d9b8-4919-afff-9b21ad3f8d93,tom,tôm,vn,hoa-de,camera,Trân,1778754365813,,,60,0,,dataset/features/vn/hoa-de/class_tom_7246af3c/sample_6351420746.npz,features/vn/hoa-de/class_tom_7246af3c/sample_6351420746.npz,https://drive.google.com/file/d/1D7Ttv2PjHeyY3Y2HeA2zcFu2ETEHEiKy/view,,2026-05-14T10:26:53.691877Z,6351420746,2,class_tom_7246af3c,sample_6351420746.npz,tom,vn/hoa-de/tom
c77e1bcd5e,7246af3c-d9b8-4919-afff-9b21ad3f8d93,tom,tôm,vn,hoa-de,camera,Trân,1778751697482,,,60,0,,dataset/features/vn/hoa-de/class_tom_7246af3c/sample_c77e1bcd5e.npz,features/vn/hoa-de/class_tom_7246af3c/sample_c77e1bcd5e.npz,https://drive.google.com/file/d/1PLW-gMbUDw9J_xTVE5bXxbJiczkz_c5m/view,,2026-05-14T09:55:51.873119Z,c77e1bcd5e,2,class_tom_7246af3c,sample_c77e1bcd5e.npz,tom,vn/hoa-de/tom
822a8aeb10,7246af3c-d9b8-4919-afff-9b21ad3f8d93,tom,tôm,vn,hoa-de,camera,Trân,1778751697482,,,60,0,,dataset/features/vn/hoa-de/class_tom_7246af3c/sample_822a8aeb10.npz,features/vn/hoa-de/class_tom_7246af3c/sample_822a8aeb10.npz,https://drive.google.com/file/d/15iNkQDgRIcQQLGGmY_dpu5R-TKcWQYV5/view,,2026-05-14T09:53:29.024582Z,822a8aeb10,2,class_tom_7246af3c,sample_822a8aeb10.npz,tom,vn/hoa-de/tom
ba5e15aec4,7246af3c-d9b8-4919-afff-9b21ad3f8d93,tom,tôm,vn,hoa-de,camera,Minh,1778822273309,,,60,0,,dataset/features/vn/hoa-de/class_tom_7246af3c/sample_ba5e15aec4.npz,features/vn/hoa-de/class_tom_7246af3c/sample_ba5e15aec4.npz,https://drive.google.com/file/d/1QIHZ2XQAYnIocUMGxdbAtmYYTdLUrvgH/view,,2026-05-15T04:52:20.871157Z,ba5e15aec4,2,class_tom_7246af3c,sample_ba5e15aec4.npz,tom,vn/hoa-de/tom
50131f31d0,7246af3c-d9b8-4919-afff-9b21ad3f8d93,tom,tôm,vn,hoa-de,camera,Minh,1778754365813,,,60,0,,dataset/features/vn/hoa-de/class_tom_7246af3c/sample_50131f31d0.npz,features/vn/hoa-de/class_tom_7246af3c/sample_50131f31d0.npz,https://drive.google.com/file/d/1E6GPn-SzOrfypUABCFu1nGemBKL9n9tB/view,,2026-05-14T10:30:05.961145Z,50131f31d0,2,class_tom_7246af3c,sample_50131f31d0.npz,tom,vn/hoa-de/tom
4dd5b1ac7e,7246af3c-d9b8-4919-afff-9b21ad3f8d93,tom,tôm,vn,hoa-de,camera,Minh,1778822273309,,,60,0,,dataset/features/vn/hoa-de/class_tom_7246af3c/sample_4dd5b1ac7e.npz,features/vn/hoa-de/class_tom_7246af3c/sample_4dd5b1ac7e.npz,https://drive.google.com/file/d/1jBPbrqUgaIqF7B0v3PjTXefeXyO7CLJX/view,,2026-05-15T04:51:50.650504Z,4dd5b1ac7e,2,class_tom_7246af3c,sample_4dd5b1ac7e.npz,tom,vn/hoa-de/tom
d78451e7be,7246af3c-d9b8-4919-afff-9b21ad3f8d93,tom,tôm,vn,hoa-de,camera,Trân,1778751697482,,,60,0,,dataset/features/vn/hoa-de/class_tom_7246af3c/sample_d78451e7be.npz,features/vn/hoa-de/class_tom_7246af3c/sample_d78451e7be.npz,https://drive.google.com/file/d/1aO0skyWJJ0b2OmSE0meUvMlDPSg1VOoB/view,,2026-05-14T09:55:20.503806Z,d78451e7be,2,class_tom_7246af3c,sample_d78451e7be.npz,tom,vn/hoa-de/tom
41053fc775,7246af3c-d9b8-4919-afff-9b21ad3f8d93,tom,tôm,vn,hoa-de,camera,Trân,1778754365813,,,60,0,,dataset/features/vn/hoa-de/class_tom_7246af3c/sample_41053fc775.npz,features/vn/hoa-de/class_tom_7246af3c/sample_41053fc775.npz,https://drive.google.com/file/d/187fk-SX1RnK6M_7io0di7ChFim4Pxanr/view,,2026-05-14T10:27:20.560015Z,41053fc775,2,class_tom_7246af3c,sample_41053fc775.npz,tom,vn/hoa-de/tom
a7ff397f8e,7246af3c-d9b8-4919-afff-9b21ad3f8d93,tom,tôm,vn,hoa-de,camera,Minh,1778822273309,,,60,0,,dataset/features/vn/hoa-de/class_tom_7246af3c/sample_a7ff397f8e.npz,features/vn/hoa-de/class_tom_7246af3c/sample_a7ff397f8e.npz,https://drive.google.com/file/d/1wdvk8ZvyRNOYYGqnXISTK5Dz6cBMpMPv/view,,2026-05-15T04:52:06.133200Z,a7ff397f8e,2,class_tom_7246af3c,sample_a7ff397f8e.npz,tom,vn/hoa-de/tom
0483cf64dc,7246af3c-d9b8-4919-afff-9b21ad3f8d93,tom,tôm,vn,hoa-de,camera,Trân,1778751697482,,,60,0,,dataset/features/vn/hoa-de/class_tom_7246af3c/sample_0483cf64dc.npz,features/vn/hoa-de/class_tom_7246af3c/sample_0483cf64dc.npz,https://drive.google.com/file/d/1uM56i2VoC0473diNivbNdmFLiqgy5Skt/view,,2026-05-14T09:55:07.232720Z,0483cf64dc,2,class_tom_7246af3c,sample_0483cf64dc.npz,tom,vn/hoa-de/tom
f457fd63b7,7246af3c-d9b8-4919-afff-9b21ad3f8d93,tom,tôm,vn,hoa-de,camera,Trân,1778754365813,,,60,0,,dataset/features/vn/hoa-de/class_tom_7246af3c/sample_f457fd63b7.npz,features/vn/hoa-de/class_tom_7246af3c/sample_f457fd63b7.npz,https://drive.google.com/file/d/1UCO2QfWxGZwt0pUoVnCFGVt6M4qI9D9F/view,,2026-05-14T10:27:34.106150Z,f457fd63b7,2,class_tom_7246af3c,sample_f457fd63b7.npz,tom,vn/hoa-de/tom
7d4ba577a6,7246af3c-d9b8-4919-afff-9b21ad3f8d93,tom,tôm,vn,hoa-de,camera,Minh,1778754365813,,,60,0,,dataset/features/vn/hoa-de/class_tom_7246af3c/sample_7d4ba577a6.npz,features/vn/hoa-de/class_tom_7246af3c/sample_7d4ba577a6.npz,https://drive.google.com/file/d/1Rz9W7Aufi7a9MAtWGvXJifs1EA1JC87t/view,,2026-05-14T10:28:35.742423Z,7d4ba577a6,2,class_tom_7246af3c,sample_7d4ba577a6.npz,tom,vn/hoa-de/tom
9945cc3b5b,7246af3c-d9b8-4919-afff-9b21ad3f8d93,tom,tôm,vn,hoa-de,camera,Minh,1778754365813,,,60,0,,dataset/features/vn/hoa-de/class_tom_7246af3c/sample_9945cc3b5b.npz,features/vn/hoa-de/class_tom_7246af3c/sample_9945cc3b5b.npz,https://drive.google.com/file/d/11CY28XSaEP29krLLOCwax3se7hFZIuB7/view,,2026-05-14T10:29:02.485487Z,9945cc3b5b,2,class_tom_7246af3c,sample_9945cc3b5b.npz,tom,vn/hoa-de/tom
115d9deffb,7246af3c-d9b8-4919-afff-9b21ad3f8d93,tom,tôm,vn,hoa-de,camera,Minh,1778754365813,,,60,0,,dataset/features/vn/hoa-de/class_tom_7246af3c/sample_115d9deffb.npz,features/vn/hoa-de/class_tom_7246af3c/sample_115d9deffb.npz,https://drive.google.com/file/d/1PdB5gjbRciKwntAtrFsasTWFAJYsiLMS/view,,2026-05-14T10:29:52.017081Z,115d9deffb,2,class_tom_7246af3c,sample_115d9deffb.npz,tom,vn/hoa-de/tom
e223a895f2,7246af3c-d9b8-4919-afff-9b21ad3f8d93,tom,tôm,vn,hoa-de,camera,Minh,1778754365813,,,60,0,,dataset/features/vn/hoa-de/class_tom_7246af3c/sample_e223a895f2.npz,features/vn/hoa-de/class_tom_7246af3c/sample_e223a895f2.npz,https://drive.google.com/file/d/1X-cE4wHeTlIdmqSNKNSgylSUDZVK-xsx/view,,2026-05-14T10:28:48.930287Z,e223a895f2,2,class_tom_7246af3c,sample_e223a895f2.npz,tom,vn/hoa-de/tom
eb9a7602cd,55dc73f1-ea11-47ba-b8af-ab93622d2245,lot-da-ca,lột da cá,vn,hoa-de,camera,Minh,1778753481107,,,60,0,,dataset/features/vn/hoa-de/class_lot-da-ca_55dc73f1/sample_eb9a7602cd.npz,features/vn/hoa-de/class_lot-da-ca_55dc73f1/sample_eb9a7602cd.npz,https://drive.google.com/file/d/1cHDrKVzfoyv1pjZ-6SGstHC_Qpk5DuNE/view,,2026-05-14T10:14:30.788580Z,eb9a7602cd,3,class_lot-da-ca_55dc73f1,sample_eb9a7602cd.npz,lot-da-ca,vn/hoa-de/lot-da-ca
25b81a30cb,55dc73f1-ea11-47ba-b8af-ab93622d2245,lot-da-ca,lột da cá,vn,hoa-de,camera,Minh,1778753481107,,,60,0,,dataset/features/vn/hoa-de/class_lot-da-ca_55dc73f1/sample_25b81a30cb.npz,features/vn/hoa-de/class_lot-da-ca_55dc73f1/sample_25b81a30cb.npz,https://drive.google.com/file/d/1OEkY5LhKPgBwZPaHm6Zasx-XWtghp5Qi/view,,2026-05-14T10:14:05.890413Z,25b81a30cb,3,class_lot-da-ca_55dc73f1,sample_25b81a30cb.npz,lot-da-ca,vn/hoa-de/lot-da-ca
7470fe30f7,55dc73f1-ea11-47ba-b8af-ab93622d2245,lot-da-ca,lột da cá,vn,hoa-de,camera,Trân,1778819521896,,,60,0,,dataset/features/vn/hoa-de/class_lot-da-ca_55dc73f1/sample_7470fe30f7.npz,features/vn/hoa-de/class_lot-da-ca_55dc73f1/sample_7470fe30f7.npz,https://drive.google.com/file/d/1smoRdfXdk8_C5Ei2WjTuzvczigJ4iXOr/view,,2026-05-15T04:39:15.918007Z,7470fe30f7,3,class_lot-da-ca_55dc73f1,sample_7470fe30f7.npz,lot-da-ca,vn/hoa-de/lot-da-ca
985bd81319,55dc73f1-ea11-47ba-b8af-ab93622d2245,lot-da-ca,lột da cá,vn,hoa-de,camera,Minh,1778753481107,,,60,0,,dataset/features/vn/hoa-de/class_lot-da-ca_55dc73f1/sample_985bd81319.npz,features/vn/hoa-de/class_lot-da-ca_55dc73f1/sample_985bd81319.npz,https://drive.google.com/file/d/1bYDnd_GVLwZH74D3QEDKwjIvn2Nw9DYn/view,,2026-05-14T10:13:12.240726Z,985bd81319,3,class_lot-da-ca_55dc73f1,sample_985bd81319.npz,lot-da-ca,vn/hoa-de/lot-da-ca
e9c423084f,55dc73f1-ea11-47ba-b8af-ab93622d2245,lot-da-ca,lột da cá,vn,hoa-de,camera,Minh,1778753481107,,,60,0,,dataset/features/vn/hoa-de/class_lot-da-ca_55dc73f1/sample_e9c423084f.npz,features/vn/hoa-de/class_lot-da-ca_55dc73f1/sample_e9c423084f.npz,https://drive.google.com/file/d/1vqI2ZUdJ7v5OEgXKW-VQ_pyW6uRQpFc8/view,,2026-05-14T10:12:47.064199Z,e9c423084f,3,class_lot-da-ca_55dc73f1,sample_e9c423084f.npz,lot-da-ca,vn/hoa-de/lot-da-ca
89698f866e,55dc73f1-ea11-47ba-b8af-ab93622d2245,lot-da-ca,lột da cá,vn,hoa-de,camera,Minh,1778753481107,,,60,0,,dataset/features/vn/hoa-de/class_lot-da-ca_55dc73f1/sample_89698f866e.npz,features/vn/hoa-de/class_lot-da-ca_55dc73f1/sample_89698f866e.npz,https://drive.google.com/file/d/1LfgHZYn7oVhI71LP2nRRNboEQuy_0QUa/view,,2026-05-14T10:13:57.950010Z,89698f866e,3,class_lot-da-ca_55dc73f1,sample_89698f866e.npz,lot-da-ca,vn/hoa-de/lot-da-ca
dd9160882e,55dc73f1-ea11-47ba-b8af-ab93622d2245,lot-da-ca,lột da cá,vn,hoa-de,camera,Minh,1778753481107,,,60,0,,dataset/features/vn/hoa-de/class_lot-da-ca_55dc73f1/sample_dd9160882e.npz,features/vn/hoa-de/class_lot-da-ca_55dc73f1/sample_dd9160882e.npz,https://drive.google.com/file/d/1Sb-ce32PB-NMxs0COVWnSSu0_ocKQsZ3/view,,2026-05-14T10:12:39.379740Z,dd9160882e,3,class_lot-da-ca_55dc73f1,sample_dd9160882e.npz,lot-da-ca,vn/hoa-de/lot-da-ca
2cfb12ceff,55dc73f1-ea11-47ba-b8af-ab93622d2245,lot-da-ca,lột da cá,vn,hoa-de,camera,Trân,1778862884506,,,60,0,,dataset/features/vn/hoa-de/class_lot-da-ca_55dc73f1/sample_2cfb12ceff.npz,features/vn/hoa-de/class_lot-da-ca_55dc73f1/sample_2cfb12ceff.npz,https://drive.google.com/file/d/1OE0UGquYQMAuUQrEcMw9lop6zohgFdPd/view,,2026-05-15T08:35:42.942945Z,2cfb12ceff,3,class_lot-da-ca_55dc73f1,sample_2cfb12ceff.npz,lot-da-ca,vn/hoa-de/lot-da-ca
bb996c0096,55dc73f1-ea11-47ba-b8af-ab93622d2245,lot-da-ca,lột da cá,vn,hoa-de,camera,Trân,1778819521896,,,60,0,,dataset/features/vn/hoa-de/class_lot-da-ca_55dc73f1/sample_bb996c0096.npz,features/vn/hoa-de/class_lot-da-ca_55dc73f1/sample_bb996c0096.npz,https://drive.google.com/file/d/1-cjOBaHivpQYY1cSsibUSssUtVft0eGO/view,,2026-05-15T04:40:52.870184Z,bb996c0096,3,class_lot-da-ca_55dc73f1,sample_bb996c0096.npz,lot-da-ca,vn/hoa-de/lot-da-ca
8b2daa16ec,55dc73f1-ea11-47ba-b8af-ab93622d2245,lot-da-ca,lột da cá,vn,hoa-de,camera,Minh,1778753481107,,,60,0,,dataset/features/vn/hoa-de/class_lot-da-ca_55dc73f1/sample_8b2daa16ec.npz,features/vn/hoa-de/class_lot-da-ca_55dc73f1/sample_8b2daa16ec.npz,https://drive.google.com/file/d/15ME3jHfCU-TwVFEeyJZSMf0bvEgZ1Tp3/view,,2026-05-14T10:11:55.367236Z,8b2daa16ec,3,class_lot-da-ca_55dc73f1,sample_8b2daa16ec.npz,lot-da-ca,vn/hoa-de/lot-da-ca
9aa93ed10c,55dc73f1-ea11-47ba-b8af-ab93622d2245,lot-da-ca,lột da cá,vn,hoa-de,camera,Trân,1778862884506,,,60,0,,dataset/features/vn/hoa-de/class_lot-da-ca_55dc73f1/sample_9aa93ed10c.npz,features/vn/hoa-de/class_lot-da-ca_55dc73f1/sample_9aa93ed10c.npz,https://drive.google.com/file/d/1AcrHCfJCvJJrIWFgUovXZwWIt5nioYBO/view,,2026-05-15T08:35:54.455902Z,9aa93ed10c,3,class_lot-da-ca_55dc73f1,sample_9aa93ed10c.npz,lot-da-ca,vn/hoa-de/lot-da-ca
519936eed8,55dc73f1-ea11-47ba-b8af-ab93622d2245,lot-da-ca,lột da cá,vn,hoa-de,camera,Trân,1778819521896,,,60,0,,dataset/features/vn/hoa-de/class_lot-da-ca_55dc73f1/sample_519936eed8.npz,features/vn/hoa-de/class_lot-da-ca_55dc73f1/sample_519936eed8.npz,https://drive.google.com/file/d/1uhB9rn3c5m_mysm1qlb-qlevSkuu6Wi6/view,,2026-05-15T04:39:58.601093Z,519936eed8,3,class_lot-da-ca_55dc73f1,sample_519936eed8.npz,lot-da-ca,vn/hoa-de/lot-da-ca
f53821cea4,55dc73f1-ea11-47ba-b8af-ab93622d2245,lot-da-ca,lột da cá,vn,hoa-de,camera,Trân,1778862884506,,,60,0,,dataset/features/vn/hoa-de/class_lot-da-ca_55dc73f1/sample_f53821cea4.npz,features/vn/hoa-de/class_lot-da-ca_55dc73f1/sample_f53821cea4.npz,https://drive.google.com/file/d/1c-HUzHTA2kl31fa7W9Df_sMgepindjEG/view,,2026-05-15T08:36:05.976757Z,f53821cea4,3,class_lot-da-ca_55dc73f1,sample_f53821cea4.npz,lot-da-ca,vn/hoa-de/lot-da-ca
961bab86f3,55dc73f1-ea11-47ba-b8af-ab93622d2245,lot-da-ca,lột da cá,vn,hoa-de,camera,Trân,1778862884506,,,60,0,,dataset/features/vn/hoa-de/class_lot-da-ca_55dc73f1/sample_961bab86f3.npz,features/vn/hoa-de/class_lot-da-ca_55dc73f1/sample_961bab86f3.npz,https://drive.google.com/file/d/16wCJC2fOkttw9OEtx-8XV8XKiqp4HK1d/view,,2026-05-15T08:36:29.034824Z,961bab86f3,3,class_lot-da-ca_55dc73f1,sample_961bab86f3.npz,lot-da-ca,vn/hoa-de/lot-da-ca
e6dcee2a0e,55dc73f1-ea11-47ba-b8af-ab93622d2245,lot-da-ca,lột da cá,vn,hoa-de,camera,Trân,1778819521896,,,60,0,,dataset/features/vn/hoa-de/class_lot-da-ca_55dc73f1/sample_e6dcee2a0e.npz,features/vn/hoa-de/class_lot-da-ca_55dc73f1/sample_e6dcee2a0e.npz,https://drive.google.com/file/d/1jxMrdhXk8L0eKFC2SX1mnN6kA-hs05ON/view,,2026-05-15T04:37:53.603034Z,e6dcee2a0e,3,class_lot-da-ca_55dc73f1,sample_e6dcee2a0e.npz,lot-da-ca,vn/hoa-de/lot-da-ca
ce57ba546e,55dc73f1-ea11-47ba-b8af-ab93622d2245,lot-da-ca,lột da cá,vn,hoa-de,camera,Minh,1778753481107,,,60,0,,dataset/features/vn/hoa-de/class_lot-da-ca_55dc73f1/sample_ce57ba546e.npz,features/vn/hoa-de/class_lot-da-ca_55dc73f1/sample_ce57ba546e.npz,https://drive.google.com/file/d/1GZGS9NJ1Sj8h_AOKGqBjhaowstRAkZVf/view,,2026-05-14T10:12:28.734768Z,ce57ba546e,3,class_lot-da-ca_55dc73f1,sample_ce57ba546e.npz,lot-da-ca,vn/hoa-de/lot-da-ca
f82f82d155,55dc73f1-ea11-47ba-b8af-ab93622d2245,lot-da-ca,lột da cá,vn,hoa-de,camera,Trân,1778819521896,,,60,0,,dataset/features/vn/hoa-de/class_lot-da-ca_55dc73f1/sample_f82f82d155.npz,features/vn/hoa-de/class_lot-da-ca_55dc73f1/sample_f82f82d155.npz,https://drive.google.com/file/d/16oTbmjuDP7KzAXcv9YUB1iNh1pE6M95X/view,,2026-05-15T04:37:39.056617Z,f82f82d155,3,class_lot-da-ca_55dc73f1,sample_f82f82d155.npz,lot-da-ca,vn/hoa-de/lot-da-ca
0942dbce6f,55dc73f1-ea11-47ba-b8af-ab93622d2245,lot-da-ca,lột da cá,vn,hoa-de,camera,Trân,1778819521896,,,60,0,,dataset/features/vn/hoa-de/class_lot-da-ca_55dc73f1/sample_0942dbce6f.npz,features/vn/hoa-de/class_lot-da-ca_55dc73f1/sample_0942dbce6f.npz,https://drive.google.com/file/d/1jTcSxJa0d1oWTIqsxigfXe1oouK1JhcN/view,,2026-05-15T04:39:30.406216Z,0942dbce6f,3,class_lot-da-ca_55dc73f1,sample_0942dbce6f.npz,lot-da-ca,vn/hoa-de/lot-da-ca
944fbcc62d,55dc73f1-ea11-47ba-b8af-ab93622d2245,lot-da-ca,lột da cá,vn,hoa-de,camera,Minh,1778753481107,,,60,0,,dataset/features/vn/hoa-de/class_lot-da-ca_55dc73f1/sample_944fbcc62d.npz,features/vn/hoa-de/class_lot-da-ca_55dc73f1/sample_944fbcc62d.npz,https://drive.google.com/file/d/1T3t7Nb9LjP_EaDSx9DIkPymcjFO8qDNY/view,,2026-05-14T10:12:11.574020Z,944fbcc62d,3,class_lot-da-ca_55dc73f1,sample_944fbcc62d.npz,lot-da-ca,vn/hoa-de/lot-da-ca
b90bb52bb9,55dc73f1-ea11-47ba-b8af-ab93622d2245,lot-da-ca,lột da cá,vn,hoa-de,camera,Minh,1778753481107,,,60,0,,dataset/features/vn/hoa-de/class_lot-da-ca_55dc73f1/sample_b90bb52bb9.npz,features/vn/hoa-de/class_lot-da-ca_55dc73f1/sample_b90bb52bb9.npz,https://drive.google.com/file/d/1WNFs4Q7JdhkSU1_sHzKpd-agzEiInKZQ/view,,2026-05-14T10:12:03.009696Z,b90bb52bb9,3,class_lot-da-ca_55dc73f1,sample_b90bb52bb9.npz,lot-da-ca,vn/hoa-de/lot-da-ca
104d1c6cfe,55dc73f1-ea11-47ba-b8af-ab93622d2245,lot-da-ca,lột da cá,vn,hoa-de,camera,Trân,1778819521896,,,60,0,,dataset/features/vn/hoa-de/class_lot-da-ca_55dc73f1/sample_104d1c6cfe.npz,features/vn/hoa-de/class_lot-da-ca_55dc73f1/sample_104d1c6cfe.npz,https://drive.google.com/file/d/1srM3OFNyZ2Q2BJ_yW7n2IUlBA1c5IDiQ/view,,2026-05-15T04:38:22.713509Z,104d1c6cfe,3,class_lot-da-ca_55dc73f1,sample_104d1c6cfe.npz,lot-da-ca,vn/hoa-de/lot-da-ca
ae63ee3e97,55dc73f1-ea11-47ba-b8af-ab93622d2245,lot-da-ca,lột da cá,vn,hoa-de,camera,Minh,1778753481107,,,60,0,,dataset/features/vn/hoa-de/class_lot-da-ca_55dc73f1/sample_ae63ee3e97.npz,features/vn/hoa-de/class_lot-da-ca_55dc73f1/sample_ae63ee3e97.npz,https://drive.google.com/file/d/1lX0NcG-cYutdP60Y6eEFBjnQImhRiNUd/view,,2026-05-14T10:13:03.426758Z,ae63ee3e97,3,class_lot-da-ca_55dc73f1,sample_ae63ee3e97.npz,lot-da-ca,vn/hoa-de/lot-da-ca
acea50d88d,de9eb6e1-a189-4f37-9888-8fea922de54c,lot-vo-tom,lột vỏ tôm,vn,hoa-de,camera,Minh,1778753481107,,,60,0,,dataset/features/vn/hoa-de/class_lot-vo-tom_de9eb6e1/sample_acea50d88d.npz,features/vn/hoa-de/class_lot-vo-tom_de9eb6e1/sample_acea50d88d.npz,https://drive.google.com/file/d/1i9rDRdDNzEJ--F9dIXEMTN-ePG1u40MY/view,,2026-05-14T10:20:59.838155Z,acea50d88d,4,class_lot-vo-tom_de9eb6e1,sample_acea50d88d.npz,lot-vo-tom,vn/hoa-de/lot-vo-tom
8b675a3ff1,de9eb6e1-a189-4f37-9888-8fea922de54c,lot-vo-tom,lột vỏ tôm,vn,hoa-de,camera,Minh,1778753481107,,,60,0,,dataset/features/vn/hoa-de/class_lot-vo-tom_de9eb6e1/sample_8b675a3ff1.npz,features/vn/hoa-de/class_lot-vo-tom_de9eb6e1/sample_8b675a3ff1.npz,https://drive.google.com/file/d/1XrWTmlgQn8n2eLXQFac10KJuqqgrkH9M/view,,2026-05-14T10:19:12.381563Z,8b675a3ff1,4,class_lot-vo-tom_de9eb6e1,sample_8b675a3ff1.npz,lot-vo-tom,vn/hoa-de/lot-vo-tom
6a3136ec32,de9eb6e1-a189-4f37-9888-8fea922de54c,lot-vo-tom,lột vỏ tôm,vn,hoa-de,camera,Trân,1778819521896,,,60,0,,dataset/features/vn/hoa-de/class_lot-vo-tom_de9eb6e1/sample_6a3136ec32.npz,features/vn/hoa-de/class_lot-vo-tom_de9eb6e1/sample_6a3136ec32.npz,https://drive.google.com/file/d/1O_eEMYlegqx8CrHK-O02ZVbuP5cvqmwD/view,,2026-05-15T04:43:54.347046Z,6a3136ec32,4,class_lot-vo-tom_de9eb6e1,sample_6a3136ec32.npz,lot-vo-tom,vn/hoa-de/lot-vo-tom
d06ecb20eb,de9eb6e1-a189-4f37-9888-8fea922de54c,lot-vo-tom,lột vỏ tôm,vn,hoa-de,camera,Trân,1778819521896,,,60,0,,dataset/features/vn/hoa-de/class_lot-vo-tom_de9eb6e1/sample_d06ecb20eb.npz,features/vn/hoa-de/class_lot-vo-tom_de9eb6e1/sample_d06ecb20eb.npz,https://drive.google.com/file/d/1KhkVyMuvjjHRyRubhi5v06-0lP8rx53A/view,,2026-05-15T04:41:37.196275Z,d06ecb20eb,4,class_lot-vo-tom_de9eb6e1,sample_d06ecb20eb.npz,lot-vo-tom,vn/hoa-de/lot-vo-tom
c6809c014d,de9eb6e1-a189-4f37-9888-8fea922de54c,lot-vo-tom,lột vỏ tôm,vn,hoa-de,camera,Minh,1778753481107,,,60,0,,dataset/features/vn/hoa-de/class_lot-vo-tom_de9eb6e1/sample_c6809c014d.npz,features/vn/hoa-de/class_lot-vo-tom_de9eb6e1/sample_c6809c014d.npz,https://drive.google.com/file/d/17zkgcAKxhFDml8yE-WX1a4mzEDVpj_XP/view,,2026-05-14T10:19:58.753269Z,c6809c014d,4,class_lot-vo-tom_de9eb6e1,sample_c6809c014d.npz,lot-vo-tom,vn/hoa-de/lot-vo-tom
4c3b8b5f81,de9eb6e1-a189-4f37-9888-8fea922de54c,lot-vo-tom,lột vỏ tôm,vn,hoa-de,camera,Minh,1778753481107,,,60,0,,dataset/features/vn/hoa-de/class_lot-vo-tom_de9eb6e1/sample_4c3b8b5f81.npz,features/vn/hoa-de/class_lot-vo-tom_de9eb6e1/sample_4c3b8b5f81.npz,https://drive.google.com/file/d/1XEjBWTUkrDOZzUZwoy0eA0Pk72ZFYsl4/view,,2026-05-14T10:19:20.118329Z,4c3b8b5f81,4,class_lot-vo-tom_de9eb6e1,sample_4c3b8b5f81.npz,lot-vo-tom,vn/hoa-de/lot-vo-tom
468e6d5657,de9eb6e1-a189-4f37-9888-8fea922de54c,lot-vo-tom,lột vỏ tôm,vn,hoa-de,camera,Trân,1778819521896,,,60,0,,dataset/features/vn/hoa-de/class_lot-vo-tom_de9eb6e1/sample_468e6d5657.npz,features/vn/hoa-de/class_lot-vo-tom_de9eb6e1/sample_468e6d5657.npz,https://drive.google.com/file/d/1DWYKIZd4-f_VJJE1lqHYOt_hneBbdLYW/view,,2026-05-15T04:43:39.413864Z,468e6d5657,4,class_lot-vo-tom_de9eb6e1,sample_468e6d5657.npz,lot-vo-tom,vn/hoa-de/lot-vo-tom
73092e1c73,de9eb6e1-a189-4f37-9888-8fea922de54c,lot-vo-tom,lột vỏ tôm,vn,hoa-de,camera,Minh,1778753481107,,,60,0,,dataset/features/vn/hoa-de/class_lot-vo-tom_de9eb6e1/sample_73092e1c73.npz,features/vn/hoa-de/class_lot-vo-tom_de9eb6e1/sample_73092e1c73.npz,https://drive.google.com/file/d/1-VXZs4U29QxtNKxqODMYvwNS4eliE1II/view,,2026-05-14T10:18:56.826525Z,73092e1c73,4,class_lot-vo-tom_de9eb6e1,sample_73092e1c73.npz,lot-vo-tom,vn/hoa-de/lot-vo-tom
ab0e1b3244,de9eb6e1-a189-4f37-9888-8fea922de54c,lot-vo-tom,lột vỏ tôm,vn,hoa-de,camera,Minh,1778753481107,,,60,0,,dataset/features/vn/hoa-de/class_lot-vo-tom_de9eb6e1/sample_ab0e1b3244.npz,features/vn/hoa-de/class_lot-vo-tom_de9eb6e1/sample_ab0e1b3244.npz,https://drive.google.com/file/d/1Yo4hQUBJaitsxLfK8_tXZUQWzDWIKzLq/view,,2026-05-14T10:19:04.409532Z,ab0e1b3244,4,class_lot-vo-tom_de9eb6e1,sample_ab0e1b3244.npz,lot-vo-tom,vn/hoa-de/lot-vo-tom
e319a9e01e,de9eb6e1-a189-4f37-9888-8fea922de54c,lot-vo-tom,lột vỏ tôm,vn,hoa-de,camera,Trân,1778819521896,,,60,0,,dataset/features/vn/hoa-de/class_lot-vo-tom_de9eb6e1/sample_e319a9e01e.npz,features/vn/hoa-de/class_lot-vo-tom_de9eb6e1/sample_e319a9e01e.npz,https://drive.google.com/file/d/1n9kM6A_0HZ5a19wOkypiMxvZuC_PTDCc/view,,2026-05-15T04:44:23.741098Z,e319a9e01e,4,class_lot-vo-tom_de9eb6e1,sample_e319a9e01e.npz,lot-vo-tom,vn/hoa-de/lot-vo-tom
740cdd3bc9,de9eb6e1-a189-4f37-9888-8fea922de54c,lot-vo-tom,lột vỏ tôm,vn,hoa-de,camera,Trân,1778819521896,,,60,0,,dataset/features/vn/hoa-de/class_lot-vo-tom_de9eb6e1/sample_740cdd3bc9.npz,features/vn/hoa-de/class_lot-vo-tom_de9eb6e1/sample_740cdd3bc9.npz,https://drive.google.com/file/d/1SPHJYaMEHYhax2XKB1JvvsfQvOGM_pzx/view,,2026-05-15T04:44:09.020770Z,740cdd3bc9,4,class_lot-vo-tom_de9eb6e1,sample_740cdd3bc9.npz,lot-vo-tom,vn/hoa-de/lot-vo-tom
c44be7aaea,de9eb6e1-a189-4f37-9888-8fea922de54c,lot-vo-tom,lột vỏ tôm,vn,hoa-de,camera,Trân,1778819521896,,,60,0,,dataset/features/vn/hoa-de/class_lot-vo-tom_de9eb6e1/sample_c44be7aaea.npz,features/vn/hoa-de/class_lot-vo-tom_de9eb6e1/sample_c44be7aaea.npz,https://drive.google.com/file/d/1jxQfOyE5NqU4PyFDGkATtAxyjyyqAK-E/view,,2026-05-15T04:45:45.212581Z,c44be7aaea,4,class_lot-vo-tom_de9eb6e1,sample_c44be7aaea.npz,lot-vo-tom,vn/hoa-de/lot-vo-tom
159d1dba4e,de9eb6e1-a189-4f37-9888-8fea922de54c,lot-vo-tom,lột vỏ tôm,vn,hoa-de,camera,Trân,1778819521896,,,60,0,,dataset/features/vn/hoa-de/class_lot-vo-tom_de9eb6e1/sample_159d1dba4e.npz,features/vn/hoa-de/class_lot-vo-tom_de9eb6e1/sample_159d1dba4e.npz,https://drive.google.com/file/d/1ApXCPzGw07zwIaMqmL87-At0nQOrlKGA/view,,2026-05-15T04:41:07.422502Z,159d1dba4e,4,class_lot-vo-tom_de9eb6e1,sample_159d1dba4e.npz,lot-vo-tom,vn/hoa-de/lot-vo-tom
a140b76ec7,de9eb6e1-a189-4f37-9888-8fea922de54c,lot-vo-tom,lột vỏ tôm,vn,hoa-de,camera,Minh,1778753481107,,,60,0,,dataset/features/vn/hoa-de/class_lot-vo-tom_de9eb6e1/sample_a140b76ec7.npz,features/vn/hoa-de/class_lot-vo-tom_de9eb6e1/sample_a140b76ec7.npz,https://drive.google.com/file/d/1CSIXRaMnkFcdVUdNbIV6sbA-gOc6JNww/view,,2026-05-14T10:20:14.509800Z,a140b76ec7,4,class_lot-vo-tom_de9eb6e1,sample_a140b76ec7.npz,lot-vo-tom,vn/hoa-de/lot-vo-tom
e829183adf,de9eb6e1-a189-4f37-9888-8fea922de54c,lot-vo-tom,lột vỏ tôm,vn,hoa-de,camera,Minh,1778753481107,,,60,0,,dataset/features/vn/hoa-de/class_lot-vo-tom_de9eb6e1/sample_e829183adf.npz,features/vn/hoa-de/class_lot-vo-tom_de9eb6e1/sample_e829183adf.npz,https://drive.google.com/file/d/1vo5NIDO3cgKlj-zDcJsMwgFduPXW6UKP/view,,2026-05-14T10:20:44.239617Z,e829183adf,4,class_lot-vo-tom_de9eb6e1,sample_e829183adf.npz,lot-vo-tom,vn/hoa-de/lot-vo-tom
9186590a1f,de9eb6e1-a189-4f37-9888-8fea922de54c,lot-vo-tom,lột vỏ tôm,vn,hoa-de,camera,Minh,1778753481107,,,60,0,,dataset/features/vn/hoa-de/class_lot-vo-tom_de9eb6e1/sample_9186590a1f.npz,features/vn/hoa-de/class_lot-vo-tom_de9eb6e1/sample_9186590a1f.npz,https://drive.google.com/file/d/1tpL6t4abyfGVhxqT0gvFOlO5MOBXoRnM/view,,2026-05-14T10:19:27.910562Z,9186590a1f,4,class_lot-vo-tom_de9eb6e1,sample_9186590a1f.npz,lot-vo-tom,vn/hoa-de/lot-vo-tom
2016761099,de9eb6e1-a189-4f37-9888-8fea922de54c,lot-vo-tom,lột vỏ tôm,vn,hoa-de,camera,Minh,1778753481107,,,60,0,,dataset/features/vn/hoa-de/class_lot-vo-tom_de9eb6e1/sample_2016761099.npz,features/vn/hoa-de/class_lot-vo-tom_de9eb6e1/sample_2016761099.npz,https://drive.google.com/file/d/1zJmcX5c9UmbIcD5YLtm3ELZyDdeMMzA4/view,,2026-05-14T10:20:36.219887Z,2016761099,4,class_lot-vo-tom_de9eb6e1,sample_2016761099.npz,lot-vo-tom,vn/hoa-de/lot-vo-tom
f0fbba3c5f,de9eb6e1-a189-4f37-9888-8fea922de54c,lot-vo-tom,lột vỏ tôm,vn,hoa-de,camera,Trân,1778819521896,,,60,0,,dataset/features/vn/hoa-de/class_lot-vo-tom_de9eb6e1/sample_f0fbba3c5f.npz,features/vn/hoa-de/class_lot-vo-tom_de9eb6e1/sample_f0fbba3c5f.npz,https://drive.google.com/file/d/1fP53gxPw-MUT2Hmd5wS8bJt1b1MtU2uF/view,,2026-05-15T04:44:38.867537Z,f0fbba3c5f,4,class_lot-vo-tom_de9eb6e1,sample_f0fbba3c5f.npz,lot-vo-tom,vn/hoa-de/lot-vo-tom
a0339b8940,cab3132f-742c-4b7a-a2dc-be79e1c1de15,cat-ky,Cắt kỳ,vn,hoa-de,camera,Trân,1778819521896,,,60,0,,dataset/features/vn/hoa-de/class_cat-ky_cab3132f/sample_a0339b8940.npz,features/vn/hoa-de/class_cat-ky_cab3132f/sample_a0339b8940.npz,https://drive.google.com/file/d/1U4TfE5mjLJl-bpdXqi89pcXozrN53fuS/view,,2026-05-15T04:33:28.309887Z,a0339b8940,6,class_cat-ky_cab3132f,sample_a0339b8940.npz,cat-ky,vn/hoa-de/cat-ky
8aa5e1539a,cab3132f-742c-4b7a-a2dc-be79e1c1de15,cat-ky,Cắt kỳ,vn,hoa-de,camera,Trân,1778819521896,,,60,0,,dataset/features/vn/hoa-de/class_cat-ky_cab3132f/sample_8aa5e1539a.npz,features/vn/hoa-de/class_cat-ky_cab3132f/sample_8aa5e1539a.npz,https://drive.google.com/file/d/1hItUvuF7al2Bf3LK1STzJ1ZpqNm5ZISI/view,,2026-05-15T04:32:56.806293Z,8aa5e1539a,6,class_cat-ky_cab3132f,sample_8aa5e1539a.npz,cat-ky,vn/hoa-de/cat-ky
67b8fc909a,cab3132f-742c-4b7a-a2dc-be79e1c1de15,cat-ky,Cắt kỳ,vn,hoa-de,camera,Minh,1778757542819,,,60,0,,dataset/features/vn/hoa-de/class_cat-ky_cab3132f/sample_67b8fc909a.npz,features/vn/hoa-de/class_cat-ky_cab3132f/sample_67b8fc909a.npz,https://drive.google.com/file/d/1Vo3CEcaooGICTmQiWWrDJgswwxG0t__G/view,,2026-05-14T11:20:10.065630Z,67b8fc909a,6,class_cat-ky_cab3132f,sample_67b8fc909a.npz,cat-ky,vn/hoa-de/cat-ky
e289a92ace,cab3132f-742c-4b7a-a2dc-be79e1c1de15,cat-ky,Cắt kỳ,vn,hoa-de,camera,Trân,1778819521896,,,60,0,,dataset/features/vn/hoa-de/class_cat-ky_cab3132f/sample_e289a92ace.npz,features/vn/hoa-de/class_cat-ky_cab3132f/sample_e289a92ace.npz,https://drive.google.com/file/d/1N5dDiJSQvJHxK-TEMVZOWd2wSF-1pLS6/view,,2026-05-15T04:35:57.649998Z,e289a92ace,6,class_cat-ky_cab3132f,sample_e289a92ace.npz,cat-ky,vn/hoa-de/cat-ky
d53d9b7caa,cab3132f-742c-4b7a-a2dc-be79e1c1de15,cat-ky,Cắt kỳ,vn,hoa-de,camera,Trân,1778819521896,,,60,0,,dataset/features/vn/hoa-de/class_cat-ky_cab3132f/sample_d53d9b7caa.npz,features/vn/hoa-de/class_cat-ky_cab3132f/sample_d53d9b7caa.npz,https://drive.google.com/file/d/1fyrtzZLSYAASiholGcrBkR3yhXn8Sl69/view,,2026-05-14T18:54:38.685366Z,d53d9b7caa,6,class_cat-ky_cab3132f,sample_d53d9b7caa.npz,cat-ky,vn/hoa-de/cat-ky
46d0932b43,cab3132f-742c-4b7a-a2dc-be79e1c1de15,cat-ky,Cắt kỳ,vn,hoa-de,camera,Minh,1778757542819,,,60,0,,dataset/features/vn/hoa-de/class_cat-ky_cab3132f/sample_46d0932b43.npz,features/vn/hoa-de/class_cat-ky_cab3132f/sample_46d0932b43.npz,https://drive.google.com/file/d/14w00OBVizl5IN3vu7HkGi_JujoxI2SEU/view,,2026-05-14T11:22:46.920357Z,46d0932b43,6,class_cat-ky_cab3132f,sample_46d0932b43.npz,cat-ky,vn/hoa-de/cat-ky
329a6ddb17,cab3132f-742c-4b7a-a2dc-be79e1c1de15,cat-ky,Cắt kỳ,vn,hoa-de,camera,Trân,1778819521896,,,60,0,,dataset/features/vn/hoa-de/class_cat-ky_cab3132f/sample_329a6ddb17.npz,features/vn/hoa-de/class_cat-ky_cab3132f/sample_329a6ddb17.npz,https://drive.google.com/file/d/1QriMuxbfzyALHpocNct1VlUV2BmSeNjt/view,,2026-05-15T04:37:03.443546Z,329a6ddb17,6,class_cat-ky_cab3132f,sample_329a6ddb17.npz,cat-ky,vn/hoa-de/cat-ky
6ee2008203,cab3132f-742c-4b7a-a2dc-be79e1c1de15,cat-ky,Cắt kỳ,vn,hoa-de,camera,Trân,1778819521896,,,60,0,,dataset/features/vn/hoa-de/class_cat-ky_cab3132f/sample_6ee2008203.npz,features/vn/hoa-de/class_cat-ky_cab3132f/sample_6ee2008203.npz,https://drive.google.com/file/d/1QWmYlHVu2O-oR3A-EDLA6qTmF1e7cG8Y/view,,2026-05-14T18:53:49.654307Z,6ee2008203,6,class_cat-ky_cab3132f,sample_6ee2008203.npz,cat-ky,vn/hoa-de/cat-ky
9740e050b9,cab3132f-742c-4b7a-a2dc-be79e1c1de15,cat-ky,Cắt kỳ,vn,hoa-de,camera,Minh,1778757542819,,,60,0,,dataset/features/vn/hoa-de/class_cat-ky_cab3132f/sample_9740e050b9.npz,features/vn/hoa-de/class_cat-ky_cab3132f/sample_9740e050b9.npz,https://drive.google.com/file/d/1LxzhOW4V-FeRgn811ucvUj8wHg2WWvu4/view,,2026-05-14T11:20:26.710153Z,9740e050b9,6,class_cat-ky_cab3132f,sample_9740e050b9.npz,cat-ky,vn/hoa-de/cat-ky
e904dd0326,cab3132f-742c-4b7a-a2dc-be79e1c1de15,cat-ky,Cắt kỳ,vn,hoa-de,camera,Trân,1778819521896,,,60,0,,dataset/features/vn/hoa-de/class_cat-ky_cab3132f/sample_e904dd0326.npz,features/vn/hoa-de/class_cat-ky_cab3132f/sample_e904dd0326.npz,https://drive.google.com/file/d/108ZDpJsW8yW2tTkOKxoDHV7r35XlqRCx/view,,2026-05-15T04:36:47.207594Z,e904dd0326,6,class_cat-ky_cab3132f,sample_e904dd0326.npz,cat-ky,vn/hoa-de/cat-ky
77e873aa72,cab3132f-742c-4b7a-a2dc-be79e1c1de15,cat-ky,Cắt kỳ,vn,hoa-de,camera,Trân,1778819521896,,,60,0,,dataset/features/vn/hoa-de/class_cat-ky_cab3132f/sample_77e873aa72.npz,features/vn/hoa-de/class_cat-ky_cab3132f/sample_77e873aa72.npz,https://drive.google.com/file/d/1QvvsNZekJMl3lbDwG46BW3M6KRwMqkOo/view,,2026-05-15T04:33:13.313402Z,77e873aa72,6,class_cat-ky_cab3132f,sample_77e873aa72.npz,cat-ky,vn/hoa-de/cat-ky
bbfd33cd43,cab3132f-742c-4b7a-a2dc-be79e1c1de15,cat-ky,Cắt kỳ,vn,hoa-de,camera,Minh,1778757542819,,,60,0,,dataset/features/vn/hoa-de/class_cat-ky_cab3132f/sample_bbfd33cd43.npz,features/vn/hoa-de/class_cat-ky_cab3132f/sample_bbfd33cd43.npz,https://drive.google.com/file/d/1gwstJycUcPIplPAikMeYz7K5btXv5_NJ/view,,2026-05-14T11:23:11.366919Z,bbfd33cd43,6,class_cat-ky_cab3132f,sample_bbfd33cd43.npz,cat-ky,vn/hoa-de/cat-ky
0e2e98cd6b,cab3132f-742c-4b7a-a2dc-be79e1c1de15,cat-ky,Cắt kỳ,vn,hoa-de,camera,Minh,1778757542819,,,60,0,,dataset/features/vn/hoa-de/class_cat-ky_cab3132f/sample_0e2e98cd6b.npz,features/vn/hoa-de/class_cat-ky_cab3132f/sample_0e2e98cd6b.npz,https://drive.google.com/file/d/1NrY6OyuP_QFb2Fc5VpF1goeeLJgK8Sc4/view,,2026-05-14T11:23:02.024557Z,0e2e98cd6b,6,class_cat-ky_cab3132f,sample_0e2e98cd6b.npz,cat-ky,vn/hoa-de/cat-ky
951a19c882,cab3132f-742c-4b7a-a2dc-be79e1c1de15,cat-ky,Cắt kỳ,vn,hoa-de,camera,Minh,1778757542819,,,60,0,,dataset/features/vn/hoa-de/class_cat-ky_cab3132f/sample_951a19c882.npz,features/vn/hoa-de/class_cat-ky_cab3132f/sample_951a19c882.npz,https://drive.google.com/file/d/1X-ci0PKZQT4wXKkN9tdZkXPzabLplQ4B/view,,2026-05-14T11:20:17.973679Z,951a19c882,6,class_cat-ky_cab3132f,sample_951a19c882.npz,cat-ky,vn/hoa-de/cat-ky
f75917e288,cab3132f-742c-4b7a-a2dc-be79e1c1de15,cat-ky,Cắt kỳ,vn,hoa-de,camera,Minh,1778757542819,,,60,0,,dataset/features/vn/hoa-de/class_cat-ky_cab3132f/sample_f75917e288.npz,features/vn/hoa-de/class_cat-ky_cab3132f/sample_f75917e288.npz,https://drive.google.com/file/d/1Isg7iePJxBpwaOEjejjkGj6qNhBcAvzY/view,,2026-05-14T11:20:35.709357Z,f75917e288,6,class_cat-ky_cab3132f,sample_f75917e288.npz,cat-ky,vn/hoa-de/cat-ky
9253f5d4f9,cab3132f-742c-4b7a-a2dc-be79e1c1de15,cat-ky,Cắt kỳ,vn,hoa-de,camera,Trân,1778819521896,,,60,0,,dataset/features/vn/hoa-de/class_cat-ky_cab3132f/sample_9253f5d4f9.npz,features/vn/hoa-de/class_cat-ky_cab3132f/sample_9253f5d4f9.npz,https://drive.google.com/file/d/1ABRJsbK06exdg-32n7-emDv_CgC0f8z0/view,,2026-05-14T18:54:05.625822Z,9253f5d4f9,6,class_cat-ky_cab3132f,sample_9253f5d4f9.npz,cat-ky,vn/hoa-de/cat-ky
1a991c9c51,cab3132f-742c-4b7a-a2dc-be79e1c1de15,cat-ky,Cắt kỳ,vn,hoa-de,camera,Trân,1778819521896,,,60,0,,dataset/features/vn/hoa-de/class_cat-ky_cab3132f/sample_1a991c9c51.npz,features/vn/hoa-de/class_cat-ky_cab3132f/sample_1a991c9c51.npz,https://drive.google.com/file/d/17lcbTV7dO9XC82PCopJ5WUdjJ6y6yVxN/view,,2026-05-15T04:33:57.454808Z,1a991c9c51,6,class_cat-ky_cab3132f,sample_1a991c9c51.npz,cat-ky,vn/hoa-de/cat-ky
f9f1c37fe0,cab3132f-742c-4b7a-a2dc-be79e1c1de15,cat-ky,Cắt kỳ,vn,hoa-de,camera,Trân,1778819521896,,,60,0,,dataset/features/vn/hoa-de/class_cat-ky_cab3132f/sample_f9f1c37fe0.npz,features/vn/hoa-de/class_cat-ky_cab3132f/sample_f9f1c37fe0.npz,https://drive.google.com/file/d/11rdq3QX1jKtt6f3BP5TrksaQggaxIXQI/view,,2026-05-14T18:54:54.504198Z,f9f1c37fe0,6,class_cat-ky_cab3132f,sample_f9f1c37fe0.npz,cat-ky,vn/hoa-de/cat-ky
ce799f62ba,a447f40e-4e68-42c2-b20d-08ac5b12c451,d,D,vn,bang-chu-cai,camera,Trân,1778824957715,,,60,0,,dataset/features/vn/bang-chu-cai/class_d_a447f40e/sample_ce799f62ba.npz,features/vn/bang-chu-cai/class_d_a447f40e/sample_ce799f62ba.npz,https://drive.google.com/file/d/1ZAyF3jgjXa3gmdCPzRUK-ufPzQLfnei8/view,,2026-05-15T06:55:53.417619Z,ce799f62ba,7,class_d_a447f40e,sample_ce799f62ba.npz,d,vn/bang-chu-cai/d
83a9da38a6,a447f40e-4e68-42c2-b20d-08ac5b12c451,d,D,vn,bang-chu-cai,camera,ha,1778772990754,,,60,0,,dataset/features/vn/bang-chu-cai/class_d_a447f40e/sample_83a9da38a6.npz,features/vn/bang-chu-cai/class_d_a447f40e/sample_83a9da38a6.npz,,,,83a9da38a6,7,class_d_a447f40e,sample_83a9da38a6.npz,d,vn/bang-chu-cai/d
767b77dce2,a447f40e-4e68-42c2-b20d-08ac5b12c451,d,D,vn,bang-chu-cai,camera,ha,1778772990754,,,60,0,,dataset/features/vn/bang-chu-cai/class_d_a447f40e/sample_767b77dce2.npz,features/vn/bang-chu-cai/class_d_a447f40e/sample_767b77dce2.npz,,,,767b77dce2,7,class_d_a447f40e,sample_767b77dce2.npz,d,vn/bang-chu-cai/d
e4754f50c6,a447f40e-4e68-42c2-b20d-08ac5b12c451,d,D,vn,bang-chu-cai,camera,Hoàng Anh,1778773741460,,,60,0,,dataset/features/vn/bang-chu-cai/class_d_a447f40e/sample_e4754f50c6.npz,features/vn/bang-chu-cai/class_d_a447f40e/sample_e4754f50c6.npz,,,,e4754f50c6,7,class_d_a447f40e,sample_e4754f50c6.npz,d,vn/bang-chu-cai/d
d51477111c,a447f40e-4e68-42c2-b20d-08ac5b12c451,d,D,vn,bang-chu-cai,camera,ha,1778772990754,,,60,0,,dataset/features/vn/bang-chu-cai/class_d_a447f40e/sample_d51477111c.npz,features/vn/bang-chu-cai/class_d_a447f40e/sample_d51477111c.npz,,,,d51477111c,7,class_d_a447f40e,sample_d51477111c.npz,d,vn/bang-chu-cai/d
42fee3d866,a447f40e-4e68-42c2-b20d-08ac5b12c451,d,D,vn,bang-chu-cai,camera,ha,1778772990754,,,60,0,,dataset/features/vn/bang-chu-cai/class_d_a447f40e/sample_42fee3d866.npz,features/vn/bang-chu-cai/class_d_a447f40e/sample_42fee3d866.npz,,,,42fee3d866,7,class_d_a447f40e,sample_42fee3d866.npz,d,vn/bang-chu-cai/d
2c037ed07c,a447f40e-4e68-42c2-b20d-08ac5b12c451,d,D,vn,bang-chu-cai,camera,Hoàng Anh,1778773741460,,,60,0,,dataset/features/vn/bang-chu-cai/class_d_a447f40e/sample_2c037ed07c.npz,features/vn/bang-chu-cai/class_d_a447f40e/sample_2c037ed07c.npz,,,,2c037ed07c,7,class_d_a447f40e,sample_2c037ed07c.npz,d,vn/bang-chu-cai/d
822eb2ae1c,a447f40e-4e68-42c2-b20d-08ac5b12c451,d,D,vn,bang-chu-cai,camera,Trân,1778824957715,,,60,0,,dataset/features/vn/bang-chu-cai/class_d_a447f40e/sample_822eb2ae1c.npz,features/vn/bang-chu-cai/class_d_a447f40e/sample_822eb2ae1c.npz,https://drive.google.com/file/d/1Lff60Jp8wGyEOflg9XTWS1K18D_UpKlh/view,,2026-05-15T06:56:15.045103Z,822eb2ae1c,7,class_d_a447f40e,sample_822eb2ae1c.npz,d,vn/bang-chu-cai/d
cd71cd35c5,a447f40e-4e68-42c2-b20d-08ac5b12c451,d,D,vn,bang-chu-cai,camera,Hoàng Anh,1778773741460,,,60,0,,dataset/features/vn/bang-chu-cai/class_d_a447f40e/sample_cd71cd35c5.npz,features/vn/bang-chu-cai/class_d_a447f40e/sample_cd71cd35c5.npz,,,,cd71cd35c5,7,class_d_a447f40e,sample_cd71cd35c5.npz,d,vn/bang-chu-cai/d
f894d1cd2e,a447f40e-4e68-42c2-b20d-08ac5b12c451,d,D,vn,bang-chu-cai,camera,Hoàng Anh,1778773741460,,,60,0,,dataset/features/vn/bang-chu-cai/class_d_a447f40e/sample_f894d1cd2e.npz,features/vn/bang-chu-cai/class_d_a447f40e/sample_f894d1cd2e.npz,,,,f894d1cd2e,7,class_d_a447f40e,sample_f894d1cd2e.npz,d,vn/bang-chu-cai/d
831589bb26,a447f40e-4e68-42c2-b20d-08ac5b12c451,d,D,vn,bang-chu-cai,camera,Hoàng Anh,1778773741460,,,60,0,,dataset/features/vn/bang-chu-cai/class_d_a447f40e/sample_831589bb26.npz,features/vn/bang-chu-cai/class_d_a447f40e/sample_831589bb26.npz,,,,831589bb26,7,class_d_a447f40e,sample_831589bb26.npz,d,vn/bang-chu-cai/d
d02dad1008,a447f40e-4e68-42c2-b20d-08ac5b12c451,d,D,vn,bang-chu-cai,camera,Hoàng Anh,1778773741460,,,60,0,,dataset/features/vn/bang-chu-cai/class_d_a447f40e/sample_d02dad1008.npz,features/vn/bang-chu-cai/class_d_a447f40e/sample_d02dad1008.npz,,,,d02dad1008,7,class_d_a447f40e,sample_d02dad1008.npz,d,vn/bang-chu-cai/d
188aa9e297,a447f40e-4e68-42c2-b20d-08ac5b12c451,d,D,vn,bang-chu-cai,camera,ha,1778772990754,,,60,0,,dataset/features/vn/bang-chu-cai/class_d_a447f40e/sample_188aa9e297.npz,features/vn/bang-chu-cai/class_d_a447f40e/sample_188aa9e297.npz,,,,188aa9e297,7,class_d_a447f40e,sample_188aa9e297.npz,d,vn/bang-chu-cai/d
bbd4858e46,a447f40e-4e68-42c2-b20d-08ac5b12c451,d,D,vn,bang-chu-cai,camera,ha,1778772990754,,,60,0,,dataset/features/vn/bang-chu-cai/class_d_a447f40e/sample_bbd4858e46.npz,features/vn/bang-chu-cai/class_d_a447f40e/sample_bbd4858e46.npz,,,,bbd4858e46,7,class_d_a447f40e,sample_bbd4858e46.npz,d,vn/bang-chu-cai/d
fa1bbedf3d,a447f40e-4e68-42c2-b20d-08ac5b12c451,d,D,vn,bang-chu-cai,camera,Trân,1778824957715,,,60,0,,dataset/features/vn/bang-chu-cai/class_d_a447f40e/sample_fa1bbedf3d.npz,features/vn/bang-chu-cai/class_d_a447f40e/sample_fa1bbedf3d.npz,https://drive.google.com/file/d/1xdl5swbTdfsiqbCQkT7WcmMFx7gqqBjr/view,,2026-05-15T06:56:04.342049Z,fa1bbedf3d,7,class_d_a447f40e,sample_fa1bbedf3d.npz,d,vn/bang-chu-cai/d
96e1a0a6e1,a447f40e-4e68-42c2-b20d-08ac5b12c451,d,D,vn,bang-chu-cai,camera,Trân,1778824957715,,,60,0,,dataset/features/vn/bang-chu-cai/class_d_a447f40e/sample_96e1a0a6e1.npz,features/vn/bang-chu-cai/class_d_a447f40e/sample_96e1a0a6e1.npz,https://drive.google.com/file/d/1UAKcJhkYlpT0uh1mQiXamcXjl0AN1qxr/view,,2026-05-15T06:55:43.639288Z,96e1a0a6e1,7,class_d_a447f40e,sample_96e1a0a6e1.npz,d,vn/bang-chu-cai/d
1dd83f1a3b,a447f40e-4e68-42c2-b20d-08ac5b12c451,d,D,vn,bang-chu-cai,camera,Hoàng Anh,1778773741460,,,60,0,,dataset/features/vn/bang-chu-cai/class_d_a447f40e/sample_1dd83f1a3b.npz,features/vn/bang-chu-cai/class_d_a447f40e/sample_1dd83f1a3b.npz,,,,1dd83f1a3b,7,class_d_a447f40e,sample_1dd83f1a3b.npz,d,vn/bang-chu-cai/d
fd8604afd1,a447f40e-4e68-42c2-b20d-08ac5b12c451,d,D,vn,bang-chu-cai,camera,ha,1778772990754,,,60,0,,dataset/features/vn/bang-chu-cai/class_d_a447f40e/sample_fd8604afd1.npz,features/vn/bang-chu-cai/class_d_a447f40e/sample_fd8604afd1.npz,,,,fd8604afd1,7,class_d_a447f40e,sample_fd8604afd1.npz,d,vn/bang-chu-cai/d
3885b88a22,c09fc8ba-781d-434a-844c-ab57902e06ed,e,E,vn,bang-chu-cai,camera,Minh,1778824957715,,,60,0,,dataset/features/vn/bang-chu-cai/class_e_c09fc8ba/sample_3885b88a22.npz,features/vn/bang-chu-cai/class_e_c09fc8ba/sample_3885b88a22.npz,https://drive.google.com/file/d/15NOxReh0L2qwhh7DthscyY6v00kE_lTS/view,,2026-05-15T07:00:25.941193Z,3885b88a22,8,class_e_c09fc8ba,sample_3885b88a22.npz,e,vn/bang-chu-cai/e
58b05b77e0,c09fc8ba-781d-434a-844c-ab57902e06ed,e,E,vn,bang-chu-cai,camera,Hoàng Anh,1778774409279,,,60,0,,dataset/features/vn/bang-chu-cai/class_e_c09fc8ba/sample_58b05b77e0.npz,features/vn/bang-chu-cai/class_e_c09fc8ba/sample_58b05b77e0.npz,,,,58b05b77e0,8,class_e_c09fc8ba,sample_58b05b77e0.npz,e,vn/bang-chu-cai/e
2259d66651,c09fc8ba-781d-434a-844c-ab57902e06ed,e,E,vn,bang-chu-cai,camera,Trân,1778824957715,,,60,0,,dataset/features/vn/bang-chu-cai/class_e_c09fc8ba/sample_2259d66651.npz,features/vn/bang-chu-cai/class_e_c09fc8ba/sample_2259d66651.npz,https://drive.google.com/file/d/166JHZqmWSOYKORCQfLUY4NQsh2xzCexE/view,,2026-05-15T06:59:19.945746Z,2259d66651,8,class_e_c09fc8ba,sample_2259d66651.npz,e,vn/bang-chu-cai/e
7ea09524d3,c09fc8ba-781d-434a-844c-ab57902e06ed,e,E,vn,bang-chu-cai,camera,Hoàng Anh,1778774409279,,,60,0,,dataset/features/vn/bang-chu-cai/class_e_c09fc8ba/sample_7ea09524d3.npz,features/vn/bang-chu-cai/class_e_c09fc8ba/sample_7ea09524d3.npz,,,,7ea09524d3,8,class_e_c09fc8ba,sample_7ea09524d3.npz,e,vn/bang-chu-cai/e
e0289d8785,c09fc8ba-781d-434a-844c-ab57902e06ed,e,E,vn,bang-chu-cai,camera,Minh,1778824957715,,,60,0,,dataset/features/vn/bang-chu-cai/class_e_c09fc8ba/sample_e0289d8785.npz,features/vn/bang-chu-cai/class_e_c09fc8ba/sample_e0289d8785.npz,https://drive.google.com/file/d/1fE-M4bDcw0qAO3dF5Tul4Fm8BJ39jdAh/view,,2026-05-15T07:01:56.629893Z,e0289d8785,8,class_e_c09fc8ba,sample_e0289d8785.npz,e,vn/bang-chu-cai/e
8870908630,c09fc8ba-781d-434a-844c-ab57902e06ed,e,E,vn,bang-chu-cai,camera,Trân,1778824957715,,,60,0,,dataset/features/vn/bang-chu-cai/class_e_c09fc8ba/sample_8870908630.npz,features/vn/bang-chu-cai/class_e_c09fc8ba/sample_8870908630.npz,https://drive.google.com/file/d/1dGJ5s9Nd65JP42BvEihZaVlfr1BCHLo9/view,,2026-05-15T06:59:30.060825Z,8870908630,8,class_e_c09fc8ba,sample_8870908630.npz,e,vn/bang-chu-cai/e
cfdfdf1427,c09fc8ba-781d-434a-844c-ab57902e06ed,e,E,vn,bang-chu-cai,camera,Hoàng Anh,1778774409279,,,60,0,,dataset/features/vn/bang-chu-cai/class_e_c09fc8ba/sample_cfdfdf1427.npz,features/vn/bang-chu-cai/class_e_c09fc8ba/sample_cfdfdf1427.npz,,,,cfdfdf1427,8,class_e_c09fc8ba,sample_cfdfdf1427.npz,e,vn/bang-chu-cai/e
6f4f1a8a3c,c09fc8ba-781d-434a-844c-ab57902e06ed,e,E,vn,bang-chu-cai,camera,Trân,1778824957715,,,60,0,,dataset/features/vn/bang-chu-cai/class_e_c09fc8ba/sample_6f4f1a8a3c.npz,features/vn/bang-chu-cai/class_e_c09fc8ba/sample_6f4f1a8a3c.npz,https://drive.google.com/file/d/1wb8zGQidQc34Ful_s4yPzIB7xoPLmHOL/view,,2026-05-15T06:57:09.994497Z,6f4f1a8a3c,8,class_e_c09fc8ba,sample_6f4f1a8a3c.npz,e,vn/bang-chu-cai/e
c84b4598c6,c09fc8ba-781d-434a-844c-ab57902e06ed,e,E,vn,bang-chu-cai,camera,Hoàng Anh,1778774409279,,,60,0,,dataset/features/vn/bang-chu-cai/class_e_c09fc8ba/sample_c84b4598c6.npz,features/vn/bang-chu-cai/class_e_c09fc8ba/sample_c84b4598c6.npz,,,,c84b4598c6,8,class_e_c09fc8ba,sample_c84b4598c6.npz,e,vn/bang-chu-cai/e
9947f46e65,c09fc8ba-781d-434a-844c-ab57902e06ed,e,E,vn,bang-chu-cai,camera,Trân,1778824957715,,,60,0,,dataset/features/vn/bang-chu-cai/class_e_c09fc8ba/sample_9947f46e65.npz,features/vn/bang-chu-cai/class_e_c09fc8ba/sample_9947f46e65.npz,https://drive.google.com/file/d/1XnmrDRZ9pYJo3TDe-eXC80CmMjuw6j7u/view,,2026-05-15T06:58:25.891676Z,9947f46e65,8,class_e_c09fc8ba,sample_9947f46e65.npz,e,vn/bang-chu-cai/e
5bf6ae59dd,c09fc8ba-781d-434a-844c-ab57902e06ed,e,E,vn,bang-chu-cai,camera,Hoàng Anh,1778774409279,,,60,0,,dataset/features/vn/bang-chu-cai/class_e_c09fc8ba/sample_5bf6ae59dd.npz,features/vn/bang-chu-cai/class_e_c09fc8ba/sample_5bf6ae59dd.npz,,,,5bf6ae59dd,8,class_e_c09fc8ba,sample_5bf6ae59dd.npz,e,vn/bang-chu-cai/e
46cdd3765b,c09fc8ba-781d-434a-844c-ab57902e06ed,e,E,vn,bang-chu-cai,camera,Minh,1778824957715,,,60,0,,dataset/features/vn/bang-chu-cai/class_e_c09fc8ba/sample_46cdd3765b.npz,features/vn/bang-chu-cai/class_e_c09fc8ba/sample_46cdd3765b.npz,https://drive.google.com/file/d/1UIC2mwDxuyS0bgFDANSpukPct1BCUuAs/view,,2026-05-15T07:00:49.127974Z,46cdd3765b,8,class_e_c09fc8ba,sample_46cdd3765b.npz,e,vn/bang-chu-cai/e
500c7d925d,c09fc8ba-781d-434a-844c-ab57902e06ed,e,E,vn,bang-chu-cai,camera,Trân,1778824957715,,,60,0,,dataset/features/vn/bang-chu-cai/class_e_c09fc8ba/sample_500c7d925d.npz,features/vn/bang-chu-cai/class_e_c09fc8ba/sample_500c7d925d.npz,https://drive.google.com/file/d/1cieti_uOcy6xk8vqreDJNYwFrx40RtIo/view,,2026-05-15T06:58:57.946816Z,500c7d925d,8,class_e_c09fc8ba,sample_500c7d925d.npz,e,vn/bang-chu-cai/e
c88abe8e45,c09fc8ba-781d-434a-844c-ab57902e06ed,e,E,vn,bang-chu-cai,camera,Minh,1778824957715,,,60,0,,dataset/features/vn/bang-chu-cai/class_e_c09fc8ba/sample_c88abe8e45.npz,features/vn/bang-chu-cai/class_e_c09fc8ba/sample_c88abe8e45.npz,https://drive.google.com/file/d/1EFTU5ykUaecv1n2nKbCPwGE5D_5CjPas/view,,2026-05-15T07:00:38.362051Z,c88abe8e45,8,class_e_c09fc8ba,sample_c88abe8e45.npz,e,vn/bang-chu-cai/e
2cfbcd2e8d,c09fc8ba-781d-434a-844c-ab57902e06ed,e,E,vn,bang-chu-cai,camera,Hoàng Anh,1778774409279,,,60,0,,dataset/features/vn/bang-chu-cai/class_e_c09fc8ba/sample_2cfbcd2e8d.npz,features/vn/bang-chu-cai/class_e_c09fc8ba/sample_2cfbcd2e8d.npz,,,,2cfbcd2e8d,8,class_e_c09fc8ba,sample_2cfbcd2e8d.npz,e,vn/bang-chu-cai/e
7872a5d5f6,c09fc8ba-781d-434a-844c-ab57902e06ed,e,E,vn,bang-chu-cai,camera,Trân,1778824957715,,,60,0,,dataset/features/vn/bang-chu-cai/class_e_c09fc8ba/sample_7872a5d5f6.npz,features/vn/bang-chu-cai/class_e_c09fc8ba/sample_7872a5d5f6.npz,https://drive.google.com/file/d/1Q_h707LS3WIDPXiyRhqcXXSOLwdVovr9/view,,2026-05-15T06:57:32.151862Z,7872a5d5f6,8,class_e_c09fc8ba,sample_7872a5d5f6.npz,e,vn/bang-chu-cai/e
d53cbd5c14,c09fc8ba-781d-434a-844c-ab57902e06ed,e,E,vn,bang-chu-cai,camera,Minh,1778824957715,,,60,0,,dataset/features/vn/bang-chu-cai/class_e_c09fc8ba/sample_d53cbd5c14.npz,features/vn/bang-chu-cai/class_e_c09fc8ba/sample_d53cbd5c14.npz,https://drive.google.com/file/d/1HYiyu4azarNGojsLmKW1RlyOsABlcjlc/view,,2026-05-15T07:01:43.700210Z,d53cbd5c14,8,class_e_c09fc8ba,sample_d53cbd5c14.npz,e,vn/bang-chu-cai/e
2758d29f61,c09fc8ba-781d-434a-844c-ab57902e06ed,e,E,vn,bang-chu-cai,camera,Trân,1778824957715,,,60,0,,dataset/features/vn/bang-chu-cai/class_e_c09fc8ba/sample_2758d29f61.npz,features/vn/bang-chu-cai/class_e_c09fc8ba/sample_2758d29f61.npz,https://drive.google.com/file/d/1NjN2nbntmsl1F4yC-lCjWW2OumzAFjYu/view,,2026-05-15T06:58:41.435568Z,2758d29f61,8,class_e_c09fc8ba,sample_2758d29f61.npz,e,vn/bang-chu-cai/e
a8ccbfd8d9,c09fc8ba-781d-434a-844c-ab57902e06ed,e,E,vn,bang-chu-cai,camera,Minh,1778824957715,,,60,0,,dataset/features/vn/bang-chu-cai/class_e_c09fc8ba/sample_a8ccbfd8d9.npz,features/vn/bang-chu-cai/class_e_c09fc8ba/sample_a8ccbfd8d9.npz,https://drive.google.com/file/d/1bEt1fpWacAaufPOiertG4tW-jMxF0IOs/view,,2026-05-15T07:01:00.255873Z,a8ccbfd8d9,8,class_e_c09fc8ba,sample_a8ccbfd8d9.npz,e,vn/bang-chu-cai/e
023dba6e41,c09fc8ba-781d-434a-844c-ab57902e06ed,e,E,vn,bang-chu-cai,camera,Trân,1778824957715,,,60,0,,dataset/features/vn/bang-chu-cai/class_e_c09fc8ba/sample_023dba6e41.npz,features/vn/bang-chu-cai/class_e_c09fc8ba/sample_023dba6e41.npz,https://drive.google.com/file/d/159bln6yImCwAbHLbpAB38EaLtSALgHqW/view,,2026-05-15T06:58:14.665575Z,023dba6e41,8,class_e_c09fc8ba,sample_023dba6e41.npz,e,vn/bang-chu-cai/e
e9842a8483,c09fc8ba-781d-434a-844c-ab57902e06ed,e,E,vn,bang-chu-cai,camera,Trân,1778824957715,,,60,0,,dataset/features/vn/bang-chu-cai/class_e_c09fc8ba/sample_e9842a8483.npz,features/vn/bang-chu-cai/class_e_c09fc8ba/sample_e9842a8483.npz,https://drive.google.com/file/d/1xTH5FVGi3kvS-vN82NONm7639qZVwlu0/view,,2026-05-15T06:57:50.880989Z,e9842a8483,8,class_e_c09fc8ba,sample_e9842a8483.npz,e,vn/bang-chu-cai/e
596f8c351e,c09fc8ba-781d-434a-844c-ab57902e06ed,e,E,vn,bang-chu-cai,camera,Trân,1778824957715,,,60,0,,dataset/features/vn/bang-chu-cai/class_e_c09fc8ba/sample_596f8c351e.npz,features/vn/bang-chu-cai/class_e_c09fc8ba/sample_596f8c351e.npz,https://drive.google.com/file/d/1OIT_PfA5m6IblSeWnhqEy5oA93Rvhsus/view,,2026-05-15T06:57:21.026081Z,596f8c351e,8,class_e_c09fc8ba,sample_596f8c351e.npz,e,vn/bang-chu-cai/e
746492a68e,c09fc8ba-781d-434a-844c-ab57902e06ed,e,E,vn,bang-chu-cai,camera,Trân,1778824957715,,,60,0,,dataset/features/vn/bang-chu-cai/class_e_c09fc8ba/sample_746492a68e.npz,features/vn/bang-chu-cai/class_e_c09fc8ba/sample_746492a68e.npz,https://drive.google.com/file/d/1c-MHrZsHRKUyofhHSGuHUmifbKMl8Otl/view,,2026-05-15T06:56:59.100342Z,746492a68e,8,class_e_c09fc8ba,sample_746492a68e.npz,e,vn/bang-chu-cai/e
135da61b85,c09fc8ba-781d-434a-844c-ab57902e06ed,e,E,vn,bang-chu-cai,camera,Minh,1778824957715,,,60,0,,dataset/features/vn/bang-chu-cai/class_e_c09fc8ba/sample_135da61b85.npz,features/vn/bang-chu-cai/class_e_c09fc8ba/sample_135da61b85.npz,https://drive.google.com/file/d/1K4ptBQcHUAvBzSxGRHchK_NtgX4plQN0/view,,2026-05-15T07:00:15.180752Z,135da61b85,8,class_e_c09fc8ba,sample_135da61b85.npz,e,vn/bang-chu-cai/e
bb34299aac,6a698d04-19f5-4742-94dd-419deab85c49,m,M,vn,bang-chu-cai,camera,Minh,1778824957715,,,60,0,,dataset/features/vn/bang-chu-cai/class_m_6a698d04/sample_bb34299aac.npz,features/vn/bang-chu-cai/class_m_6a698d04/sample_bb34299aac.npz,https://drive.google.com/file/d/19HhQjE8AbdiYVgvNkumbvmKnFGK0fT-L/view,,2026-05-15T07:55:35.147290Z,bb34299aac,9,class_m_6a698d04,sample_bb34299aac.npz,m,vn/bang-chu-cai/m
9ec3cc5244,6a698d04-19f5-4742-94dd-419deab85c49,m,M,vn,bang-chu-cai,camera,Minh,1778824957715,,,60,0,,dataset/features/vn/bang-chu-cai/class_m_6a698d04/sample_9ec3cc5244.npz,features/vn/bang-chu-cai/class_m_6a698d04/sample_9ec3cc5244.npz,https://drive.google.com/file/d/1f-Z8nUnm-VbdDJb4fL4m9B6QaJOtLZ1h/view,,2026-05-15T07:55:00.796693Z,9ec3cc5244,9,class_m_6a698d04,sample_9ec3cc5244.npz,m,vn/bang-chu-cai/m
92f5fe6c81,6a698d04-19f5-4742-94dd-419deab85c49,m,M,vn,bang-chu-cai,camera,Trân,1778824957715,,,60,0,,dataset/features/vn/bang-chu-cai/class_m_6a698d04/sample_92f5fe6c81.npz,features/vn/bang-chu-cai/class_m_6a698d04/sample_92f5fe6c81.npz,https://drive.google.com/file/d/1r-2JOrNeUX_RALFmyNqLDGX8im1_gMos/view,,2026-05-15T07:52:49.797788Z,92f5fe6c81,9,class_m_6a698d04,sample_92f5fe6c81.npz,m,vn/bang-chu-cai/m
f2a6d6c4e1,6a698d04-19f5-4742-94dd-419deab85c49,m,M,vn,bang-chu-cai,camera,Ảnh,1778779201800,,,60,0,,dataset/features/vn/bang-chu-cai/class_m_6a698d04/sample_f2a6d6c4e1.npz,features/vn/bang-chu-cai/class_m_6a698d04/sample_f2a6d6c4e1.npz,https://drive.google.com/file/d/1SJI5sdeOSsPNN34fT5YZHDkO2kovGtgM/view,,2026-05-14T15:38:04.051354Z,f2a6d6c4e1,9,class_m_6a698d04,sample_f2a6d6c4e1.npz,m,vn/bang-chu-cai/m
dbc5b6774f,6a698d04-19f5-4742-94dd-419deab85c49,m,M,vn,bang-chu-cai,camera,Trân,1778824957715,,,60,0,,dataset/features/vn/bang-chu-cai/class_m_6a698d04/sample_dbc5b6774f.npz,features/vn/bang-chu-cai/class_m_6a698d04/sample_dbc5b6774f.npz,https://drive.google.com/file/d/17iQy743VHC9wRAdy7NS03JK4aqHVwr-x/view,,2026-05-15T07:51:33.162065Z,dbc5b6774f,9,class_m_6a698d04,sample_dbc5b6774f.npz,m,vn/bang-chu-cai/m
62251aeedb,6a698d04-19f5-4742-94dd-419deab85c49,m,M,vn,bang-chu-cai,camera,Minh,1778824957715,,,60,0,,dataset/features/vn/bang-chu-cai/class_m_6a698d04/sample_62251aeedb.npz,features/vn/bang-chu-cai/class_m_6a698d04/sample_62251aeedb.npz,https://drive.google.com/file/d/1Kgv3LHi-CHhhepFi2RB44r1Fnx5pgk04/view,,2026-05-15T07:56:38.036213Z,62251aeedb,9,class_m_6a698d04,sample_62251aeedb.npz,m,vn/bang-chu-cai/m
57bd308ac1,6a698d04-19f5-4742-94dd-419deab85c49,m,M,vn,bang-chu-cai,camera,Trân,1778824957715,,,60,0,,dataset/features/vn/bang-chu-cai/class_m_6a698d04/sample_57bd308ac1.npz,features/vn/bang-chu-cai/class_m_6a698d04/sample_57bd308ac1.npz,https://drive.google.com/file/d/1u84mPvvNxZPiVrkGWOQSvv-X9KBPyX8e/view,,2026-05-15T07:54:03.246240Z,57bd308ac1,9,class_m_6a698d04,sample_57bd308ac1.npz,m,vn/bang-chu-cai/m
99588a2987,6a698d04-19f5-4742-94dd-419deab85c49,m,M,vn,bang-chu-cai,camera,Trân,1778824957715,,,60,0,,dataset/features/vn/bang-chu-cai/class_m_6a698d04/sample_99588a2987.npz,features/vn/bang-chu-cai/class_m_6a698d04/sample_99588a2987.npz,https://drive.google.com/file/d/1HkJ2MEbtrpNTUO1Gz-3EcujU2MOUdr-B/view,,2026-05-15T07:52:38.520756Z,99588a2987,9,class_m_6a698d04,sample_99588a2987.npz,m,vn/bang-chu-cai/m
9775e79f4d,6a698d04-19f5-4742-94dd-419deab85c49,m,M,vn,bang-chu-cai,camera,Ảnh,1778779201800,,,60,0,,dataset/features/vn/bang-chu-cai/class_m_6a698d04/sample_9775e79f4d.npz,features/vn/bang-chu-cai/class_m_6a698d04/sample_9775e79f4d.npz,https://drive.google.com/file/d/1Zufm-UXxZZ8wRGQeoCRAVr7Pxq0ZJhQE/view,,2026-05-14T15:37:35.098267Z,9775e79f4d,9,class_m_6a698d04,sample_9775e79f4d.npz,m,vn/bang-chu-cai/m
a32b373010,6a698d04-19f5-4742-94dd-419deab85c49,m,M,vn,bang-chu-cai,camera,Minh,1778824957715,,,60,0,,dataset/features/vn/bang-chu-cai/class_m_6a698d04/sample_a32b373010.npz,features/vn/bang-chu-cai/class_m_6a698d04/sample_a32b373010.npz,https://drive.google.com/file/d/1LReSjM0wvH5sNGEnnicplN-b4cIhuSqr/view,,2026-05-15T07:56:15.351380Z,a32b373010,9,class_m_6a698d04,sample_a32b373010.npz,m,vn/bang-chu-cai/m
8841a96d17,6a698d04-19f5-4742-94dd-419deab85c49,m,M,vn,bang-chu-cai,camera,Trân,1778824957715,,,60,0,,dataset/features/vn/bang-chu-cai/class_m_6a698d04/sample_8841a96d17.npz,features/vn/bang-chu-cai/class_m_6a698d04/sample_8841a96d17.npz,https://drive.google.com/file/d/1PCog37fbtfoJEft7geoLaMpymAQoyNNJ/view,,2026-05-15T07:53:01.365008Z,8841a96d17,9,class_m_6a698d04,sample_8841a96d17.npz,m,vn/bang-chu-cai/m
ed61346d0d,6a698d04-19f5-4742-94dd-419deab85c49,m,M,vn,bang-chu-cai,camera,Minh,1778824957715,,,60,0,,dataset/features/vn/bang-chu-cai/class_m_6a698d04/sample_ed61346d0d.npz,features/vn/bang-chu-cai/class_m_6a698d04/sample_ed61346d0d.npz,https://drive.google.com/file/d/1CBjggcNSu_sR7p4uSyGoUTyS5gAA0jeJ/view,,2026-05-15T07:56:26.817168Z,ed61346d0d,9,class_m_6a698d04,sample_ed61346d0d.npz,m,vn/bang-chu-cai/m
fc66eb410d,6a698d04-19f5-4742-94dd-419deab85c49,m,M,vn,bang-chu-cai,camera,Trân,1778824957715,,,60,0,,dataset/features/vn/bang-chu-cai/class_m_6a698d04/sample_fc66eb410d.npz,features/vn/bang-chu-cai/class_m_6a698d04/sample_fc66eb410d.npz,https://drive.google.com/file/d/1a_SkKU7kMNQuGeAAAYGyWkz7wwT2bGfn/view,,2026-05-15T07:51:44.843058Z,fc66eb410d,9,class_m_6a698d04,sample_fc66eb410d.npz,m,vn/bang-chu-cai/m
d1a433b96f,6a698d04-19f5-4742-94dd-419deab85c49,m,M,vn,bang-chu-cai,camera,Minh,1778824957715,,,60,0,,dataset/features/vn/bang-chu-cai/class_m_6a698d04/sample_d1a433b96f.npz,features/vn/bang-chu-cai/class_m_6a698d04/sample_d1a433b96f.npz,https://drive.google.com/file/d/1--xk36gqpMP0TbbIsVQgZSMK1VBC4XzE/view,,2026-05-15T07:54:49.390230Z,d1a433b96f,9,class_m_6a698d04,sample_d1a433b96f.npz,m,vn/bang-chu-cai/m
ab81f1e93c,6a698d04-19f5-4742-94dd-419deab85c49,m,M,vn,bang-chu-cai,camera,Trân,1778824957715,,,60,0,,dataset/features/vn/bang-chu-cai/class_m_6a698d04/sample_ab81f1e93c.npz,features/vn/bang-chu-cai/class_m_6a698d04/sample_ab81f1e93c.npz,https://drive.google.com/file/d/1nf-hfTkooIi24GZkmy37qOwRIql0XDtB/view,,2026-05-15T07:51:56.184632Z,ab81f1e93c,9,class_m_6a698d04,sample_ab81f1e93c.npz,m,vn/bang-chu-cai/m
f5680dcaf6,6a698d04-19f5-4742-94dd-419deab85c49,m,M,vn,bang-chu-cai,camera,Minh,1778824957715,,,60,0,,dataset/features/vn/bang-chu-cai/class_m_6a698d04/sample_f5680dcaf6.npz,features/vn/bang-chu-cai/class_m_6a698d04/sample_f5680dcaf6.npz,https://drive.google.com/file/d/1qSsNFbbdMdzxpxAGZcf5dyJN__y26eIr/view,,2026-05-15T07:55:52.538217Z,f5680dcaf6,9,class_m_6a698d04,sample_f5680dcaf6.npz,m,vn/bang-chu-cai/m
162c0bc204,6a698d04-19f5-4742-94dd-419deab85c49,m,M,vn,bang-chu-cai,camera,Minh,1778824957715,,,60,0,,dataset/features/vn/bang-chu-cai/class_m_6a698d04/sample_162c0bc204.npz,features/vn/bang-chu-cai/class_m_6a698d04/sample_162c0bc204.npz,https://drive.google.com/file/d/1i9r9mrZ60MntAxINNlJRZ4jQuiny85I3/view,,2026-05-15T07:55:12.050407Z,162c0bc204,9,class_m_6a698d04,sample_162c0bc204.npz,m,vn/bang-chu-cai/m
9e1cb9f574,6a698d04-19f5-4742-94dd-419deab85c49,m,M,vn,bang-chu-cai,camera,Trân,1778824957715,,,60,0,,dataset/features/vn/bang-chu-cai/class_m_6a698d04/sample_9e1cb9f574.npz,features/vn/bang-chu-cai/class_m_6a698d04/sample_9e1cb9f574.npz,https://drive.google.com/file/d/17dfWg2BzhyMghLkGgkbPwFIOZCP4CzaL/view,,2026-05-15T07:53:51.606700Z,9e1cb9f574,9,class_m_6a698d04,sample_9e1cb9f574.npz,m,vn/bang-chu-cai/m
b6478434a5,6a698d04-19f5-4742-94dd-419deab85c49,m,M,vn,bang-chu-cai,camera,Minh,1778824957715,,,60,0,,dataset/features/vn/bang-chu-cai/class_m_6a698d04/sample_b6478434a5.npz,features/vn/bang-chu-cai/class_m_6a698d04/sample_b6478434a5.npz,https://drive.google.com/file/d/1vVCIoT7svNNdOLoZYO-VdPV1d5gvQ8Sq/view,,2026-05-15T07:55:23.375452Z,b6478434a5,9,class_m_6a698d04,sample_b6478434a5.npz,m,vn/bang-chu-cai/m
1f5ddcbf9e,6a698d04-19f5-4742-94dd-419deab85c49,m,M,vn,bang-chu-cai,camera,Ảnh,1778779201800,,,60,0,,dataset/features/vn/bang-chu-cai/class_m_6a698d04/sample_1f5ddcbf9e.npz,features/vn/bang-chu-cai/class_m_6a698d04/sample_1f5ddcbf9e.npz,https://drive.google.com/file/d/11Hmfu8KbKxShCztBi0fzCpONgZGWAYpH/view,,2026-05-14T15:37:07.281624Z,1f5ddcbf9e,9,class_m_6a698d04,sample_1f5ddcbf9e.npz,m,vn/bang-chu-cai/m
ac1f6750e4,6a698d04-19f5-4742-94dd-419deab85c49,m,M,vn,bang-chu-cai,camera,Ảnh,1778779201800,,,60,0,,dataset/features/vn/bang-chu-cai/class_m_6a698d04/sample_ac1f6750e4.npz,features/vn/bang-chu-cai/class_m_6a698d04/sample_ac1f6750e4.npz,https://drive.google.com/file/d/15enMAos-eQkM9TFF56jfDSGXKGdGSJUM/view,,2026-05-14T15:37:21.133088Z,ac1f6750e4,9,class_m_6a698d04,sample_ac1f6750e4.npz,m,vn/bang-chu-cai/m
bfd534d5a0,07ab9408-4fc6-42ac-a41f-9ad289b91969,n,N,vn,bang-chu-cai,camera,Ảnh,1778779201800,,,60,0,,dataset/features/vn/bang-chu-cai/class_n_07ab9408/sample_bfd534d5a0.npz,features/vn/bang-chu-cai/class_n_07ab9408/sample_bfd534d5a0.npz,https://drive.google.com/file/d/1FNIgsAXRUVcoOK42BHYcXpe-IHdUHFxs/view,,2026-05-14T15:39:39.155455Z,bfd534d5a0,10,class_n_07ab9408,sample_bfd534d5a0.npz,n,vn/bang-chu-cai/n
9be2e3a897,07ab9408-4fc6-42ac-a41f-9ad289b91969,n,N,vn,bang-chu-cai,camera,Trân,1778824957715,,,60,0,,dataset/features/vn/bang-chu-cai/class_n_07ab9408/sample_9be2e3a897.npz,features/vn/bang-chu-cai/class_n_07ab9408/sample_9be2e3a897.npz,https://drive.google.com/file/d/1PQeHwHNUd-qTGXQekUlT8GfPI1Epn_cL/view,,2026-05-15T08:00:20.262035Z,9be2e3a897,10,class_n_07ab9408,sample_9be2e3a897.npz,n,vn/bang-chu-cai/n
6b2f9332aa,07ab9408-4fc6-42ac-a41f-9ad289b91969,n,N,vn,bang-chu-cai,camera,Trân,1778824957715,,,60,0,,dataset/features/vn/bang-chu-cai/class_n_07ab9408/sample_6b2f9332aa.npz,features/vn/bang-chu-cai/class_n_07ab9408/sample_6b2f9332aa.npz,https://drive.google.com/file/d/1P5FcQ3o67oFyLrwBsagF0JzUeEZCxLBG/view,,2026-05-15T07:57:43.159251Z,6b2f9332aa,10,class_n_07ab9408,sample_6b2f9332aa.npz,n,vn/bang-chu-cai/n
df1c5403f2,07ab9408-4fc6-42ac-a41f-9ad289b91969,n,N,vn,bang-chu-cai,camera,Trân,1778824957715,,,60,0,,dataset/features/vn/bang-chu-cai/class_n_07ab9408/sample_df1c5403f2.npz,features/vn/bang-chu-cai/class_n_07ab9408/sample_df1c5403f2.npz,https://drive.google.com/file/d/1ucO9VR0c50Eb3lJAJnQj_Pbr_gbxt8Rk/view,,2026-05-15T07:59:37.578539Z,df1c5403f2,10,class_n_07ab9408,sample_df1c5403f2.npz,n,vn/bang-chu-cai/n
c6a0527077,07ab9408-4fc6-42ac-a41f-9ad289b91969,n,N,vn,bang-chu-cai,camera,Trân,1778824957715,,,60,0,,dataset/features/vn/bang-chu-cai/class_n_07ab9408/sample_c6a0527077.npz,features/vn/bang-chu-cai/class_n_07ab9408/sample_c6a0527077.npz,https://drive.google.com/file/d/1nmAttij78PCjhuH3gNJPnrautCN14RV3/view,,2026-05-15T07:57:07.881322Z,c6a0527077,10,class_n_07ab9408,sample_c6a0527077.npz,n,vn/bang-chu-cai/n
4e2b2cc3db,07ab9408-4fc6-42ac-a41f-9ad289b91969,n,N,vn,bang-chu-cai,camera,Trân,1778824957715,,,60,0,,dataset/features/vn/bang-chu-cai/class_n_07ab9408/sample_4e2b2cc3db.npz,features/vn/bang-chu-cai/class_n_07ab9408/sample_4e2b2cc3db.npz,https://drive.google.com/file/d/1wDUqkQFJiigcjiZGDLhvvxms3hgLi0fb/view,,2026-05-15T08:01:06.403057Z,4e2b2cc3db,10,class_n_07ab9408,sample_4e2b2cc3db.npz,n,vn/bang-chu-cai/n
49e3610c74,07ab9408-4fc6-42ac-a41f-9ad289b91969,n,N,vn,bang-chu-cai,camera,Trân,1778824957715,,,60,0,,dataset/features/vn/bang-chu-cai/class_n_07ab9408/sample_49e3610c74.npz,features/vn/bang-chu-cai/class_n_07ab9408/sample_49e3610c74.npz,https://drive.google.com/file/d/1BoaO4LYX9gkV7VvduORFPAiyZo9WTcQ7/view,,2026-05-15T07:59:25.226807Z,49e3610c74,10,class_n_07ab9408,sample_49e3610c74.npz,n,vn/bang-chu-cai/n
7291903847,07ab9408-4fc6-42ac-a41f-9ad289b91969,n,N,vn,bang-chu-cai,camera,Ảnh,1778779201800,,,60,0,,dataset/features/vn/bang-chu-cai/class_n_07ab9408/sample_7291903847.npz,features/vn/bang-chu-cai/class_n_07ab9408/sample_7291903847.npz,https://drive.google.com/file/d/1dQCUhKtWdfdCN9NV6l9laj1bL0QXKgcy/view,,2026-05-14T15:39:23.950606Z,7291903847,10,class_n_07ab9408,sample_7291903847.npz,n,vn/bang-chu-cai/n
b0faf35450,07ab9408-4fc6-42ac-a41f-9ad289b91969,n,N,vn,bang-chu-cai,camera,Minh,1778824957715,,,60,0,,dataset/features/vn/bang-chu-cai/class_n_07ab9408/sample_b0faf35450.npz,features/vn/bang-chu-cai/class_n_07ab9408/sample_b0faf35450.npz,https://drive.google.com/file/d/1d2Vceae4sgJXHv6vS7eMKpk8MtCBKTMK/view,,2026-05-15T08:02:07.750907Z,b0faf35450,10,class_n_07ab9408,sample_b0faf35450.npz,n,vn/bang-chu-cai/n
ea9d3284df,07ab9408-4fc6-42ac-a41f-9ad289b91969,n,N,vn,bang-chu-cai,camera,Ảnh,1778779201800,,,60,0,,dataset/features/vn/bang-chu-cai/class_n_07ab9408/sample_ea9d3284df.npz,features/vn/bang-chu-cai/class_n_07ab9408/sample_ea9d3284df.npz,https://drive.google.com/file/d/14e3N4ciAGt6epoGEct97DdsZygAF-73H/view,,2026-05-14T15:39:08.700308Z,ea9d3284df,10,class_n_07ab9408,sample_ea9d3284df.npz,n,vn/bang-chu-cai/n
7bd345ed2a,07ab9408-4fc6-42ac-a41f-9ad289b91969,n,N,vn,bang-chu-cai,camera,Ảnh,1778779201800,,,60,0,,dataset/features/vn/bang-chu-cai/class_n_07ab9408/sample_7bd345ed2a.npz,features/vn/bang-chu-cai/class_n_07ab9408/sample_7bd345ed2a.npz,https://drive.google.com/file/d/178z26HU0i5cB8gg0SO3YyvHk9EsHE4FV/view,,2026-05-14T15:40:09.308001Z,7bd345ed2a,10,class_n_07ab9408,sample_7bd345ed2a.npz,n,vn/bang-chu-cai/n
c50aeb9116,07ab9408-4fc6-42ac-a41f-9ad289b91969,n,N,vn,bang-chu-cai,camera,Trân,1778824957715,,,60,0,,dataset/features/vn/bang-chu-cai/class_n_07ab9408/sample_c50aeb9116.npz,features/vn/bang-chu-cai/class_n_07ab9408/sample_c50aeb9116.npz,https://drive.google.com/file/d/1Y0WUoxZAKJVlOAL8-qhoAiDbwmqQ2Jbu/view,,2026-05-15T08:00:43.258410Z,c50aeb9116,10,class_n_07ab9408,sample_c50aeb9116.npz,n,vn/bang-chu-cai/n
0af07345b7,07ab9408-4fc6-42ac-a41f-9ad289b91969,n,N,vn,bang-chu-cai,camera,Minh,1778824957715,,,60,0,,dataset/features/vn/bang-chu-cai/class_n_07ab9408/sample_0af07345b7.npz,features/vn/bang-chu-cai/class_n_07ab9408/sample_0af07345b7.npz,https://drive.google.com/file/d/1ZxnRkbEp0iQdy2Mabj7v6v2k67Luzx6n/view,,2026-05-15T08:01:45.219948Z,0af07345b7,10,class_n_07ab9408,sample_0af07345b7.npz,n,vn/bang-chu-cai/n
a0ef03744c,07ab9408-4fc6-42ac-a41f-9ad289b91969,n,N,vn,bang-chu-cai,camera,Minh,1778824957715,,,60,0,,dataset/features/vn/bang-chu-cai/class_n_07ab9408/sample_a0ef03744c.npz,features/vn/bang-chu-cai/class_n_07ab9408/sample_a0ef03744c.npz,https://drive.google.com/file/d/1fwmq0J6r1GOKMNUS3it4gtb5zVkf6_dK/view,,2026-05-15T08:01:22.427429Z,a0ef03744c,10,class_n_07ab9408,sample_a0ef03744c.npz,n,vn/bang-chu-cai/n
ef2cb61124,07ab9408-4fc6-42ac-a41f-9ad289b91969,n,N,vn,bang-chu-cai,camera,Trân,1778824957715,,,60,0,,dataset/features/vn/bang-chu-cai/class_n_07ab9408/sample_ef2cb61124.npz,features/vn/bang-chu-cai/class_n_07ab9408/sample_ef2cb61124.npz,https://drive.google.com/file/d/1pvS1OyTBAAJXmPelOrzMI3rfLUKjSe6x/view,,2026-05-15T07:57:19.704911Z,ef2cb61124,10,class_n_07ab9408,sample_ef2cb61124.npz,n,vn/bang-chu-cai/n
9f2a277009,07ab9408-4fc6-42ac-a41f-9ad289b91969,n,N,vn,bang-chu-cai,camera,Minh,1778824957715,,,60,0,,dataset/features/vn/bang-chu-cai/class_n_07ab9408/sample_9f2a277009.npz,features/vn/bang-chu-cai/class_n_07ab9408/sample_9f2a277009.npz,https://drive.google.com/file/d/15Aa2uWv7OMnJ1LoaBwT_H3TjmRUaVGGA/view,,2026-05-15T08:01:56.630826Z,9f2a277009,10,class_n_07ab9408,sample_9f2a277009.npz,n,vn/bang-chu-cai/n
0f262c34c2,07ab9408-4fc6-42ac-a41f-9ad289b91969,n,N,vn,bang-chu-cai,camera,Trân,1778824957715,,,60,0,,dataset/features/vn/bang-chu-cai/class_n_07ab9408/sample_0f262c34c2.npz,features/vn/bang-chu-cai/class_n_07ab9408/sample_0f262c34c2.npz,https://drive.google.com/file/d/1lur2Zyc42_mruPvJW9DIVtRIljoITqtG/view,,2026-05-15T08:00:54.606615Z,0f262c34c2,10,class_n_07ab9408,sample_0f262c34c2.npz,n,vn/bang-chu-cai/n
f2488dc722,07ab9408-4fc6-42ac-a41f-9ad289b91969,n,N,vn,bang-chu-cai,camera,Trân,1778824957715,,,60,0,,dataset/features/vn/bang-chu-cai/class_n_07ab9408/sample_f2488dc722.npz,features/vn/bang-chu-cai/class_n_07ab9408/sample_f2488dc722.npz,https://drive.google.com/file/d/1aWdx1-8Qb7WidiyK9wtPNyiw0LUuTU85/view,,2026-05-15T08:00:01.358031Z,f2488dc722,10,class_n_07ab9408,sample_f2488dc722.npz,n,vn/bang-chu-cai/n
9d656d8f94,0cebb97d-5300-4297-952e-601fde506004,o,O,vn,bang-chu-cai,camera,Trân,1778824957715,,,60,0,,dataset/features/vn/bang-chu-cai/class_o_0cebb97d/sample_9d656d8f94.npz,features/vn/bang-chu-cai/class_o_0cebb97d/sample_9d656d8f94.npz,https://drive.google.com/file/d/1kaMj_uu_TniF-7X_RksCPfNDAgw15LxE/view,,2026-05-15T08:02:25.624106Z,9d656d8f94,11,class_o_0cebb97d,sample_9d656d8f94.npz,o,vn/bang-chu-cai/o
98db7e8232,0cebb97d-5300-4297-952e-601fde506004,o,O,vn,bang-chu-cai,camera,Trân,1778824957715,,,60,0,,dataset/features/vn/bang-chu-cai/class_o_0cebb97d/sample_98db7e8232.npz,features/vn/bang-chu-cai/class_o_0cebb97d/sample_98db7e8232.npz,https://drive.google.com/file/d/1_m7-rTeTentQZjwZg3SzNQZ1uU4BttFT/view,,2026-05-15T08:05:13.741422Z,98db7e8232,11,class_o_0cebb97d,sample_98db7e8232.npz,o,vn/bang-chu-cai/o
76a3e98b4f,0cebb97d-5300-4297-952e-601fde506004,o,O,vn,bang-chu-cai,camera,Ảnh,1778779201800,,,60,0,,dataset/features/vn/bang-chu-cai/class_o_0cebb97d/sample_76a3e98b4f.npz,features/vn/bang-chu-cai/class_o_0cebb97d/sample_76a3e98b4f.npz,https://drive.google.com/file/d/1p9SHHLzpg0Lik1wO0ChWsVlfutjlQyR_/view,,2026-05-14T15:50:21.644967Z,76a3e98b4f,11,class_o_0cebb97d,sample_76a3e98b4f.npz,o,vn/bang-chu-cai/o
ccf0a35a78,0cebb97d-5300-4297-952e-601fde506004,o,O,vn,bang-chu-cai,camera,Trân,1778824957715,,,60,0,,dataset/features/vn/bang-chu-cai/class_o_0cebb97d/sample_ccf0a35a78.npz,features/vn/bang-chu-cai/class_o_0cebb97d/sample_ccf0a35a78.npz,https://drive.google.com/file/d/114IFjOkqy94jfehhhi-z-L73BseKRzVA/view,,2026-05-15T08:06:18.495561Z,ccf0a35a78,11,class_o_0cebb97d,sample_ccf0a35a78.npz,o,vn/bang-chu-cai/o
fc8dafce73,0cebb97d-5300-4297-952e-601fde506004,o,O,vn,bang-chu-cai,camera,Trân,1778824957715,,,60,0,,dataset/features/vn/bang-chu-cai/class_o_0cebb97d/sample_fc8dafce73.npz,features/vn/bang-chu-cai/class_o_0cebb97d/sample_fc8dafce73.npz,https://drive.google.com/file/d/10BLU35ZG_DaugGNr2Z0R8oqZac-MnGkh/view,,2026-05-15T08:05:25.116959Z,fc8dafce73,11,class_o_0cebb97d,sample_fc8dafce73.npz,o,vn/bang-chu-cai/o
4f5e277dc3,0cebb97d-5300-4297-952e-601fde506004,o,O,vn,bang-chu-cai,camera,Ảnh,1778779201800,,,60,0,,dataset/features/vn/bang-chu-cai/class_o_0cebb97d/sample_4f5e277dc3.npz,features/vn/bang-chu-cai/class_o_0cebb97d/sample_4f5e277dc3.npz,https://drive.google.com/file/d/14ml03MfbZj2YZP9dq5kiZi4WgxicI192/view,,2026-05-14T15:49:40.741383Z,4f5e277dc3,11,class_o_0cebb97d,sample_4f5e277dc3.npz,o,vn/bang-chu-cai/o
4d0becb155,0cebb97d-5300-4297-952e-601fde506004,o,O,vn,bang-chu-cai,camera,Trân,1778824957715,,,60,0,,dataset/features/vn/bang-chu-cai/class_o_0cebb97d/sample_4d0becb155.npz,features/vn/bang-chu-cai/class_o_0cebb97d/sample_4d0becb155.npz,https://drive.google.com/file/d/1QxZx04kNIEJ5GLA1z04Q8GMDE87s83_a/view,,2026-05-15T08:03:00.465476Z,4d0becb155,11,class_o_0cebb97d,sample_4d0becb155.npz,o,vn/bang-chu-cai/o
7a9e2add0e,0cebb97d-5300-4297-952e-601fde506004,o,O,vn,bang-chu-cai,camera,Trân,1778824957715,,,60,0,,dataset/features/vn/bang-chu-cai/class_o_0cebb97d/sample_7a9e2add0e.npz,features/vn/bang-chu-cai/class_o_0cebb97d/sample_7a9e2add0e.npz,https://drive.google.com/file/d/1BiKX88Bm_drKdDdPfVsFjrCvRqbbRILr/view,,2026-05-15T08:04:17.962900Z,7a9e2add0e,11,class_o_0cebb97d,sample_7a9e2add0e.npz,o,vn/bang-chu-cai/o
8da878edb9,0cebb97d-5300-4297-952e-601fde506004,o,O,vn,bang-chu-cai,camera,Trân,1778824957715,,,60,0,,dataset/features/vn/bang-chu-cai/class_o_0cebb97d/sample_8da878edb9.npz,features/vn/bang-chu-cai/class_o_0cebb97d/sample_8da878edb9.npz,https://drive.google.com/file/d/1cMOtpki3AdFV44Ur9H9aPE1UyJYo6b1B/view,,2026-05-15T08:05:02.018740Z,8da878edb9,11,class_o_0cebb97d,sample_8da878edb9.npz,o,vn/bang-chu-cai/o
739a6e8277,0cebb97d-5300-4297-952e-601fde506004,o,O,vn,bang-chu-cai,camera,Trân,1778824957715,,,60,0,,dataset/features/vn/bang-chu-cai/class_o_0cebb97d/sample_739a6e8277.npz,features/vn/bang-chu-cai/class_o_0cebb97d/sample_739a6e8277.npz,https://drive.google.com/file/d/1hKdnVOMzJ-LV_bf-I6-6JhIfGw4fieaZ/view,,2026-05-15T08:03:42.853466Z,739a6e8277,11,class_o_0cebb97d,sample_739a6e8277.npz,o,vn/bang-chu-cai/o
ebfd1eb6a9,0cebb97d-5300-4297-952e-601fde506004,o,O,vn,bang-chu-cai,camera,Trân,1778824957715,,,60,0,,dataset/features/vn/bang-chu-cai/class_o_0cebb97d/sample_ebfd1eb6a9.npz,features/vn/bang-chu-cai/class_o_0cebb97d/sample_ebfd1eb6a9.npz,https://drive.google.com/file/d/1-BhEPE76ghGBMdzqNAHGTNDuxw5ECpU2/view,,2026-05-15T08:04:06.361836Z,ebfd1eb6a9,11,class_o_0cebb97d,sample_ebfd1eb6a9.npz,o,vn/bang-chu-cai/o
7e1c1d7480,0cebb97d-5300-4297-952e-601fde506004,o,O,vn,bang-chu-cai,camera,Ảnh,1778779201800,,,60,0,,dataset/features/vn/bang-chu-cai/class_o_0cebb97d/sample_7e1c1d7480.npz,features/vn/bang-chu-cai/class_o_0cebb97d/sample_7e1c1d7480.npz,https://drive.google.com/file/d/1V_xf5SwImoVJsk-D6RMYj4js1XQG6Qm_/view,,2026-05-14T15:50:07.953989Z,7e1c1d7480,11,class_o_0cebb97d,sample_7e1c1d7480.npz,o,vn/bang-chu-cai/o
ba5390c00c,0cebb97d-5300-4297-952e-601fde506004,o,O,vn,bang-chu-cai,camera,Trân,1778824957715,,,60,0,,dataset/features/vn/bang-chu-cai/class_o_0cebb97d/sample_ba5390c00c.npz,features/vn/bang-chu-cai/class_o_0cebb97d/sample_ba5390c00c.npz,https://drive.google.com/file/d/19eXnVswIkUc7SrGJKeTmGKj8oxD9ulUH/view,,2026-05-15T08:03:54.713968Z,ba5390c00c,11,class_o_0cebb97d,sample_ba5390c00c.npz,o,vn/bang-chu-cai/o
90faf0c9f5,0cebb97d-5300-4297-952e-601fde506004,o,O,vn,bang-chu-cai,camera,Trân,1778824957715,,,60,0,,dataset/features/vn/bang-chu-cai/class_o_0cebb97d/sample_90faf0c9f5.npz,features/vn/bang-chu-cai/class_o_0cebb97d/sample_90faf0c9f5.npz,https://drive.google.com/file/d/1LbTnT2bhfKx777Wa-L4qVt3jNFEGvZX8/view,,2026-05-15T08:03:31.269855Z,90faf0c9f5,11,class_o_0cebb97d,sample_90faf0c9f5.npz,o,vn/bang-chu-cai/o
f2c0d6f6f6,0cebb97d-5300-4297-952e-601fde506004,o,O,vn,bang-chu-cai,camera,Minh,1778824957715,,,60,0,,dataset/features/vn/bang-chu-cai/class_o_0cebb97d/sample_f2c0d6f6f6.npz,features/vn/bang-chu-cai/class_o_0cebb97d/sample_f2c0d6f6f6.npz,https://drive.google.com/file/d/1NZ3N3Uvs2daUY2wv2nTq8usiUOm8eS1Y/view,,2026-05-15T08:07:12.411249Z,f2c0d6f6f6,11,class_o_0cebb97d,sample_f2c0d6f6f6.npz,o,vn/bang-chu-cai/o
07a6c44e13,0cebb97d-5300-4297-952e-601fde506004,o,O,vn,bang-chu-cai,camera,Trân,1778824957715,,,60,0,,dataset/features/vn/bang-chu-cai/class_o_0cebb97d/sample_07a6c44e13.npz,features/vn/bang-chu-cai/class_o_0cebb97d/sample_07a6c44e13.npz,https://drive.google.com/file/d/1C6M1nPUgOTNIw6rvbs7meYzyeu_0jq9Z/view,,2026-05-15T08:03:11.765205Z,07a6c44e13,11,class_o_0cebb97d,sample_07a6c44e13.npz,o,vn/bang-chu-cai/o
8284e3b42e,0cebb97d-5300-4297-952e-601fde506004,o,O,vn,bang-chu-cai,camera,Trân,1778824957715,,,60,0,,dataset/features/vn/bang-chu-cai/class_o_0cebb97d/sample_8284e3b42e.npz,features/vn/bang-chu-cai/class_o_0cebb97d/sample_8284e3b42e.npz,https://drive.google.com/file/d/1vDJN5FZx4NejgrAKR5ZR69TBUzlUQxeI/view,,2026-05-15T08:02:48.946615Z,8284e3b42e,11,class_o_0cebb97d,sample_8284e3b42e.npz,o,vn/bang-chu-cai/o
1fa96a5196,0cebb97d-5300-4297-952e-601fde506004,o,O,vn,bang-chu-cai,camera,Trân,1778824957715,,,60,0,,dataset/features/vn/bang-chu-cai/class_o_0cebb97d/sample_1fa96a5196.npz,features/vn/bang-chu-cai/class_o_0cebb97d/sample_1fa96a5196.npz,https://drive.google.com/file/d/1i2prLjN7kNLViaNbzu9oBki9PAjeiz5n/view,,2026-05-15T08:05:55.890192Z,1fa96a5196,11,class_o_0cebb97d,sample_1fa96a5196.npz,o,vn/bang-chu-cai/o
9a4d0676c8,0cebb97d-5300-4297-952e-601fde506004,o,O,vn,bang-chu-cai,camera,Minh,1778824957715,,,60,0,,dataset/features/vn/bang-chu-cai/class_o_0cebb97d/sample_9a4d0676c8.npz,features/vn/bang-chu-cai/class_o_0cebb97d/sample_9a4d0676c8.npz,https://drive.google.com/file/d/18TcbkzMKCw6vz0dBwIV07t9E9x4nQ0do/view,,2026-05-15T08:06:41.886083Z,9a4d0676c8,11,class_o_0cebb97d,sample_9a4d0676c8.npz,o,vn/bang-chu-cai/o
f8e04cca22,0cebb97d-5300-4297-952e-601fde506004,o,O,vn,bang-chu-cai,camera,Trân,1778824957715,,,60,0,,dataset/features/vn/bang-chu-cai/class_o_0cebb97d/sample_f8e04cca22.npz,features/vn/bang-chu-cai/class_o_0cebb97d/sample_f8e04cca22.npz,https://drive.google.com/file/d/1uoeZmuRxsO5sMO7CPkSvp0EulEUHG3oW/view,,2026-05-15T08:06:07.249529Z,f8e04cca22,11,class_o_0cebb97d,sample_f8e04cca22.npz,o,vn/bang-chu-cai/o
88f93739c8,bd134d66-3e4b-4273-a8cf-8e33966c8cbd,p,P,vn,bang-chu-cai,camera,Ảnh,1778779201800,,,60,0,,dataset/features/vn/bang-chu-cai/class_p_bd134d66/sample_88f93739c8.npz,features/vn/bang-chu-cai/class_p_bd134d66/sample_88f93739c8.npz,https://drive.google.com/file/d/1RVu3MESxgzjAm5ld0jXtuAiteO4Pvdn6/view,,2026-05-14T15:51:32.760465Z,88f93739c8,12,class_p_bd134d66,sample_88f93739c8.npz,p,vn/bang-chu-cai/p
5cbdaf043d,bd134d66-3e4b-4273-a8cf-8e33966c8cbd,p,P,vn,bang-chu-cai,camera,Ảnh,1778779201800,,,60,0,,dataset/features/vn/bang-chu-cai/class_p_bd134d66/sample_5cbdaf043d.npz,features/vn/bang-chu-cai/class_p_bd134d66/sample_5cbdaf043d.npz,https://drive.google.com/file/d/1xLuv3VZj_PtlrvZntjePC7Z3M4VEaSvX/view,,2026-05-14T15:51:05.989366Z,5cbdaf043d,12,class_p_bd134d66,sample_5cbdaf043d.npz,p,vn/bang-chu-cai/p
690286dfaa,bd134d66-3e4b-4273-a8cf-8e33966c8cbd,p,P,vn,bang-chu-cai,camera,Ảnh,1778779201800,,,60,0,,dataset/features/vn/bang-chu-cai/class_p_bd134d66/sample_690286dfaa.npz,features/vn/bang-chu-cai/class_p_bd134d66/sample_690286dfaa.npz,https://drive.google.com/file/d/1xuVwK2qCpkgEP0ZSX4PW_yzJ7bazcxq9/view,,2026-05-14T15:51:19.442506Z,690286dfaa,12,class_p_bd134d66,sample_690286dfaa.npz,p,vn/bang-chu-cai/p
b5741e8aef,bd134d66-3e4b-4273-a8cf-8e33966c8cbd,p,P,vn,bang-chu-cai,camera,Ảnh,1778779201800,,,60,0,,dataset/features/vn/bang-chu-cai/class_p_bd134d66/sample_b5741e8aef.npz,features/vn/bang-chu-cai/class_p_bd134d66/sample_b5741e8aef.npz,https://drive.google.com/file/d/1A8M1W5drHFQqZe1zkhU3JVQeEezo3X3d/view,,2026-05-14T15:51:46.233953Z,b5741e8aef,12,class_p_bd134d66,sample_b5741e8aef.npz,p,vn/bang-chu-cai/p
902e1f9d42,795eec29-34d7-4b23-aba9-89cab7a5deec,q,Q,vn,bang-chu-cai,camera,Ảnh,1778779201800,,,60,0,,dataset/features/vn/bang-chu-cai/class_q_795eec29/sample_902e1f9d42.npz,features/vn/bang-chu-cai/class_q_795eec29/sample_902e1f9d42.npz,https://drive.google.com/file/d/1uv_e-o6m2EdEgHnAIjEJ6Mz7b7V9KuZd/view,,2026-05-14T16:00:47.463360Z,902e1f9d42,13,class_q_795eec29,sample_902e1f9d42.npz,q,vn/bang-chu-cai/q
6a37d87ab2,795eec29-34d7-4b23-aba9-89cab7a5deec,q,Q,vn,bang-chu-cai,camera,Ảnh,1778779201800,,,60,0,,dataset/features/vn/bang-chu-cai/class_q_795eec29/sample_6a37d87ab2.npz,features/vn/bang-chu-cai/class_q_795eec29/sample_6a37d87ab2.npz,https://drive.google.com/file/d/1_3-q7CW3k9BJieNulTzlYeP4kiGuk69L/view,,2026-05-14T16:01:14.683737Z,6a37d87ab2,13,class_q_795eec29,sample_6a37d87ab2.npz,q,vn/bang-chu-cai/q
8c23ecf727,795eec29-34d7-4b23-aba9-89cab7a5deec,q,Q,vn,bang-chu-cai,camera,Ảnh,1778779201800,,,60,0,,dataset/features/vn/bang-chu-cai/class_q_795eec29/sample_8c23ecf727.npz,features/vn/bang-chu-cai/class_q_795eec29/sample_8c23ecf727.npz,https://drive.google.com/file/d/1IKYLNiNTAZpepURSEpXjT2pVeirzUc1v/view,,2026-05-14T16:00:34.081023Z,8c23ecf727,13,class_q_795eec29,sample_8c23ecf727.npz,q,vn/bang-chu-cai/q
bcef15290f,795eec29-34d7-4b23-aba9-89cab7a5deec,q,Q,vn,bang-chu-cai,camera,Ảnh,1778779201800,,,60,0,,dataset/features/vn/bang-chu-cai/class_q_795eec29/sample_bcef15290f.npz,features/vn/bang-chu-cai/class_q_795eec29/sample_bcef15290f.npz,https://drive.google.com/file/d/17BJjspoDby-5-_sP2yy5_v8W8QSCiKAh/view,,2026-05-14T16:01:28.144794Z,bcef15290f,13,class_q_795eec29,sample_bcef15290f.npz,q,vn/bang-chu-cai/q
cdb3f37a5b,3a9d324b-5e21-4bc1-8cc1-7de8346b85b8,r,R,vn,bang-chu-cai,camera,Ảnh,1778779201800,,,60,0,,dataset/features/vn/bang-chu-cai/class_r_3a9d324b/sample_cdb3f37a5b.npz,features/vn/bang-chu-cai/class_r_3a9d324b/sample_cdb3f37a5b.npz,https://drive.google.com/file/d/1s9qGbpCbDVTwcY663qPttVrKW39eDmT2/view,,2026-05-14T16:02:07.887741Z,cdb3f37a5b,14,class_r_3a9d324b,sample_cdb3f37a5b.npz,r,vn/bang-chu-cai/r
a14b88193a,3a9d324b-5e21-4bc1-8cc1-7de8346b85b8,r,R,vn,bang-chu-cai,camera,Ảnh,1778779201800,,,60,0,,dataset/features/vn/bang-chu-cai/class_r_3a9d324b/sample_a14b88193a.npz,features/vn/bang-chu-cai/class_r_3a9d324b/sample_a14b88193a.npz,https://drive.google.com/file/d/1LCL4rz_X8FtZjd4aYfumE0TI-WKZ0lHP/view,,2026-05-14T16:02:50.104432Z,a14b88193a,14,class_r_3a9d324b,sample_a14b88193a.npz,r,vn/bang-chu-cai/r
c154af2d61,3a9d324b-5e21-4bc1-8cc1-7de8346b85b8,r,R,vn,bang-chu-cai,camera,Ảnh,1778779201800,,,60,0,,dataset/features/vn/bang-chu-cai/class_r_3a9d324b/sample_c154af2d61.npz,features/vn/bang-chu-cai/class_r_3a9d324b/sample_c154af2d61.npz,https://drive.google.com/file/d/1_VnUVH045yhIcjcyXie1Gcioccpq07hc/view,,2026-05-14T16:02:36.239143Z,c154af2d61,14,class_r_3a9d324b,sample_c154af2d61.npz,r,vn/bang-chu-cai/r
e696bd101c,3a9d324b-5e21-4bc1-8cc1-7de8346b85b8,r,R,vn,bang-chu-cai,camera,Ảnh,1778779201800,,,60,0,,dataset/features/vn/bang-chu-cai/class_r_3a9d324b/sample_e696bd101c.npz,features/vn/bang-chu-cai/class_r_3a9d324b/sample_e696bd101c.npz,https://drive.google.com/file/d/1YFGAUnaN5FOW2Uq2s5EQmkxcbHc5sCZZ/view,,2026-05-14T16:02:22.061583Z,e696bd101c,14,class_r_3a9d324b,sample_e696bd101c.npz,r,vn/bang-chu-cai/r
b1d4d04b5e,86198dbe-45b0-40c6-903e-10bc99642571,s,S,vn,bang-chu-cai,camera,Ảnh,1778779201800,,,60,0,,dataset/features/vn/bang-chu-cai/class_s_86198dbe/sample_b1d4d04b5e.npz,features/vn/bang-chu-cai/class_s_86198dbe/sample_b1d4d04b5e.npz,https://drive.google.com/file/d/1ws0g7VSwDhEBe1GJlPEiVNCBJDyiCHwl/view,,2026-05-14T18:35:56.687399Z,b1d4d04b5e,15,class_s_86198dbe,sample_b1d4d04b5e.npz,s,vn/bang-chu-cai/s
3d5ee3e36a,86198dbe-45b0-40c6-903e-10bc99642571,s,S,vn,bang-chu-cai,camera,Ảnh,1778779201800,,,60,0,,dataset/features/vn/bang-chu-cai/class_s_86198dbe/sample_3d5ee3e36a.npz,features/vn/bang-chu-cai/class_s_86198dbe/sample_3d5ee3e36a.npz,https://drive.google.com/file/d/1oiclG6iqEBrvplt2Oj90Ffm6Z4aYSm9E/view,,2026-05-14T18:36:12.963532Z,3d5ee3e36a,15,class_s_86198dbe,sample_3d5ee3e36a.npz,s,vn/bang-chu-cai/s
9c37f8343a,86198dbe-45b0-40c6-903e-10bc99642571,s,S,vn,bang-chu-cai,camera,Ảnh,1778779201800,,,60,0,,dataset/features/vn/bang-chu-cai/class_s_86198dbe/sample_9c37f8343a.npz,features/vn/bang-chu-cai/class_s_86198dbe/sample_9c37f8343a.npz,https://drive.google.com/file/d/1ybuA8mqCWIwTVpj76ujLV5OfWS3qyiAM/view,,2026-05-14T18:36:28.855715Z,9c37f8343a,15,class_s_86198dbe,sample_9c37f8343a.npz,s,vn/bang-chu-cai/s
e0660d5e24,86198dbe-45b0-40c6-903e-10bc99642571,s,S,vn,bang-chu-cai,camera,Ảnh,1778779201800,,,60,0,,dataset/features/vn/bang-chu-cai/class_s_86198dbe/sample_e0660d5e24.npz,features/vn/bang-chu-cai/class_s_86198dbe/sample_e0660d5e24.npz,https://drive.google.com/file/d/1o1WzuMp47Gn9qa0JfQF5cxvtpKdX41L7/view,,2026-05-14T18:35:39.864051Z,e0660d5e24,15,class_s_86198dbe,sample_e0660d5e24.npz,s,vn/bang-chu-cai/s
b1434da4ba,42d9e7de-4628-40e2-b90b-a235d32e6632,t,T,vn,bang-chu-cai,camera,Ảnh,1778779201800,,,60,0,,dataset/features/vn/bang-chu-cai/class_t_42d9e7de/sample_b1434da4ba.npz,features/vn/bang-chu-cai/class_t_42d9e7de/sample_b1434da4ba.npz,https://drive.google.com/file/d/1EHtKxloVK8eahGT4i_EGFK_QSg6qSzwK/view,,2026-05-14T18:38:25.004444Z,b1434da4ba,16,class_t_42d9e7de,sample_b1434da4ba.npz,t,vn/bang-chu-cai/t
3cbfbbcac4,42d9e7de-4628-40e2-b90b-a235d32e6632,t,T,vn,bang-chu-cai,camera,Ảnh,1778779201800,,,60,0,,dataset/features/vn/bang-chu-cai/class_t_42d9e7de/sample_3cbfbbcac4.npz,features/vn/bang-chu-cai/class_t_42d9e7de/sample_3cbfbbcac4.npz,https://drive.google.com/file/d/1p7lKZ9SAoFmUShcCM6RekteW097ZQavn/view,,2026-05-14T18:38:08.895035Z,3cbfbbcac4,16,class_t_42d9e7de,sample_3cbfbbcac4.npz,t,vn/bang-chu-cai/t
a1b1e5d0b7,42d9e7de-4628-40e2-b90b-a235d32e6632,t,T,vn,bang-chu-cai,camera,Ảnh,1778779201800,,,60,0,,dataset/features/vn/bang-chu-cai/class_t_42d9e7de/sample_a1b1e5d0b7.npz,features/vn/bang-chu-cai/class_t_42d9e7de/sample_a1b1e5d0b7.npz,https://drive.google.com/file/d/1-xnl6oOay0_8hjmNbbO8ydUm7BhfI8hj/view,,2026-05-14T18:37:53.472764Z,a1b1e5d0b7,16,class_t_42d9e7de,sample_a1b1e5d0b7.npz,t,vn/bang-chu-cai/t
e2862d599f,42d9e7de-4628-40e2-b90b-a235d32e6632,t,T,vn,bang-chu-cai,camera,Ảnh,1778779201800,,,60,0,,dataset/features/vn/bang-chu-cai/class_t_42d9e7de/sample_e2862d599f.npz,features/vn/bang-chu-cai/class_t_42d9e7de/sample_e2862d599f.npz,https://drive.google.com/file/d/1P4JFHOZJXs4DDNWRXHXQcdWUGYVEgBTj/view,,2026-05-14T18:37:37.061784Z,e2862d599f,16,class_t_42d9e7de,sample_e2862d599f.npz,t,vn/bang-chu-cai/t
a91850ffb4,8c1e0174-e611-4300-8c1c-1565871f03aa,u,U,vn,bang-chu-cai,camera,Ảnh,1778779201800,,,60,0,,dataset/features/vn/bang-chu-cai/class_u_8c1e0174/sample_a91850ffb4.npz,features/vn/bang-chu-cai/class_u_8c1e0174/sample_a91850ffb4.npz,https://drive.google.com/file/d/1FbZTofPuheOtLIwSoldvpZvYycW3RchU/view,,2026-05-14T18:41:34.414240Z,a91850ffb4,17,class_u_8c1e0174,sample_a91850ffb4.npz,u,vn/bang-chu-cai/u
1d84d3393a,8c1e0174-e611-4300-8c1c-1565871f03aa,u,U,vn,bang-chu-cai,camera,Ảnh,1778779201800,,,60,0,,dataset/features/vn/bang-chu-cai/class_u_8c1e0174/sample_1d84d3393a.npz,features/vn/bang-chu-cai/class_u_8c1e0174/sample_1d84d3393a.npz,https://drive.google.com/file/d/18--UlzwOc1C-egeA86p8Do8HZrpt84gN/view,,2026-05-14T18:41:02.637532Z,1d84d3393a,17,class_u_8c1e0174,sample_1d84d3393a.npz,u,vn/bang-chu-cai/u
8df822a508,8c1e0174-e611-4300-8c1c-1565871f03aa,u,U,vn,bang-chu-cai,camera,Ảnh,1778779201800,,,60,0,,dataset/features/vn/bang-chu-cai/class_u_8c1e0174/sample_8df822a508.npz,features/vn/bang-chu-cai/class_u_8c1e0174/sample_8df822a508.npz,https://drive.google.com/file/d/15sfdxjDMmdtMehs3eYOwmNwS3ku3S7Wg/view,,2026-05-14T18:40:47.049357Z,8df822a508,17,class_u_8c1e0174,sample_8df822a508.npz,u,vn/bang-chu-cai/u
c8301ede79,8c1e0174-e611-4300-8c1c-1565871f03aa,u,U,vn,bang-chu-cai,camera,Ảnh,1778779201800,,,60,0,,dataset/features/vn/bang-chu-cai/class_u_8c1e0174/sample_c8301ede79.npz,features/vn/bang-chu-cai/class_u_8c1e0174/sample_c8301ede79.npz,https://drive.google.com/file/d/1Q0OsOzOhcNVV8DbEgvhbvwleQqA6Pz2M/view,,2026-05-14T18:41:18.082023Z,c8301ede79,17,class_u_8c1e0174,sample_c8301ede79.npz,u,vn/bang-chu-cai/u
95f5c4eb7a,849d0b5c-96dd-4dc4-96cc-421d69364e40,v,V,vn,bang-chu-cai,camera,Ảnh,1778779201800,,,60,0,,dataset/features/vn/bang-chu-cai/class_v_849d0b5c/sample_95f5c4eb7a.npz,features/vn/bang-chu-cai/class_v_849d0b5c/sample_95f5c4eb7a.npz,https://drive.google.com/file/d/1i7al2vd1OT9GYLBPStSFqVlfGeB1sTni/view,,2026-05-14T18:43:50.897324Z,95f5c4eb7a,18,class_v_849d0b5c,sample_95f5c4eb7a.npz,v,vn/bang-chu-cai/v
49cbf63d71,849d0b5c-96dd-4dc4-96cc-421d69364e40,v,V,vn,bang-chu-cai,camera,Ảnh,1778779201800,,,60,0,,dataset/features/vn/bang-chu-cai/class_v_849d0b5c/sample_49cbf63d71.npz,features/vn/bang-chu-cai/class_v_849d0b5c/sample_49cbf63d71.npz,https://drive.google.com/file/d/1NDzaFbr8trkVTmbiC2xQaJWWIVGE-0ng/view,,2026-05-14T18:43:18.427996Z,49cbf63d71,18,class_v_849d0b5c,sample_49cbf63d71.npz,v,vn/bang-chu-cai/v
800001ff91,849d0b5c-96dd-4dc4-96cc-421d69364e40,v,V,vn,bang-chu-cai,camera,Ảnh,1778779201800,,,60,0,,dataset/features/vn/bang-chu-cai/class_v_849d0b5c/sample_800001ff91.npz,features/vn/bang-chu-cai/class_v_849d0b5c/sample_800001ff91.npz,https://drive.google.com/file/d/1cIlYxf0PuUqg5b3cGZl_VRjIxU65TViH/view,,2026-05-14T18:42:45.536449Z,800001ff91,18,class_v_849d0b5c,sample_800001ff91.npz,v,vn/bang-chu-cai/v
b90956c52c,849d0b5c-96dd-4dc4-96cc-421d69364e40,v,V,vn,bang-chu-cai,camera,Ảnh,1778779201800,,,60,0,,dataset/features/vn/bang-chu-cai/class_v_849d0b5c/sample_b90956c52c.npz,features/vn/bang-chu-cai/class_v_849d0b5c/sample_b90956c52c.npz,https://drive.google.com/file/d/1vqmt5t2y_-XTGNi4Iy5omrzNigsNfc2B/view,,2026-05-14T18:43:34.645556Z,b90956c52c,18,class_v_849d0b5c,sample_b90956c52c.npz,v,vn/bang-chu-cai/v
94f0882841,f41e437d-453e-43a8-a6f3-9269f3d0d17d,danh-vay-ca,đánh vẩy cá,vn,hoa-de,camera,Trân,1778819521896,,,60,0,,dataset/features/vn/hoa-de/class_danh-vay-ca_f41e437d/sample_94f0882841.npz,features/vn/hoa-de/class_danh-vay-ca_f41e437d/sample_94f0882841.npz,https://drive.google.com/file/d/1Jz9PGKVlm7vMV-XoGcSp1NEOhLdAE8dr/view,,2026-05-14T18:49:17.700317Z,94f0882841,19,class_danh-vay-ca_f41e437d,sample_94f0882841.npz,danh-vay-ca,vn/hoa-de/danh-vay-ca
446229a5aa,f41e437d-453e-43a8-a6f3-9269f3d0d17d,danh-vay-ca,đánh vẩy cá,vn,hoa-de,camera,Trân,1778819521896,,,60,0,,dataset/features/vn/hoa-de/class_danh-vay-ca_f41e437d/sample_446229a5aa.npz,features/vn/hoa-de/class_danh-vay-ca_f41e437d/sample_446229a5aa.npz,https://drive.google.com/file/d/1XVWTpE0UsE88oRpzEFn4hHNUqtdm7qek/view,,2026-05-14T18:45:36.812362Z,446229a5aa,19,class_danh-vay-ca_f41e437d,sample_446229a5aa.npz,danh-vay-ca,vn/hoa-de/danh-vay-ca
a98fdda161,f41e437d-453e-43a8-a6f3-9269f3d0d17d,danh-vay-ca,đánh vẩy cá,vn,hoa-de,camera,Minh,1778819521896,,,60,0,,dataset/features/vn/hoa-de/class_danh-vay-ca_f41e437d/sample_a98fdda161.npz,features/vn/hoa-de/class_danh-vay-ca_f41e437d/sample_a98fdda161.npz,https://drive.google.com/file/d/16ornDE7GsHC5LftMOh_tzgbOP7b2yQS5/view,,2026-05-14T18:50:26.996810Z,a98fdda161,19,class_danh-vay-ca_f41e437d,sample_a98fdda161.npz,danh-vay-ca,vn/hoa-de/danh-vay-ca
ece36ad2bd,f41e437d-453e-43a8-a6f3-9269f3d0d17d,danh-vay-ca,đánh vẩy cá,vn,hoa-de,camera,Trân,1778819521896,,,60,0,,dataset/features/vn/hoa-de/class_danh-vay-ca_f41e437d/sample_ece36ad2bd.npz,features/vn/hoa-de/class_danh-vay-ca_f41e437d/sample_ece36ad2bd.npz,https://drive.google.com/file/d/1aOA-mHhHWJ5tpYniCSYf5g8oaVAKA5km/view,,2026-05-14T18:48:29.241945Z,ece36ad2bd,19,class_danh-vay-ca_f41e437d,sample_ece36ad2bd.npz,danh-vay-ca,vn/hoa-de/danh-vay-ca
8651e6f1bf,f41e437d-453e-43a8-a6f3-9269f3d0d17d,danh-vay-ca,đánh vẩy cá,vn,hoa-de,camera,Trân,1778819521896,,,60,0,,dataset/features/vn/hoa-de/class_danh-vay-ca_f41e437d/sample_8651e6f1bf.npz,features/vn/hoa-de/class_danh-vay-ca_f41e437d/sample_8651e6f1bf.npz,https://drive.google.com/file/d/1UJO6QL_DgEiPEjQ6cbiTsR9yUxQFQQ8N/view,,2026-05-14T18:47:19.024499Z,8651e6f1bf,19,class_danh-vay-ca_f41e437d,sample_8651e6f1bf.npz,danh-vay-ca,vn/hoa-de/danh-vay-ca
5dce50156e,f41e437d-453e-43a8-a6f3-9269f3d0d17d,danh-vay-ca,đánh vẩy cá,vn,hoa-de,camera,Trân,1778819521896,,,60,0,,dataset/features/vn/hoa-de/class_danh-vay-ca_f41e437d/sample_5dce50156e.npz,features/vn/hoa-de/class_danh-vay-ca_f41e437d/sample_5dce50156e.npz,https://drive.google.com/file/d/1gsEmofaTs0cMnJJPDEqVfDoSC6AUCbtG/view,,2026-05-14T18:49:01.439463Z,5dce50156e,19,class_danh-vay-ca_f41e437d,sample_5dce50156e.npz,danh-vay-ca,vn/hoa-de/danh-vay-ca
9bfe15e6f4,f41e437d-453e-43a8-a6f3-9269f3d0d17d,danh-vay-ca,đánh vẩy cá,vn,hoa-de,camera,Trân,1778819521896,,,60,0,,dataset/features/vn/hoa-de/class_danh-vay-ca_f41e437d/sample_9bfe15e6f4.npz,features/vn/hoa-de/class_danh-vay-ca_f41e437d/sample_9bfe15e6f4.npz,https://drive.google.com/file/d/1M-yB3TRGY2G0a84Rku5z9EqT4KxuoZs9/view,,2026-05-14T18:47:03.146232Z,9bfe15e6f4,19,class_danh-vay-ca_f41e437d,sample_9bfe15e6f4.npz,danh-vay-ca,vn/hoa-de/danh-vay-ca
6373e504ac,f41e437d-453e-43a8-a6f3-9269f3d0d17d,danh-vay-ca,đánh vẩy cá,vn,hoa-de,camera,Minh,1778819521896,,,60,0,,dataset/features/vn/hoa-de/class_danh-vay-ca_f41e437d/sample_6373e504ac.npz,features/vn/hoa-de/class_danh-vay-ca_f41e437d/sample_6373e504ac.npz,https://drive.google.com/file/d/1hQdpA57fCNzZ9IhUxNkzBDFptU4ZSHqE/view,,2026-05-14T18:50:43.412036Z,6373e504ac,19,class_danh-vay-ca_f41e437d,sample_6373e504ac.npz,danh-vay-ca,vn/hoa-de/danh-vay-ca
90d9aed162,f41e437d-453e-43a8-a6f3-9269f3d0d17d,danh-vay-ca,đánh vẩy cá,vn,hoa-de,camera,Trân,1778819521896,,,60,0,,dataset/features/vn/hoa-de/class_danh-vay-ca_f41e437d/sample_90d9aed162.npz,features/vn/hoa-de/class_danh-vay-ca_f41e437d/sample_90d9aed162.npz,https://drive.google.com/file/d/1aRSZ1ARfmswNKwItHo9SiHJA9xGjyCOV/view,,2026-05-14T18:45:20.247342Z,90d9aed162,19,class_danh-vay-ca_f41e437d,sample_90d9aed162.npz,danh-vay-ca,vn/hoa-de/danh-vay-ca
98423549b8,f41e437d-453e-43a8-a6f3-9269f3d0d17d,danh-vay-ca,đánh vẩy cá,vn,hoa-de,camera,Minh,1778819521896,,,60,0,,dataset/features/vn/hoa-de/class_danh-vay-ca_f41e437d/sample_98423549b8.npz,features/vn/hoa-de/class_danh-vay-ca_f41e437d/sample_98423549b8.npz,https://drive.google.com/file/d/1zOa_i7vf0qSVJyZ3kr0j26EuZOrLG5Yy/view,,2026-05-14T18:53:10.090794Z,98423549b8,19,class_danh-vay-ca_f41e437d,sample_98423549b8.npz,danh-vay-ca,vn/hoa-de/danh-vay-ca
1ba6d3aaa8,f41e437d-453e-43a8-a6f3-9269f3d0d17d,danh-vay-ca,đánh vẩy cá,vn,hoa-de,camera,Trân,1778819521896,,,60,0,,dataset/features/vn/hoa-de/class_danh-vay-ca_f41e437d/sample_1ba6d3aaa8.npz,features/vn/hoa-de/class_danh-vay-ca_f41e437d/sample_1ba6d3aaa8.npz,https://drive.google.com/file/d/1FWAuHZRES0-qLji-H0fn3Huw-qv8qkI3/view,,2026-05-14T18:46:16.313844Z,1ba6d3aaa8,19,class_danh-vay-ca_f41e437d,sample_1ba6d3aaa8.npz,danh-vay-ca,vn/hoa-de/danh-vay-ca
84bcf45bbe,f41e437d-453e-43a8-a6f3-9269f3d0d17d,danh-vay-ca,đánh vẩy cá,vn,hoa-de,camera,Minh,1778819521896,,,60,0,,dataset/features/vn/hoa-de/class_danh-vay-ca_f41e437d/sample_84bcf45bbe.npz,features/vn/hoa-de/class_danh-vay-ca_f41e437d/sample_84bcf45bbe.npz,https://drive.google.com/file/d/1y6koLHua2P210Tzf8wsydJXE7mGf5fO3/view,,2026-05-14T18:51:31.960512Z,84bcf45bbe,19,class_danh-vay-ca_f41e437d,sample_84bcf45bbe.npz,danh-vay-ca,vn/hoa-de/danh-vay-ca
dd1c174383,f41e437d-453e-43a8-a6f3-9269f3d0d17d,danh-vay-ca,đánh vẩy cá,vn,hoa-de,camera,Minh,1778819521896,,,60,0,,dataset/features/vn/hoa-de/class_danh-vay-ca_f41e437d/sample_dd1c174383.npz,features/vn/hoa-de/class_danh-vay-ca_f41e437d/sample_dd1c174383.npz,https://drive.google.com/file/d/1ntNC6VgL-nviAJhwnIAeJDzgWRLNXImo/view,,2026-05-14T18:52:54.097095Z,dd1c174383,19,class_danh-vay-ca_f41e437d,sample_dd1c174383.npz,danh-vay-ca,vn/hoa-de/danh-vay-ca
484027cdd6,f41e437d-453e-43a8-a6f3-9269f3d0d17d,danh-vay-ca,đánh vẩy cá,vn,hoa-de,camera,Trân,1778819521896,,,60,0,,dataset/features/vn/hoa-de/class_danh-vay-ca_f41e437d/sample_484027cdd6.npz,features/vn/hoa-de/class_danh-vay-ca_f41e437d/sample_484027cdd6.npz,https://drive.google.com/file/d/1T-aJ03fkRpTBgdJevCaTQV5OwNCs8yAf/view,,2026-05-14T18:45:55.206374Z,484027cdd6,19,class_danh-vay-ca_f41e437d,sample_484027cdd6.npz,danh-vay-ca,vn/hoa-de/danh-vay-ca
57bc338148,f41e437d-453e-43a8-a6f3-9269f3d0d17d,danh-vay-ca,đánh vẩy cá,vn,hoa-de,camera,Trân,1778819521896,,,60,0,,dataset/features/vn/hoa-de/class_danh-vay-ca_f41e437d/sample_57bc338148.npz,features/vn/hoa-de/class_danh-vay-ca_f41e437d/sample_57bc338148.npz,https://drive.google.com/file/d/12NG0wk2VlqmyXlWokx4RcliJNyYGmbtl/view,,2026-05-14T18:47:51.534539Z,57bc338148,19,class_danh-vay-ca_f41e437d,sample_57bc338148.npz,danh-vay-ca,vn/hoa-de/danh-vay-ca
2225829d60,f41e437d-453e-43a8-a6f3-9269f3d0d17d,danh-vay-ca,đánh vẩy cá,vn,hoa-de,camera,Trân,1778819521896,,,60,0,,dataset/features/vn/hoa-de/class_danh-vay-ca_f41e437d/sample_2225829d60.npz,features/vn/hoa-de/class_danh-vay-ca_f41e437d/sample_2225829d60.npz,https://drive.google.com/file/d/18TMpIKw8kWbON6k2QxfJW9xBn-kQVUhx/view,,2026-05-14T18:46:46.933484Z,2225829d60,19,class_danh-vay-ca_f41e437d,sample_2225829d60.npz,danh-vay-ca,vn/hoa-de/danh-vay-ca
e0d5334498,f41e437d-453e-43a8-a6f3-9269f3d0d17d,danh-vay-ca,đánh vẩy cá,vn,hoa-de,camera,Minh,1778819521896,,,60,0,,dataset/features/vn/hoa-de/class_danh-vay-ca_f41e437d/sample_e0d5334498.npz,features/vn/hoa-de/class_danh-vay-ca_f41e437d/sample_e0d5334498.npz,https://drive.google.com/file/d/1bS67jTQ-a7CBvj8CKgiDxlLQVF9QSkgC/view,,2026-05-14T18:51:15.812197Z,e0d5334498,19,class_danh-vay-ca_f41e437d,sample_e0d5334498.npz,danh-vay-ca,vn/hoa-de/danh-vay-ca
83be43a0c0,49ab9b7a-4a36-41ca-acea-92da53adc53c,a,A,vn,bang-chu-cai,camera,Minh,1778824957715,,,60,0,,dataset/features/vn/bang-chu-cai/class_a_49ab9b7a/sample_83be43a0c0.npz,features/vn/bang-chu-cai/class_a_49ab9b7a/sample_83be43a0c0.npz,https://drive.google.com/file/d/16xUdF3boFb-twgDVYhYAxbNPL7Ccu61e/view,,2026-05-15T05:39:17.659718Z,83be43a0c0,20,class_a_49ab9b7a,sample_83be43a0c0.npz,a,vn/bang-chu-cai/a
6417048da6,49ab9b7a-4a36-41ca-acea-92da53adc53c,a,A,vn,bang-chu-cai,camera,Trân,1778824957715,,,60,0,,dataset/features/vn/bang-chu-cai/class_a_49ab9b7a/sample_6417048da6.npz,features/vn/bang-chu-cai/class_a_49ab9b7a/sample_6417048da6.npz,https://drive.google.com/file/d/1QVDHyL4FCFbv82ktHGgnQ4hVxicTr9IR/view,,2026-05-15T04:55:06.825750Z,6417048da6,20,class_a_49ab9b7a,sample_6417048da6.npz,a,vn/bang-chu-cai/a
48ea947175,49ab9b7a-4a36-41ca-acea-92da53adc53c,a,A,vn,bang-chu-cai,camera,Minh,1778824957715,,,60,0,,dataset/features/vn/bang-chu-cai/class_a_49ab9b7a/sample_48ea947175.npz,features/vn/bang-chu-cai/class_a_49ab9b7a/sample_48ea947175.npz,https://drive.google.com/file/d/1gykVAyOOYZK_h5WCfIbC_utzep9rRztf/view,,2026-05-15T05:16:26.960855Z,48ea947175,20,class_a_49ab9b7a,sample_48ea947175.npz,a,vn/bang-chu-cai/a
c934435cd1,49ab9b7a-4a36-41ca-acea-92da53adc53c,a,A,vn,bang-chu-cai,camera,Trân,1778824957715,,,60,0,,dataset/features/vn/bang-chu-cai/class_a_49ab9b7a/sample_c934435cd1.npz,features/vn/bang-chu-cai/class_a_49ab9b7a/sample_c934435cd1.npz,https://drive.google.com/file/d/16S2-sR5Zi7GAwAQoXEjwVg4_vJqg3aCh/view,,2026-05-15T04:54:37.284988Z,c934435cd1,20,class_a_49ab9b7a,sample_c934435cd1.npz,a,vn/bang-chu-cai/a
98ab1c2830,49ab9b7a-4a36-41ca-acea-92da53adc53c,a,A,vn,bang-chu-cai,camera,Trân,1778824957715,,,60,0,,dataset/features/vn/bang-chu-cai/class_a_49ab9b7a/sample_98ab1c2830.npz,features/vn/bang-chu-cai/class_a_49ab9b7a/sample_98ab1c2830.npz,https://drive.google.com/file/d/1mQvaLU1TqhuHYqUD_8KG-QRtfopdJMNH/view,,2026-05-15T05:14:38.397876Z,98ab1c2830,20,class_a_49ab9b7a,sample_98ab1c2830.npz,a,vn/bang-chu-cai/a
397bf5ea92,49ab9b7a-4a36-41ca-acea-92da53adc53c,a,A,vn,bang-chu-cai,camera,Trân,1778824957715,,,60,0,,dataset/features/vn/bang-chu-cai/class_a_49ab9b7a/sample_397bf5ea92.npz,features/vn/bang-chu-cai/class_a_49ab9b7a/sample_397bf5ea92.npz,https://drive.google.com/file/d/1K8mOm3d24vYg--An2troCB9ErQNK8PtT/view,,2026-05-15T05:00:21.921090Z,397bf5ea92,20,class_a_49ab9b7a,sample_397bf5ea92.npz,a,vn/bang-chu-cai/a
39075f522d,49ab9b7a-4a36-41ca-acea-92da53adc53c,a,A,vn,bang-chu-cai,camera,Trân,1778824957715,,,60,0,,dataset/features/vn/bang-chu-cai/class_a_49ab9b7a/sample_39075f522d.npz,features/vn/bang-chu-cai/class_a_49ab9b7a/sample_39075f522d.npz,https://drive.google.com/file/d/1cETAza7RU_-g2wP6pz-m7Q89PtcnVcnP/view,,2026-05-15T04:59:38.073152Z,39075f522d,20,class_a_49ab9b7a,sample_39075f522d.npz,a,vn/bang-chu-cai/a
60a4512080,49ab9b7a-4a36-41ca-acea-92da53adc53c,a,A,vn,bang-chu-cai,camera,Minh,1778824957715,,,60,0,,dataset/features/vn/bang-chu-cai/class_a_49ab9b7a/sample_60a4512080.npz,features/vn/bang-chu-cai/class_a_49ab9b7a/sample_60a4512080.npz,https://drive.google.com/file/d/1MnXNl60UkvUt1zE2h1tVl6wxz3-r0Mu7/view,,2026-05-15T05:16:41.713294Z,60a4512080,20,class_a_49ab9b7a,sample_60a4512080.npz,a,vn/bang-chu-cai/a
5e53cd8528,49ab9b7a-4a36-41ca-acea-92da53adc53c,a,A,vn,bang-chu-cai,camera,Minh,1778824957715,,,60,0,,dataset/features/vn/bang-chu-cai/class_a_49ab9b7a/sample_5e53cd8528.npz,features/vn/bang-chu-cai/class_a_49ab9b7a/sample_5e53cd8528.npz,https://drive.google.com/file/d/1X1AvdpvpN-PtydkLfeg0Jck0COSfEVEX/view,,2026-05-15T05:16:56.315967Z,5e53cd8528,20,class_a_49ab9b7a,sample_5e53cd8528.npz,a,vn/bang-chu-cai/a
6deae7e0f9,49ab9b7a-4a36-41ca-acea-92da53adc53c,a,A,vn,bang-chu-cai,camera,Trân,1778824957715,,,60,0,,dataset/features/vn/bang-chu-cai/class_a_49ab9b7a/sample_6deae7e0f9.npz,features/vn/bang-chu-cai/class_a_49ab9b7a/sample_6deae7e0f9.npz,https://drive.google.com/file/d/1V2Ou2vv69RWM7lo2Ph5xeGVniIAe-Zt2/view,,2026-05-15T05:15:43.730226Z,6deae7e0f9,20,class_a_49ab9b7a,sample_6deae7e0f9.npz,a,vn/bang-chu-cai/a
448430bb6f,49ab9b7a-4a36-41ca-acea-92da53adc53c,a,A,vn,bang-chu-cai,camera,Trân,1778824957715,,,60,0,,dataset/features/vn/bang-chu-cai/class_a_49ab9b7a/sample_448430bb6f.npz,features/vn/bang-chu-cai/class_a_49ab9b7a/sample_448430bb6f.npz,https://drive.google.com/file/d/1LEaE2-MjbjBWQ0BPT0CuSVbyDVvgIENW/view,,2026-05-15T04:54:51.872563Z,448430bb6f,20,class_a_49ab9b7a,sample_448430bb6f.npz,a,vn/bang-chu-cai/a
b8ba1234a4,49ab9b7a-4a36-41ca-acea-92da53adc53c,a,A,vn,bang-chu-cai,camera,Minh,1778824957715,,,60,0,,dataset/features/vn/bang-chu-cai/class_a_49ab9b7a/sample_b8ba1234a4.npz,features/vn/bang-chu-cai/class_a_49ab9b7a/sample_b8ba1234a4.npz,https://drive.google.com/file/d/19a79hP16olyfvbNRJdbP71Gwz9Xcb7Hn/view,,2026-05-15T05:17:11.044297Z,b8ba1234a4,20,class_a_49ab9b7a,sample_b8ba1234a4.npz,a,vn/bang-chu-cai/a
e1dffce576,49ab9b7a-4a36-41ca-acea-92da53adc53c,a,A,vn,bang-chu-cai,camera,Trân,1778824957715,,,60,0,,dataset/features/vn/bang-chu-cai/class_a_49ab9b7a/sample_e1dffce576.npz,features/vn/bang-chu-cai/class_a_49ab9b7a/sample_e1dffce576.npz,https://drive.google.com/file/d/1PWLXcB4oMYAkndgl5YO3vGSBWiATbn4l/view,,2026-05-15T04:55:22.937684Z,e1dffce576,20,class_a_49ab9b7a,sample_e1dffce576.npz,a,vn/bang-chu-cai/a
972d9fa4d8,49ab9b7a-4a36-41ca-acea-92da53adc53c,a,A,vn,bang-chu-cai,camera,Trân,1778824957715,,,60,0,,dataset/features/vn/bang-chu-cai/class_a_49ab9b7a/sample_972d9fa4d8.npz,features/vn/bang-chu-cai/class_a_49ab9b7a/sample_972d9fa4d8.npz,https://drive.google.com/file/d/17aZ0Rt_OwZNXSjGGaqKguCQU8xqFhd_h/view,,2026-05-15T05:14:09.072133Z,972d9fa4d8,20,class_a_49ab9b7a,sample_972d9fa4d8.npz,a,vn/bang-chu-cai/a
7a914f50c2,49ab9b7a-4a36-41ca-acea-92da53adc53c,a,A,vn,bang-chu-cai,camera,user1,1778824957715,,,60,0,,dataset/features/vn/bang-chu-cai/class_a_49ab9b7a/sample_7a914f50c2.npz,features/vn/bang-chu-cai/class_a_49ab9b7a/sample_7a914f50c2.npz,https://drive.google.com/file/d/1O4YuLdAKqN9xamfmNXHaPidM-w-E11ue/view,,2026-05-15T04:53:12.711028Z,7a914f50c2,20,class_a_49ab9b7a,sample_7a914f50c2.npz,a,vn/bang-chu-cai/a
d8b1b6f2fc,49ab9b7a-4a36-41ca-acea-92da53adc53c,a,A,vn,bang-chu-cai,camera,Trân,1778824957715,,,60,0,,dataset/features/vn/bang-chu-cai/class_a_49ab9b7a/sample_d8b1b6f2fc.npz,features/vn/bang-chu-cai/class_a_49ab9b7a/sample_d8b1b6f2fc.npz,https://drive.google.com/file/d/1KITlWBj72PEC1jsyD5NV5AzmYkIFhnW3/view,,2026-05-15T04:55:35.743759Z,d8b1b6f2fc,20,class_a_49ab9b7a,sample_d8b1b6f2fc.npz,a,vn/bang-chu-cai/a
140a75639a,49ab9b7a-4a36-41ca-acea-92da53adc53c,a,A,vn,bang-chu-cai,camera,user1,1778824957715,,,60,0,,dataset/features/vn/bang-chu-cai/class_a_49ab9b7a/sample_140a75639a.npz,features/vn/bang-chu-cai/class_a_49ab9b7a/sample_140a75639a.npz,https://drive.google.com/file/d/15IEAybg3pUSqGS5NoTgUdoeO0YSZvs0u/view,,2026-05-15T04:53:42.185522Z,140a75639a,20,class_a_49ab9b7a,sample_140a75639a.npz,a,vn/bang-chu-cai/a
6368e946d1,49ab9b7a-4a36-41ca-acea-92da53adc53c,a,A,vn,bang-chu-cai,camera,Trân,1778824957715,,,60,0,,dataset/features/vn/bang-chu-cai/class_a_49ab9b7a/sample_6368e946d1.npz,features/vn/bang-chu-cai/class_a_49ab9b7a/sample_6368e946d1.npz,https://drive.google.com/file/d/1JbXchyn9XA56XyPU20EhJPUGNUpgImdA/view,,2026-05-15T05:14:53.178502Z,6368e946d1,20,class_a_49ab9b7a,sample_6368e946d1.npz,a,vn/bang-chu-cai/a
8304db85ee,49ab9b7a-4a36-41ca-acea-92da53adc53c,a,A,vn,bang-chu-cai,camera,Minh,1778824957715,,,60,0,,dataset/features/vn/bang-chu-cai/class_a_49ab9b7a/sample_8304db85ee.npz,features/vn/bang-chu-cai/class_a_49ab9b7a/sample_8304db85ee.npz,https://drive.google.com/file/d/1Baxs3l-4rrPpxxv8AzYQKTuuPLp8sY9c/view,,2026-05-15T05:38:26.969203Z,8304db85ee,20,class_a_49ab9b7a,sample_8304db85ee.npz,a,vn/bang-chu-cai/a
24a6d17464,49ab9b7a-4a36-41ca-acea-92da53adc53c,a,A,vn,bang-chu-cai,camera,Minh,1778824957715,,,60,0,,dataset/features/vn/bang-chu-cai/class_a_49ab9b7a/sample_24a6d17464.npz,features/vn/bang-chu-cai/class_a_49ab9b7a/sample_24a6d17464.npz,https://drive.google.com/file/d/1u1ph8uJoK11g3OvFlKzxM46KNRkHbGk8/view,,2026-05-15T05:39:09.077591Z,24a6d17464,20,class_a_49ab9b7a,sample_24a6d17464.npz,a,vn/bang-chu-cai/a
82e00613f7,49ab9b7a-4a36-41ca-acea-92da53adc53c,a,A,vn,bang-chu-cai,camera,Minh,1778824957715,,,60,0,,dataset/features/vn/bang-chu-cai/class_a_49ab9b7a/sample_82e00613f7.npz,features/vn/bang-chu-cai/class_a_49ab9b7a/sample_82e00613f7.npz,https://drive.google.com/file/d/1e2SZyxGwEV37HvnVgb67FR6nY5tZ3vbd/view,,2026-05-15T05:39:27.382933Z,82e00613f7,20,class_a_49ab9b7a,sample_82e00613f7.npz,a,vn/bang-chu-cai/a
b547c1654d,60bed4e1-4f2f-4526-ad75-a4501ee58a85,b,B,vn,bang-chu-cai,camera,Trân,1778824957715,,,60,0,,dataset/features/vn/bang-chu-cai/class_b_60bed4e1/sample_b547c1654d.npz,features/vn/bang-chu-cai/class_b_60bed4e1/sample_b547c1654d.npz,https://drive.google.com/file/d/1lJoXIruwfpd1y1S4T38hSGAAdvB9YaGx/view,,2026-05-15T06:27:14.804261Z,b547c1654d,21,class_b_60bed4e1,sample_b547c1654d.npz,b,vn/bang-chu-cai/b
aa8fa29e33,60bed4e1-4f2f-4526-ad75-a4501ee58a85,b,B,vn,bang-chu-cai,camera,Minh,1778824957715,,,60,0,,dataset/features/vn/bang-chu-cai/class_b_60bed4e1/sample_aa8fa29e33.npz,features/vn/bang-chu-cai/class_b_60bed4e1/sample_aa8fa29e33.npz,https://drive.google.com/file/d/1JdU3s_brHSe8jE3vp80cIVBxQ0ady6ce/view,,2026-05-15T06:30:39.228012Z,aa8fa29e33,21,class_b_60bed4e1,sample_aa8fa29e33.npz,b,vn/bang-chu-cai/b
87bfeb570a,60bed4e1-4f2f-4526-ad75-a4501ee58a85,b,B,vn,bang-chu-cai,camera,Minh,1778824957715,,,60,0,,dataset/features/vn/bang-chu-cai/class_b_60bed4e1/sample_87bfeb570a.npz,features/vn/bang-chu-cai/class_b_60bed4e1/sample_87bfeb570a.npz,https://drive.google.com/file/d/1YtWztNoi5q2By8g9ZednVdeaW2c0OfiJ/view,,2026-05-15T06:32:45.942195Z,87bfeb570a,21,class_b_60bed4e1,sample_87bfeb570a.npz,b,vn/bang-chu-cai/b
ff5bbd72c5,60bed4e1-4f2f-4526-ad75-a4501ee58a85,b,B,vn,bang-chu-cai,camera,Minh,1778824957715,,,60,0,,dataset/features/vn/bang-chu-cai/class_b_60bed4e1/sample_ff5bbd72c5.npz,features/vn/bang-chu-cai/class_b_60bed4e1/sample_ff5bbd72c5.npz,https://drive.google.com/file/d/1mG9uHN5SXYs2YtjKi8rmlHOCRCtXnYfJ/view,,2026-05-15T06:31:14.175884Z,ff5bbd72c5,21,class_b_60bed4e1,sample_ff5bbd72c5.npz,b,vn/bang-chu-cai/b
c082e30aac,60bed4e1-4f2f-4526-ad75-a4501ee58a85,b,B,vn,bang-chu-cai,camera,Minh,1778824957715,,,60,0,,dataset/features/vn/bang-chu-cai/class_b_60bed4e1/sample_c082e30aac.npz,features/vn/bang-chu-cai/class_b_60bed4e1/sample_c082e30aac.npz,https://drive.google.com/file/d/1rxqmDtSp4nW4BD6D4CCrY3GM8oRTw4I_/view,,2026-05-15T06:32:18.667453Z,c082e30aac,21,class_b_60bed4e1,sample_c082e30aac.npz,b,vn/bang-chu-cai/b
5ffa6ab1db,60bed4e1-4f2f-4526-ad75-a4501ee58a85,b,B,vn,bang-chu-cai,camera,Minh,1778824957715,,,60,0,,dataset/features/vn/bang-chu-cai/class_b_60bed4e1/sample_5ffa6ab1db.npz,features/vn/bang-chu-cai/class_b_60bed4e1/sample_5ffa6ab1db.npz,https://drive.google.com/file/d/1_JAc6Qm-IHMtfcE84lJrwt_vQ_V3xEOY/view,,2026-05-15T06:30:50.890865Z,5ffa6ab1db,21,class_b_60bed4e1,sample_5ffa6ab1db.npz,b,vn/bang-chu-cai/b
413e261c47,60bed4e1-4f2f-4526-ad75-a4501ee58a85,b,B,vn,bang-chu-cai,camera,Minh,1778824957715,,,60,0,,dataset/features/vn/bang-chu-cai/class_b_60bed4e1/sample_413e261c47.npz,features/vn/bang-chu-cai/class_b_60bed4e1/sample_413e261c47.npz,https://drive.google.com/file/d/124ufGKBEs4052ufDagTa8XLmvY8O4v8s/view,,2026-05-15T06:31:02.747217Z,413e261c47,21,class_b_60bed4e1,sample_413e261c47.npz,b,vn/bang-chu-cai/b
8e5ef25ace,60bed4e1-4f2f-4526-ad75-a4501ee58a85,b,B,vn,bang-chu-cai,camera,Minh,1778824957715,,,60,0,,dataset/features/vn/bang-chu-cai/class_b_60bed4e1/sample_8e5ef25ace.npz,features/vn/bang-chu-cai/class_b_60bed4e1/sample_8e5ef25ace.npz,https://drive.google.com/file/d/1tf6J1gwokYH6qGJsiIlmv1vc4TJ4V6Y2/view,,2026-05-15T06:30:27.807631Z,8e5ef25ace,21,class_b_60bed4e1,sample_8e5ef25ace.npz,b,vn/bang-chu-cai/b
b20697939f,60bed4e1-4f2f-4526-ad75-a4501ee58a85,b,B,vn,bang-chu-cai,camera,Minh,1778824957715,,,60,0,,dataset/features/vn/bang-chu-cai/class_b_60bed4e1/sample_b20697939f.npz,features/vn/bang-chu-cai/class_b_60bed4e1/sample_b20697939f.npz,https://drive.google.com/file/d/1D2N_Tq3ldAtsYz2BeWIaA-lXnGgChcS0/view,,2026-05-15T06:31:44.786274Z,b20697939f,21,class_b_60bed4e1,sample_b20697939f.npz,b,vn/bang-chu-cai/b
e22a4e1268,60bed4e1-4f2f-4526-ad75-a4501ee58a85,b,B,vn,bang-chu-cai,camera,Trân,1778824957715,,,60,0,,dataset/features/vn/bang-chu-cai/class_b_60bed4e1/sample_e22a4e1268.npz,features/vn/bang-chu-cai/class_b_60bed4e1/sample_e22a4e1268.npz,https://drive.google.com/file/d/1z7xAu7PTNwFeTjp6hSXeOSWXeH_b3c4a/view,,2026-05-15T06:29:30.354471Z,e22a4e1268,21,class_b_60bed4e1,sample_e22a4e1268.npz,b,vn/bang-chu-cai/b
a9227c063b,60bed4e1-4f2f-4526-ad75-a4501ee58a85,b,B,vn,bang-chu-cai,camera,Trân,1778824957715,,,60,0,,dataset/features/vn/bang-chu-cai/class_b_60bed4e1/sample_a9227c063b.npz,features/vn/bang-chu-cai/class_b_60bed4e1/sample_a9227c063b.npz,https://drive.google.com/file/d/1Ops4V2vwLmk8z_7RUFv-_67uen3Obn2Y/view,,2026-05-15T06:29:18.817206Z,a9227c063b,21,class_b_60bed4e1,sample_a9227c063b.npz,b,vn/bang-chu-cai/b
bc64271b66,60bed4e1-4f2f-4526-ad75-a4501ee58a85,b,B,vn,bang-chu-cai,camera,Trân,1778824957715,,,60,0,,dataset/features/vn/bang-chu-cai/class_b_60bed4e1/sample_bc64271b66.npz,features/vn/bang-chu-cai/class_b_60bed4e1/sample_bc64271b66.npz,https://drive.google.com/file/d/1m-lAyedlSoutnPn-PB1nuqqvA0r5Gn0e/view,,2026-05-15T06:03:42.305592Z,bc64271b66,21,class_b_60bed4e1,sample_bc64271b66.npz,b,vn/bang-chu-cai/b
0f88d6d2c0,60bed4e1-4f2f-4526-ad75-a4501ee58a85,b,B,vn,bang-chu-cai,camera,Trân,1778824957715,,,60,0,,dataset/features/vn/bang-chu-cai/class_b_60bed4e1/sample_0f88d6d2c0.npz,features/vn/bang-chu-cai/class_b_60bed4e1/sample_0f88d6d2c0.npz,https://drive.google.com/file/d/1yW4WzMXKcqV4e4FsRH3WuKk-aF4Bis5n/view,,2026-05-15T06:27:03.126446Z,0f88d6d2c0,21,class_b_60bed4e1,sample_0f88d6d2c0.npz,b,vn/bang-chu-cai/b
af203fdb67,60bed4e1-4f2f-4526-ad75-a4501ee58a85,b,B,vn,bang-chu-cai,camera,Trân,1778824957715,,,60,0,,dataset/features/vn/bang-chu-cai/class_b_60bed4e1/sample_af203fdb67.npz,features/vn/bang-chu-cai/class_b_60bed4e1/sample_af203fdb67.npz,https://drive.google.com/file/d/1DRkeA-_5iDZX1xfoAfOUyMYgXQuYWL01/view,,2026-05-15T06:27:38.574742Z,af203fdb67,21,class_b_60bed4e1,sample_af203fdb67.npz,b,vn/bang-chu-cai/b
f3c8a1ef51,60bed4e1-4f2f-4526-ad75-a4501ee58a85,b,B,vn,bang-chu-cai,camera,Trân,1778824957715,,,60,0,,dataset/features/vn/bang-chu-cai/class_b_60bed4e1/sample_f3c8a1ef51.npz,features/vn/bang-chu-cai/class_b_60bed4e1/sample_f3c8a1ef51.npz,https://drive.google.com/file/d/1L1Q4HS4mGYCHEhAdvjRcvq23owu6CxuZ/view,,2026-05-15T06:29:42.313970Z,f3c8a1ef51,21,class_b_60bed4e1,sample_f3c8a1ef51.npz,b,vn/bang-chu-cai/b
ad006cd691,60bed4e1-4f2f-4526-ad75-a4501ee58a85,b,B,vn,bang-chu-cai,camera,Trân,1778824957715,,,60,0,,dataset/features/vn/bang-chu-cai/class_b_60bed4e1/sample_ad006cd691.npz,features/vn/bang-chu-cai/class_b_60bed4e1/sample_ad006cd691.npz,https://drive.google.com/file/d/10GPozr7gBX4gR86dPjcBTyIzrbeouN_8/view,,2026-05-15T06:27:28.131336Z,ad006cd691,21,class_b_60bed4e1,sample_ad006cd691.npz,b,vn/bang-chu-cai/b
2928133754,60bed4e1-4f2f-4526-ad75-a4501ee58a85,b,B,vn,bang-chu-cai,camera,Minh,1778824957715,,,60,0,,dataset/features/vn/bang-chu-cai/class_b_60bed4e1/sample_2928133754.npz,features/vn/bang-chu-cai/class_b_60bed4e1/sample_2928133754.npz,https://drive.google.com/file/d/1c-S4nN_oRw6RambLscbnutf1zXg3LANH/view,,2026-05-15T06:32:07.452873Z,2928133754,21,class_b_60bed4e1,sample_2928133754.npz,b,vn/bang-chu-cai/b
b70d031b25,60bed4e1-4f2f-4526-ad75-a4501ee58a85,b,B,vn,bang-chu-cai,camera,Trân,1778824957715,,,60,0,,dataset/features/vn/bang-chu-cai/class_b_60bed4e1/sample_b70d031b25.npz,features/vn/bang-chu-cai/class_b_60bed4e1/sample_b70d031b25.npz,https://drive.google.com/file/d/16Y2YRBuF_5CGMDnN2LLpQ1dAqaAHB1Js/view,,2026-05-15T06:30:05.913901Z,b70d031b25,21,class_b_60bed4e1,sample_b70d031b25.npz,b,vn/bang-chu-cai/b
a6af1a84be,fd742027-b37f-4ef3-934e-fb53f1905021,c,C,vn,bang-chu-cai,camera,Trân,1778824957715,,,60,0,,dataset/features/vn/bang-chu-cai/class_c_fd742027/sample_a6af1a84be.npz,features/vn/bang-chu-cai/class_c_fd742027/sample_a6af1a84be.npz,https://drive.google.com/file/d/1cFgn9AbtZdxSAKSj1Vx8HiaNJstTaGbt/view,,2026-05-15T06:36:36.429155Z,a6af1a84be,22,class_c_fd742027,sample_a6af1a84be.npz,c,vn/bang-chu-cai/c
92889868b4,fd742027-b37f-4ef3-934e-fb53f1905021,c,C,vn,bang-chu-cai,camera,Trân,1778824957715,,,60,0,,dataset/features/vn/bang-chu-cai/class_c_fd742027/sample_92889868b4.npz,features/vn/bang-chu-cai/class_c_fd742027/sample_92889868b4.npz,https://drive.google.com/file/d/1Y7H77bv4X7fqbtcyxgVb11yhyFbO9orK/view,,2026-05-15T06:38:03.055311Z,92889868b4,22,class_c_fd742027,sample_92889868b4.npz,c,vn/bang-chu-cai/c
72fbec121d,fd742027-b37f-4ef3-934e-fb53f1905021,c,C,vn,bang-chu-cai,camera,Trân,1778824957715,,,60,0,,dataset/features/vn/bang-chu-cai/class_c_fd742027/sample_72fbec121d.npz,features/vn/bang-chu-cai/class_c_fd742027/sample_72fbec121d.npz,https://drive.google.com/file/d/1KoEkC1XXHrEXzlROasbp6hkPWXKwmt0y/view,,2026-05-15T06:36:48.140592Z,72fbec121d,22,class_c_fd742027,sample_72fbec121d.npz,c,vn/bang-chu-cai/c
d04cd28666,fd742027-b37f-4ef3-934e-fb53f1905021,c,C,vn,bang-chu-cai,camera,Minh,1778824957715,,,60,0,,dataset/features/vn/bang-chu-cai/class_c_fd742027/sample_d04cd28666.npz,features/vn/bang-chu-cai/class_c_fd742027/sample_d04cd28666.npz,https://drive.google.com/file/d/1ZLLb4POJD1us_vrbK5z4uarPzH4yI4Ra/view,,2026-05-15T06:39:44.326686Z,d04cd28666,22,class_c_fd742027,sample_d04cd28666.npz,c,vn/bang-chu-cai/c
b0aacf85c7,fd742027-b37f-4ef3-934e-fb53f1905021,c,C,vn,bang-chu-cai,camera,Minh,1778824957715,,,60,0,,dataset/features/vn/bang-chu-cai/class_c_fd742027/sample_b0aacf85c7.npz,features/vn/bang-chu-cai/class_c_fd742027/sample_b0aacf85c7.npz,https://drive.google.com/file/d/1a7Yax-mBEBYMmslZyEPPK8pmm9zYtyD8/view,,2026-05-15T06:39:32.755670Z,b0aacf85c7,22,class_c_fd742027,sample_b0aacf85c7.npz,c,vn/bang-chu-cai/c
5ccd410d17,fd742027-b37f-4ef3-934e-fb53f1905021,c,C,vn,bang-chu-cai,camera,Trân,1778824957715,,,60,0,,dataset/features/vn/bang-chu-cai/class_c_fd742027/sample_5ccd410d17.npz,features/vn/bang-chu-cai/class_c_fd742027/sample_5ccd410d17.npz,https://drive.google.com/file/d/1cYgLeFgKSiRBP6GVaBSGoZuTKF21jyJc/view,,2026-05-15T06:33:19.820180Z,5ccd410d17,22,class_c_fd742027,sample_5ccd410d17.npz,c,vn/bang-chu-cai/c
529406c422,fd742027-b37f-4ef3-934e-fb53f1905021,c,C,vn,bang-chu-cai,camera,Trân,1778824957715,,,60,0,,dataset/features/vn/bang-chu-cai/class_c_fd742027/sample_529406c422.npz,features/vn/bang-chu-cai/class_c_fd742027/sample_529406c422.npz,https://drive.google.com/file/d/1jg64E5cRG9ZJ452ykaK07kV7cibPqc_8/view,,2026-05-15T06:33:08.743180Z,529406c422,22,class_c_fd742027,sample_529406c422.npz,c,vn/bang-chu-cai/c
7cbf4c976c,fd742027-b37f-4ef3-934e-fb53f1905021,c,C,vn,bang-chu-cai,camera,Minh,1778824957715,,,60,0,,dataset/features/vn/bang-chu-cai/class_c_fd742027/sample_7cbf4c976c.npz,features/vn/bang-chu-cai/class_c_fd742027/sample_7cbf4c976c.npz,https://drive.google.com/file/d/1o9PqWMAI7ysUaAOBDRh6jU0ec0I3A7y9/view,,2026-05-15T06:40:23.140361Z,7cbf4c976c,22,class_c_fd742027,sample_7cbf4c976c.npz,c,vn/bang-chu-cai/c
9df9c8f9ae,fd742027-b37f-4ef3-934e-fb53f1905021,c,C,vn,bang-chu-cai,camera,Minh,1778824957715,,,60,0,,dataset/features/vn/bang-chu-cai/class_c_fd742027/sample_9df9c8f9ae.npz,features/vn/bang-chu-cai/class_c_fd742027/sample_9df9c8f9ae.npz,https://drive.google.com/file/d/1EJcMxNXbDEBvYlx9GcLE9hiOuQXU418B/view,,2026-05-15T06:39:55.790546Z,9df9c8f9ae,22,class_c_fd742027,sample_9df9c8f9ae.npz,c,vn/bang-chu-cai/c
e169f97097,fd742027-b37f-4ef3-934e-fb53f1905021,c,C,vn,bang-chu-cai,camera,Trân,1778824957715,,,60,0,,dataset/features/vn/bang-chu-cai/class_c_fd742027/sample_e169f97097.npz,features/vn/bang-chu-cai/class_c_fd742027/sample_e169f97097.npz,https://drive.google.com/file/d/1vqWQUms3arWG7vswdqNq3ReF52OVzwit/view,,2026-05-15T06:32:57.107019Z,e169f97097,22,class_c_fd742027,sample_e169f97097.npz,c,vn/bang-chu-cai/c
8ab2c8d7ae,fd742027-b37f-4ef3-934e-fb53f1905021,c,C,vn,bang-chu-cai,camera,Trân,1778824957715,,,60,0,,dataset/features/vn/bang-chu-cai/class_c_fd742027/sample_8ab2c8d7ae.npz,features/vn/bang-chu-cai/class_c_fd742027/sample_8ab2c8d7ae.npz,https://drive.google.com/file/d/14OfM6t9_YmFZi4DPHUArd3NpK9JgOxqQ/view,,2026-05-15T06:38:19.159603Z,8ab2c8d7ae,22,class_c_fd742027,sample_8ab2c8d7ae.npz,c,vn/bang-chu-cai/c
b07d8e5945,fd742027-b37f-4ef3-934e-fb53f1905021,c,C,vn,bang-chu-cai,camera,Minh,1778824957715,,,60,0,,dataset/features/vn/bang-chu-cai/class_c_fd742027/sample_b07d8e5945.npz,features/vn/bang-chu-cai/class_c_fd742027/sample_b07d8e5945.npz,https://drive.google.com/file/d/1MLIQITx3T9eIx7nhRAW4Z-UJ1pekLuN8/view,,2026-05-15T06:40:07.053976Z,b07d8e5945,22,class_c_fd742027,sample_b07d8e5945.npz,c,vn/bang-chu-cai/c
14420f5053,fd742027-b37f-4ef3-934e-fb53f1905021,c,C,vn,bang-chu-cai,camera,Minh,1778824957715,,,60,0,,dataset/features/vn/bang-chu-cai/class_c_fd742027/sample_14420f5053.npz,features/vn/bang-chu-cai/class_c_fd742027/sample_14420f5053.npz,https://drive.google.com/file/d/1wEC37r8YEwmLcNY3Uciz0-q002kbdJIu/view,,2026-05-15T06:38:30.596719Z,14420f5053,22,class_c_fd742027,sample_14420f5053.npz,c,vn/bang-chu-cai/c
9859bd1612,fd742027-b37f-4ef3-934e-fb53f1905021,c,C,vn,bang-chu-cai,camera,Minh,1778824957715,,,60,0,,dataset/features/vn/bang-chu-cai/class_c_fd742027/sample_9859bd1612.npz,features/vn/bang-chu-cai/class_c_fd742027/sample_9859bd1612.npz,https://drive.google.com/file/d/15a1Nj7fVCeqXE3JPeQA3yJLzC7GVt58m/view,,2026-05-15T06:39:05.283798Z,9859bd1612,22,class_c_fd742027,sample_9859bd1612.npz,c,vn/bang-chu-cai/c
e362588f8c,fd742027-b37f-4ef3-934e-fb53f1905021,c,C,vn,bang-chu-cai,camera,Trân,1778824957715,,,60,0,,dataset/features/vn/bang-chu-cai/class_c_fd742027/sample_e362588f8c.npz,features/vn/bang-chu-cai/class_c_fd742027/sample_e362588f8c.npz,https://drive.google.com/file/d/1KViFg6cvGLMJQ7Zt3GrwykbAGanRSb59/view,,2026-05-15T06:36:59.896165Z,e362588f8c,22,class_c_fd742027,sample_e362588f8c.npz,c,vn/bang-chu-cai/c
9539fc6b85,fd742027-b37f-4ef3-934e-fb53f1905021,c,C,vn,bang-chu-cai,camera,Trân,1778824957715,,,60,0,,dataset/features/vn/bang-chu-cai/class_c_fd742027/sample_9539fc6b85.npz,features/vn/bang-chu-cai/class_c_fd742027/sample_9539fc6b85.npz,https://drive.google.com/file/d/1t_F9qtiGbjMuOoVa2warKcnHpmavElCO/view,,2026-05-15T06:37:40.168289Z,9539fc6b85,22,class_c_fd742027,sample_9539fc6b85.npz,c,vn/bang-chu-cai/c
1b937ea61f,fd742027-b37f-4ef3-934e-fb53f1905021,c,C,vn,bang-chu-cai,camera,Trân,1778824957715,,,60,0,,dataset/features/vn/bang-chu-cai/class_c_fd742027/sample_1b937ea61f.npz,features/vn/bang-chu-cai/class_c_fd742027/sample_1b937ea61f.npz,https://drive.google.com/file/d/14sD6oKGtFf9mJFQ-a98DUYyhQz7Qv_rW/view,,2026-05-15T06:37:17.370629Z,1b937ea61f,22,class_c_fd742027,sample_1b937ea61f.npz,c,vn/bang-chu-cai/c
eb3481a5a2,fd742027-b37f-4ef3-934e-fb53f1905021,c,C,vn,bang-chu-cai,camera,Minh,1778824957715,,,60,0,,dataset/features/vn/bang-chu-cai/class_c_fd742027/sample_eb3481a5a2.npz,features/vn/bang-chu-cai/class_c_fd742027/sample_eb3481a5a2.npz,https://drive.google.com/file/d/1ZTkMPsP9163bAmVChIFO5DtYY3gdpgYB/view,,2026-05-15T06:38:42.101792Z,eb3481a5a2,22,class_c_fd742027,sample_eb3481a5a2.npz,c,vn/bang-chu-cai/c
b00c3bbdd1,74491583-7d72-4b9f-91b5-18f039d50aa7,g,G,vn,bang-chu-cai,camera,Trân,1778824957715,,,60,0,,dataset/features/vn/bang-chu-cai/class_g_74491583/sample_b00c3bbdd1.npz,features/vn/bang-chu-cai/class_g_74491583/sample_b00c3bbdd1.npz,https://drive.google.com/file/d/1Xwof_4agl7N4ToezHCwbyTKAUsn7Ztrf/view,,2026-05-15T07:13:10.631955Z,b00c3bbdd1,23,class_g_74491583,sample_b00c3bbdd1.npz,g,vn/bang-chu-cai/g
8787bd7fe3,74491583-7d72-4b9f-91b5-18f039d50aa7,g,G,vn,bang-chu-cai,camera,Trân,1778824957715,,,60,0,,dataset/features/vn/bang-chu-cai/class_g_74491583/sample_8787bd7fe3.npz,features/vn/bang-chu-cai/class_g_74491583/sample_8787bd7fe3.npz,https://drive.google.com/file/d/1r2_SE8ysoAnODuU2MlbS49_HjTt8shfQ/view,,2026-05-15T07:05:50.034546Z,8787bd7fe3,23,class_g_74491583,sample_8787bd7fe3.npz,g,vn/bang-chu-cai/g
6ffee7cce5,74491583-7d72-4b9f-91b5-18f039d50aa7,g,G,vn,bang-chu-cai,camera,Trân,1778824957715,,,60,0,,dataset/features/vn/bang-chu-cai/class_g_74491583/sample_6ffee7cce5.npz,features/vn/bang-chu-cai/class_g_74491583/sample_6ffee7cce5.npz,https://drive.google.com/file/d/1vtj25ROmiFoq9_AkYVjJQIx2bAB7T9cK/view,,2026-05-15T07:06:12.998528Z,6ffee7cce5,23,class_g_74491583,sample_6ffee7cce5.npz,g,vn/bang-chu-cai/g
cc29daf483,74491583-7d72-4b9f-91b5-18f039d50aa7,g,G,vn,bang-chu-cai,camera,Minh,1778824957715,,,60,0,,dataset/features/vn/bang-chu-cai/class_g_74491583/sample_cc29daf483.npz,features/vn/bang-chu-cai/class_g_74491583/sample_cc29daf483.npz,https://drive.google.com/file/d/12B2C4Qwx0gV4_FhTSI7GBHmwvFoJNd3z/view,,2026-05-15T07:14:05.885562Z,cc29daf483,23,class_g_74491583,sample_cc29daf483.npz,g,vn/bang-chu-cai/g
b8e5065672,74491583-7d72-4b9f-91b5-18f039d50aa7,g,G,vn,bang-chu-cai,camera,Minh,1778824957715,,,60,0,,dataset/features/vn/bang-chu-cai/class_g_74491583/sample_b8e5065672.npz,features/vn/bang-chu-cai/class_g_74491583/sample_b8e5065672.npz,https://drive.google.com/file/d/1nKUbExl8F3bzVC-5B58kvMnmSJIrxMFs/view,,2026-05-15T07:14:28.690198Z,b8e5065672,23,class_g_74491583,sample_b8e5065672.npz,g,vn/bang-chu-cai/g
47b3f71e49,74491583-7d72-4b9f-91b5-18f039d50aa7,g,G,vn,bang-chu-cai,camera,Minh,1778824957715,,,60,0,,dataset/features/vn/bang-chu-cai/class_g_74491583/sample_47b3f71e49.npz,features/vn/bang-chu-cai/class_g_74491583/sample_47b3f71e49.npz,https://drive.google.com/file/d/19BgTXAkuGKnz3EkOiQyoMoKbK9LDk1Eh/view,,2026-05-15T07:14:39.887863Z,47b3f71e49,23,class_g_74491583,sample_47b3f71e49.npz,g,vn/bang-chu-cai/g
459a54ff87,74491583-7d72-4b9f-91b5-18f039d50aa7,g,G,vn,bang-chu-cai,camera,Trân,1778824957715,,,60,0,,dataset/features/vn/bang-chu-cai/class_g_74491583/sample_459a54ff87.npz,features/vn/bang-chu-cai/class_g_74491583/sample_459a54ff87.npz,https://drive.google.com/file/d/1t91tQix0XYvQYFaHWvF6XSv7llBMEW6h/view,,2026-05-15T07:06:01.340021Z,459a54ff87,23,class_g_74491583,sample_459a54ff87.npz,g,vn/bang-chu-cai/g
7054505f6d,74491583-7d72-4b9f-91b5-18f039d50aa7,g,G,vn,bang-chu-cai,camera,Minh,1778824957715,,,60,0,,dataset/features/vn/bang-chu-cai/class_g_74491583/sample_7054505f6d.npz,features/vn/bang-chu-cai/class_g_74491583/sample_7054505f6d.npz,https://drive.google.com/file/d/1D-DZS7qzCOvgFTEawcjLEmdDfP0tAzlD/view,,2026-05-15T07:17:26.256266Z,7054505f6d,23,class_g_74491583,sample_7054505f6d.npz,g,vn/bang-chu-cai/g
a13efb417d,74491583-7d72-4b9f-91b5-18f039d50aa7,g,G,vn,bang-chu-cai,camera,Trân,1778824957715,,,60,0,,dataset/features/vn/bang-chu-cai/class_g_74491583/sample_a13efb417d.npz,features/vn/bang-chu-cai/class_g_74491583/sample_a13efb417d.npz,https://drive.google.com/file/d/1oIw4Gq_BTKd7QB5iqtVxB43ExpwuS8TI/view,,2026-05-15T07:12:58.977966Z,a13efb417d,23,class_g_74491583,sample_a13efb417d.npz,g,vn/bang-chu-cai/g
d30a494a90,74491583-7d72-4b9f-91b5-18f039d50aa7,g,G,vn,bang-chu-cai,camera,Trân,1778824957715,,,60,0,,dataset/features/vn/bang-chu-cai/class_g_74491583/sample_d30a494a90.npz,features/vn/bang-chu-cai/class_g_74491583/sample_d30a494a90.npz,https://drive.google.com/file/d/1-QcHCZvLrQmQ9o6PWI694xg4Aa0uMuwG/view,,2026-05-15T07:12:43.073104Z,d30a494a90,23,class_g_74491583,sample_d30a494a90.npz,g,vn/bang-chu-cai/g
75b4b88a9a,74491583-7d72-4b9f-91b5-18f039d50aa7,g,G,vn,bang-chu-cai,camera,Trân,1778824957715,,,60,0,,dataset/features/vn/bang-chu-cai/class_g_74491583/sample_75b4b88a9a.npz,features/vn/bang-chu-cai/class_g_74491583/sample_75b4b88a9a.npz,https://drive.google.com/file/d/1WqbqrKjxq4ndMbVGvuVll_r0Ucm0wK_Q/view,,2026-05-15T07:12:19.931035Z,75b4b88a9a,23,class_g_74491583,sample_75b4b88a9a.npz,g,vn/bang-chu-cai/g
b2c27fe447,74491583-7d72-4b9f-91b5-18f039d50aa7,g,G,vn,bang-chu-cai,camera,Minh,1778824957715,,,60,0,,dataset/features/vn/bang-chu-cai/class_g_74491583/sample_b2c27fe447.npz,features/vn/bang-chu-cai/class_g_74491583/sample_b2c27fe447.npz,https://drive.google.com/file/d/1Z23sIY_XTdue8uUgmliVZHwb8cDQIWQX/view,,2026-05-15T07:14:17.208422Z,b2c27fe447,23,class_g_74491583,sample_b2c27fe447.npz,g,vn/bang-chu-cai/g
125d382949,74491583-7d72-4b9f-91b5-18f039d50aa7,g,G,vn,bang-chu-cai,camera,Trân,1778824957715,,,60,0,,dataset/features/vn/bang-chu-cai/class_g_74491583/sample_125d382949.npz,features/vn/bang-chu-cai/class_g_74491583/sample_125d382949.npz,https://drive.google.com/file/d/1xjhbA07_NrchuHg9Zah8nMCQ9nEuywPh/view,,2026-05-15T07:12:31.659420Z,125d382949,23,class_g_74491583,sample_125d382949.npz,g,vn/bang-chu-cai/g
a0659ade36,74491583-7d72-4b9f-91b5-18f039d50aa7,g,G,vn,bang-chu-cai,camera,Trân,1778824957715,,,60,0,,dataset/features/vn/bang-chu-cai/class_g_74491583/sample_a0659ade36.npz,features/vn/bang-chu-cai/class_g_74491583/sample_a0659ade36.npz,https://drive.google.com/file/d/1xKcWWDHgM_eyCUhR8PnxVBosjPXmv2QG/view,,2026-05-15T07:12:08.401216Z,a0659ade36,23,class_g_74491583,sample_a0659ade36.npz,g,vn/bang-chu-cai/g
d67c7cd3bf,74491583-7d72-4b9f-91b5-18f039d50aa7,g,G,vn,bang-chu-cai,camera,Trân,1778824957715,,,60,0,,dataset/features/vn/bang-chu-cai/class_g_74491583/sample_d67c7cd3bf.npz,features/vn/bang-chu-cai/class_g_74491583/sample_d67c7cd3bf.npz,https://drive.google.com/file/d/1PFIW2zqJ3fIj2eAjDDS5xa83p_qKhUkx/view,,2026-05-15T07:06:36.565164Z,d67c7cd3bf,23,class_g_74491583,sample_d67c7cd3bf.npz,g,vn/bang-chu-cai/g
87ae80149e,74491583-7d72-4b9f-91b5-18f039d50aa7,g,G,vn,bang-chu-cai,camera,Trân,1778824957715,,,60,0,,dataset/features/vn/bang-chu-cai/class_g_74491583/sample_87ae80149e.npz,features/vn/bang-chu-cai/class_g_74491583/sample_87ae80149e.npz,https://drive.google.com/file/d/1yLBvuIlDGdA1Ecb7MtUbQPWKtL9v1olU/view,,2026-05-15T07:13:33.621007Z,87ae80149e,23,class_g_74491583,sample_87ae80149e.npz,g,vn/bang-chu-cai/g
176f1426ce,74491583-7d72-4b9f-91b5-18f039d50aa7,g,G,vn,bang-chu-cai,camera,Trân,1778824957715,,,60,0,,dataset/features/vn/bang-chu-cai/class_g_74491583/sample_176f1426ce.npz,features/vn/bang-chu-cai/class_g_74491583/sample_176f1426ce.npz,https://drive.google.com/file/d/18gsFwOMNH5r6JH0j76O6uqdowoIHLMdZ/view,,2026-05-15T07:06:24.217611Z,176f1426ce,23,class_g_74491583,sample_176f1426ce.npz,g,vn/bang-chu-cai/g
f8c2e1630d,74491583-7d72-4b9f-91b5-18f039d50aa7,g,G,vn,bang-chu-cai,camera,Trân,1778824957715,,,60,0,,dataset/features/vn/bang-chu-cai/class_g_74491583/sample_f8c2e1630d.npz,features/vn/bang-chu-cai/class_g_74491583/sample_f8c2e1630d.npz,https://drive.google.com/file/d/1S9WDjlTf0ve4sd71hvxuAs0JEf1jPBHJ/view,,2026-05-15T07:13:45.083799Z,f8c2e1630d,23,class_g_74491583,sample_f8c2e1630d.npz,g,vn/bang-chu-cai/g
b3f99e9d68,aa57b18a-8318-4030-b356-00eddeef3845,h,H,vn,bang-chu-cai,camera,Trân,1778824957715,,,60,0,,dataset/features/vn/bang-chu-cai/class_h_aa57b18a/sample_b3f99e9d68.npz,features/vn/bang-chu-cai/class_h_aa57b18a/sample_b3f99e9d68.npz,https://drive.google.com/file/d/1Yk44ZBb5-aUgKFy2q6fKhTm_pOWGfBux/view,,2026-05-15T07:21:05.234150Z,b3f99e9d68,24,class_h_aa57b18a,sample_b3f99e9d68.npz,h,vn/bang-chu-cai/h
acc9d0a1f1,aa57b18a-8318-4030-b356-00eddeef3845,h,H,vn,bang-chu-cai,camera,Trân,1778824957715,,,60,0,,dataset/features/vn/bang-chu-cai/class_h_aa57b18a/sample_acc9d0a1f1.npz,features/vn/bang-chu-cai/class_h_aa57b18a/sample_acc9d0a1f1.npz,https://drive.google.com/file/d/12T_s2dE7TShaIawoxT_Vk1Y0Slcz2nJw/view,,2026-05-15T07:21:17.124692Z,acc9d0a1f1,24,class_h_aa57b18a,sample_acc9d0a1f1.npz,h,vn/bang-chu-cai/h
9224c5881d,aa57b18a-8318-4030-b356-00eddeef3845,h,H,vn,bang-chu-cai,camera,Minh,1778824957715,,,60,0,,dataset/features/vn/bang-chu-cai/class_h_aa57b18a/sample_9224c5881d.npz,features/vn/bang-chu-cai/class_h_aa57b18a/sample_9224c5881d.npz,https://drive.google.com/file/d/17ljTUXwtvkRCZ2DKtjACZevxqaegWdnB/view,,2026-05-15T07:23:12.982221Z,9224c5881d,24,class_h_aa57b18a,sample_9224c5881d.npz,h,vn/bang-chu-cai/h
d808d9133d,aa57b18a-8318-4030-b356-00eddeef3845,h,H,vn,bang-chu-cai,camera,Trân,1778824957715,,,60,0,,dataset/features/vn/bang-chu-cai/class_h_aa57b18a/sample_d808d9133d.npz,features/vn/bang-chu-cai/class_h_aa57b18a/sample_d808d9133d.npz,https://drive.google.com/file/d/1td3MARtRaSh3hMY7_CTGclefkWqZZdDM/view,,2026-05-15T07:18:40.354756Z,d808d9133d,24,class_h_aa57b18a,sample_d808d9133d.npz,h,vn/bang-chu-cai/h
bf5562a796,aa57b18a-8318-4030-b356-00eddeef3845,h,H,vn,bang-chu-cai,camera,Trân,1778824957715,,,60,0,,dataset/features/vn/bang-chu-cai/class_h_aa57b18a/sample_bf5562a796.npz,features/vn/bang-chu-cai/class_h_aa57b18a/sample_bf5562a796.npz,https://drive.google.com/file/d/1-yKV5w7kKS32MFxcqMi7Wp9r45TQDY0r/view,,2026-05-15T07:21:41.678385Z,bf5562a796,24,class_h_aa57b18a,sample_bf5562a796.npz,h,vn/bang-chu-cai/h
849bc69136,aa57b18a-8318-4030-b356-00eddeef3845,h,H,vn,bang-chu-cai,camera,Trân,1778824957715,,,60,0,,dataset/features/vn/bang-chu-cai/class_h_aa57b18a/sample_849bc69136.npz,features/vn/bang-chu-cai/class_h_aa57b18a/sample_849bc69136.npz,https://drive.google.com/file/d/1YQl3phTW2bm6JmV7BUBzY84KfEcJCvkj/view,,2026-05-15T07:19:02.693363Z,849bc69136,24,class_h_aa57b18a,sample_849bc69136.npz,h,vn/bang-chu-cai/h
78d3abc80e,aa57b18a-8318-4030-b356-00eddeef3845,h,H,vn,bang-chu-cai,camera,Trân,1778824957715,,,60,0,,dataset/features/vn/bang-chu-cai/class_h_aa57b18a/sample_78d3abc80e.npz,features/vn/bang-chu-cai/class_h_aa57b18a/sample_78d3abc80e.npz,https://drive.google.com/file/d/1bmbvtsjXMHwMl1Gg1LqpGDoByicR83-H/view,,2026-05-15T07:21:58.560600Z,78d3abc80e,24,class_h_aa57b18a,sample_78d3abc80e.npz,h,vn/bang-chu-cai/h
9e25ebf6e7,aa57b18a-8318-4030-b356-00eddeef3845,h,H,vn,bang-chu-cai,camera,Minh,1778824957715,,,60,0,,dataset/features/vn/bang-chu-cai/class_h_aa57b18a/sample_9e25ebf6e7.npz,features/vn/bang-chu-cai/class_h_aa57b18a/sample_9e25ebf6e7.npz,https://drive.google.com/file/d/1tK6Ka39SreqQW_I-a8K_EklP_l5P5cTK/view,,2026-05-15T07:24:16.291048Z,9e25ebf6e7,24,class_h_aa57b18a,sample_9e25ebf6e7.npz,h,vn/bang-chu-cai/h
b0fdfc91e0,aa57b18a-8318-4030-b356-00eddeef3845,h,H,vn,bang-chu-cai,camera,Trân,1778824957715,,,60,0,,dataset/features/vn/bang-chu-cai/class_h_aa57b18a/sample_b0fdfc91e0.npz,features/vn/bang-chu-cai/class_h_aa57b18a/sample_b0fdfc91e0.npz,https://drive.google.com/file/d/1w6TjZ1hPwZXzcIN0oOnqYMDb9vToO36t/view,,2026-05-15T07:19:14.086596Z,b0fdfc91e0,24,class_h_aa57b18a,sample_b0fdfc91e0.npz,h,vn/bang-chu-cai/h
ec006061cf,aa57b18a-8318-4030-b356-00eddeef3845,h,H,vn,bang-chu-cai,camera,Minh,1778824957715,,,60,0,,dataset/features/vn/bang-chu-cai/class_h_aa57b18a/sample_ec006061cf.npz,features/vn/bang-chu-cai/class_h_aa57b18a/sample_ec006061cf.npz,https://drive.google.com/file/d/1tE0fVU7id-ScS6ugSMAaPPiStohUt47n/view,,2026-05-15T07:23:47.705960Z,ec006061cf,24,class_h_aa57b18a,sample_ec006061cf.npz,h,vn/bang-chu-cai/h
a2a6eb16ab,aa57b18a-8318-4030-b356-00eddeef3845,h,H,vn,bang-chu-cai,camera,Trân,1778824957715,,,60,0,,dataset/features/vn/bang-chu-cai/class_h_aa57b18a/sample_a2a6eb16ab.npz,features/vn/bang-chu-cai/class_h_aa57b18a/sample_a2a6eb16ab.npz,https://drive.google.com/file/d/18kXEjhplss-AEUltK4yaekeHK2jWP4Or/view,,2026-05-15T07:18:51.470031Z,a2a6eb16ab,24,class_h_aa57b18a,sample_a2a6eb16ab.npz,h,vn/bang-chu-cai/h
bbcf12044f,aa57b18a-8318-4030-b356-00eddeef3845,h,H,vn,bang-chu-cai,camera,Minh,1778824957715,,,60,0,,dataset/features/vn/bang-chu-cai/class_h_aa57b18a/sample_bbcf12044f.npz,features/vn/bang-chu-cai/class_h_aa57b18a/sample_bbcf12044f.npz,https://drive.google.com/file/d/1FXrOqSV6x1bB2vO0l24KeZqd93p-gFhw/view,,2026-05-15T07:24:04.684972Z,bbcf12044f,24,class_h_aa57b18a,sample_bbcf12044f.npz,h,vn/bang-chu-cai/h
3dfc1bc32e,aa57b18a-8318-4030-b356-00eddeef3845,h,H,vn,bang-chu-cai,camera,Minh,1778824957715,,,60,0,,dataset/features/vn/bang-chu-cai/class_h_aa57b18a/sample_3dfc1bc32e.npz,features/vn/bang-chu-cai/class_h_aa57b18a/sample_3dfc1bc32e.npz,https://drive.google.com/file/d/1z5yCFYGY4M_06T1_lgD0bvI_fr9sTVSc/view,,2026-05-15T07:23:24.827965Z,3dfc1bc32e,24,class_h_aa57b18a,sample_3dfc1bc32e.npz,h,vn/bang-chu-cai/h
b0e198a94f,aa57b18a-8318-4030-b356-00eddeef3845,h,H,vn,bang-chu-cai,camera,Minh,1778824957715,,,60,0,,dataset/features/vn/bang-chu-cai/class_h_aa57b18a/sample_b0e198a94f.npz,features/vn/bang-chu-cai/class_h_aa57b18a/sample_b0e198a94f.npz,https://drive.google.com/file/d/1h_suQhws992gKMc7puurh38tO6KG1ib7/view,,2026-05-15T07:24:41.538140Z,b0e198a94f,24,class_h_aa57b18a,sample_b0e198a94f.npz,h,vn/bang-chu-cai/h
f2ceac2dfc,aa57b18a-8318-4030-b356-00eddeef3845,h,H,vn,bang-chu-cai,camera,Trân,1778824957715,,,60,0,,dataset/features/vn/bang-chu-cai/class_h_aa57b18a/sample_f2ceac2dfc.npz,features/vn/bang-chu-cai/class_h_aa57b18a/sample_f2ceac2dfc.npz,https://drive.google.com/file/d/14SbL5nfDSlsez8jArxpxUjmNxvpGWumt/view,,2026-05-15T07:20:53.379353Z,f2ceac2dfc,24,class_h_aa57b18a,sample_f2ceac2dfc.npz,h,vn/bang-chu-cai/h
ae64012c2e,aa57b18a-8318-4030-b356-00eddeef3845,h,H,vn,bang-chu-cai,camera,Trân,1778824957715,,,60,0,,dataset/features/vn/bang-chu-cai/class_h_aa57b18a/sample_ae64012c2e.npz,features/vn/bang-chu-cai/class_h_aa57b18a/sample_ae64012c2e.npz,https://drive.google.com/file/d/1TN5C82Q9OrSiLIA2fXJ3ds5cFAPvE0qp/view,,2026-05-15T07:22:45.781764Z,ae64012c2e,24,class_h_aa57b18a,sample_ae64012c2e.npz,h,vn/bang-chu-cai/h
51f8e98939,aa57b18a-8318-4030-b356-00eddeef3845,h,H,vn,bang-chu-cai,camera,Minh,1778824957715,,,60,0,,dataset/features/vn/bang-chu-cai/class_h_aa57b18a/sample_51f8e98939.npz,features/vn/bang-chu-cai/class_h_aa57b18a/sample_51f8e98939.npz,https://drive.google.com/file/d/1RcqCzeOr5ARjlnVn3ZyleA_3PXfzRtF8/view,,2026-05-15T07:24:27.748182Z,51f8e98939,24,class_h_aa57b18a,sample_51f8e98939.npz,h,vn/bang-chu-cai/h
f6ba36b63a,aa57b18a-8318-4030-b356-00eddeef3845,h,H,vn,bang-chu-cai,camera,Minh,1778824957715,,,60,0,,dataset/features/vn/bang-chu-cai/class_h_aa57b18a/sample_f6ba36b63a.npz,features/vn/bang-chu-cai/class_h_aa57b18a/sample_f6ba36b63a.npz,https://drive.google.com/file/d/1i9x8xoe4BzFFWIjm6p_cPMpcNwk9-Ckz/view,,2026-05-15T07:23:01.263805Z,f6ba36b63a,24,class_h_aa57b18a,sample_f6ba36b63a.npz,h,vn/bang-chu-cai/h
bbf60a939f,3910ecab-6306-4d26-a9ff-e7e923f7ad9f,i,I,vn,bang-chu-cai,camera,Trân,1778824957715,,,60,0,,dataset/features/vn/bang-chu-cai/class_i_3910ecab/sample_bbf60a939f.npz,features/vn/bang-chu-cai/class_i_3910ecab/sample_bbf60a939f.npz,https://drive.google.com/file/d/1zn5b0NHg5V0Kt5l5uEUhq0oih3-1kbbK/view,,2026-05-15T07:34:53.503328Z,bbf60a939f,25,class_i_3910ecab,sample_bbf60a939f.npz,i,vn/bang-chu-cai/i
6c139323d0,3910ecab-6306-4d26-a9ff-e7e923f7ad9f,i,I,vn,bang-chu-cai,camera,Trân,1778824957715,,,60,0,,dataset/features/vn/bang-chu-cai/class_i_3910ecab/sample_6c139323d0.npz,features/vn/bang-chu-cai/class_i_3910ecab/sample_6c139323d0.npz,https://drive.google.com/file/d/1J_fRiy2W-LH4nVRHWNHEyb7tcrKnzMk5/view,,2026-05-15T07:34:30.092736Z,6c139323d0,25,class_i_3910ecab,sample_6c139323d0.npz,i,vn/bang-chu-cai/i
66d7d6b9d9,3910ecab-6306-4d26-a9ff-e7e923f7ad9f,i,I,vn,bang-chu-cai,camera,Trân,1778824957715,,,60,0,,dataset/features/vn/bang-chu-cai/class_i_3910ecab/sample_66d7d6b9d9.npz,features/vn/bang-chu-cai/class_i_3910ecab/sample_66d7d6b9d9.npz,https://drive.google.com/file/d/1nEtlqEiGIzCHirIZyQRAohRkHrrXNwuh/view,,2026-05-15T07:33:39.107362Z,66d7d6b9d9,25,class_i_3910ecab,sample_66d7d6b9d9.npz,i,vn/bang-chu-cai/i
e932def25b,3910ecab-6306-4d26-a9ff-e7e923f7ad9f,i,I,vn,bang-chu-cai,camera,Trân,1778824957715,,,60,0,,dataset/features/vn/bang-chu-cai/class_i_3910ecab/sample_e932def25b.npz,features/vn/bang-chu-cai/class_i_3910ecab/sample_e932def25b.npz,https://drive.google.com/file/d/1ByjsWCenggkIk1Ki24X5e8yg6tAmm6ov/view,,2026-05-15T07:25:54.121803Z,e932def25b,25,class_i_3910ecab,sample_e932def25b.npz,i,vn/bang-chu-cai/i
d1bc98a4d4,3910ecab-6306-4d26-a9ff-e7e923f7ad9f,i,I,vn,bang-chu-cai,camera,Trân,1778824957715,,,60,0,,dataset/features/vn/bang-chu-cai/class_i_3910ecab/sample_d1bc98a4d4.npz,features/vn/bang-chu-cai/class_i_3910ecab/sample_d1bc98a4d4.npz,https://drive.google.com/file/d/10tdMZgazCuQazM7n94P-6M962Eym47zB/view,,2026-05-15T07:33:04.502975Z,d1bc98a4d4,25,class_i_3910ecab,sample_d1bc98a4d4.npz,i,vn/bang-chu-cai/i
4ea9f504dc,3910ecab-6306-4d26-a9ff-e7e923f7ad9f,i,I,vn,bang-chu-cai,camera,Trân,1778824957715,,,60,0,,dataset/features/vn/bang-chu-cai/class_i_3910ecab/sample_4ea9f504dc.npz,features/vn/bang-chu-cai/class_i_3910ecab/sample_4ea9f504dc.npz,https://drive.google.com/file/d/1lljV_QaU4jeA9NC1Cm00668Gse9uzBsX/view,,2026-05-15T07:35:05.065900Z,4ea9f504dc,25,class_i_3910ecab,sample_4ea9f504dc.npz,i,vn/bang-chu-cai/i
450d12f7ac,3910ecab-6306-4d26-a9ff-e7e923f7ad9f,i,I,vn,bang-chu-cai,camera,Trân,1778824957715,,,60,0,,dataset/features/vn/bang-chu-cai/class_i_3910ecab/sample_450d12f7ac.npz,features/vn/bang-chu-cai/class_i_3910ecab/sample_450d12f7ac.npz,https://drive.google.com/file/d/1L9ChPXtoVaigTgoTManXVkyuthkHUADQ/view,,2026-05-15T07:25:41.791414Z,450d12f7ac,25,class_i_3910ecab,sample_450d12f7ac.npz,i,vn/bang-chu-cai/i
689b2cbc18,3910ecab-6306-4d26-a9ff-e7e923f7ad9f,i,I,vn,bang-chu-cai,camera,Minh,1778824957715,,,60,0,,dataset/features/vn/bang-chu-cai/class_i_3910ecab/sample_689b2cbc18.npz,features/vn/bang-chu-cai/class_i_3910ecab/sample_689b2cbc18.npz,https://drive.google.com/file/d/1dtWpGO6XYXxk5D9L_tw2ySmAoTe4hKiD/view,,2026-05-15T07:35:47.041665Z,689b2cbc18,25,class_i_3910ecab,sample_689b2cbc18.npz,i,vn/bang-chu-cai/i
ba1c5149aa,3910ecab-6306-4d26-a9ff-e7e923f7ad9f,i,I,vn,bang-chu-cai,camera,Trân,1778824957715,,,60,0,,dataset/features/vn/bang-chu-cai/class_i_3910ecab/sample_ba1c5149aa.npz,features/vn/bang-chu-cai/class_i_3910ecab/sample_ba1c5149aa.npz,https://drive.google.com/file/d/1nC8eeZoQML5PSvHoLYyL_wL0xRkeGRyI/view,,2026-05-15T07:33:50.649034Z,ba1c5149aa,25,class_i_3910ecab,sample_ba1c5149aa.npz,i,vn/bang-chu-cai/i
f4d8c8c979,3910ecab-6306-4d26-a9ff-e7e923f7ad9f,i,I,vn,bang-chu-cai,camera,Minh,1778824957715,,,60,0,,dataset/features/vn/bang-chu-cai/class_i_3910ecab/sample_f4d8c8c979.npz,features/vn/bang-chu-cai/class_i_3910ecab/sample_f4d8c8c979.npz,https://drive.google.com/file/d/1K6Ulw5ivJVmWdej4oGJacxo_fArkYpW6/view,,2026-05-15T07:35:35.923638Z,f4d8c8c979,25,class_i_3910ecab,sample_f4d8c8c979.npz,i,vn/bang-chu-cai/i
6a3bf84ec4,3910ecab-6306-4d26-a9ff-e7e923f7ad9f,i,I,vn,bang-chu-cai,camera,Minh,1778824957715,,,60,0,,dataset/features/vn/bang-chu-cai/class_i_3910ecab/sample_6a3bf84ec4.npz,features/vn/bang-chu-cai/class_i_3910ecab/sample_6a3bf84ec4.npz,https://drive.google.com/file/d/128wzHxKrsU-GtBKdWPZd1Jk_dzS4lDBH/view,,2026-05-15T07:36:40.962205Z,6a3bf84ec4,25,class_i_3910ecab,sample_6a3bf84ec4.npz,i,vn/bang-chu-cai/i
cf11bb9489,3910ecab-6306-4d26-a9ff-e7e923f7ad9f,i,I,vn,bang-chu-cai,camera,Trân,1778824957715,,,60,0,,dataset/features/vn/bang-chu-cai/class_i_3910ecab/sample_cf11bb9489.npz,features/vn/bang-chu-cai/class_i_3910ecab/sample_cf11bb9489.npz,https://drive.google.com/file/d/1AaFGy0eRf7Q6CpFVUFQQjhsGa3G5qFif/view,,2026-05-15T07:25:06.173821Z,cf11bb9489,25,class_i_3910ecab,sample_cf11bb9489.npz,i,vn/bang-chu-cai/i
16e1b194c7,3910ecab-6306-4d26-a9ff-e7e923f7ad9f,i,I,vn,bang-chu-cai,camera,Trân,1778824957715,,,60,0,,dataset/features/vn/bang-chu-cai/class_i_3910ecab/sample_16e1b194c7.npz,features/vn/bang-chu-cai/class_i_3910ecab/sample_16e1b194c7.npz,https://drive.google.com/file/d/16iI1fKSI-4noWGXBxFW-OIVvJCVDIwAO/view,,2026-05-15T07:34:18.474435Z,16e1b194c7,25,class_i_3910ecab,sample_16e1b194c7.npz,i,vn/bang-chu-cai/i
ab055d3a55,3910ecab-6306-4d26-a9ff-e7e923f7ad9f,i,I,vn,bang-chu-cai,camera,Minh,1778824957715,,,60,0,,dataset/features/vn/bang-chu-cai/class_i_3910ecab/sample_ab055d3a55.npz,features/vn/bang-chu-cai/class_i_3910ecab/sample_ab055d3a55.npz,https://drive.google.com/file/d/19y17qphblSZqZv-rMTDa5n1QEEPC6pcP/view,,2026-05-15T07:37:15.641300Z,ab055d3a55,25,class_i_3910ecab,sample_ab055d3a55.npz,i,vn/bang-chu-cai/i
f80c203751,3910ecab-6306-4d26-a9ff-e7e923f7ad9f,i,I,vn,bang-chu-cai,camera,Minh,1778824957715,,,60,0,,dataset/features/vn/bang-chu-cai/class_i_3910ecab/sample_f80c203751.npz,features/vn/bang-chu-cai/class_i_3910ecab/sample_f80c203751.npz,https://drive.google.com/file/d/1RNLQFntWeQHpL-XSgiiP8hJTaKq0SDkl/view,,2026-05-15T07:37:03.925143Z,f80c203751,25,class_i_3910ecab,sample_f80c203751.npz,i,vn/bang-chu-cai/i
74789ad3d2,3910ecab-6306-4d26-a9ff-e7e923f7ad9f,i,I,vn,bang-chu-cai,camera,Trân,1778824957715,,,60,0,,dataset/features/vn/bang-chu-cai/class_i_3910ecab/sample_74789ad3d2.npz,features/vn/bang-chu-cai/class_i_3910ecab/sample_74789ad3d2.npz,https://drive.google.com/file/d/1CSGDZVa6BUse9dxmMWCPV-mGO03tnhxV/view,,2026-05-15T07:33:27.688336Z,74789ad3d2,25,class_i_3910ecab,sample_74789ad3d2.npz,i,vn/bang-chu-cai/i
1e928dc806,3910ecab-6306-4d26-a9ff-e7e923f7ad9f,i,I,vn,bang-chu-cai,camera,Minh,1778824957715,,,60,0,,dataset/features/vn/bang-chu-cai/class_i_3910ecab/sample_1e928dc806.npz,features/vn/bang-chu-cai/class_i_3910ecab/sample_1e928dc806.npz,https://drive.google.com/file/d/1W-vEEqS0HXtLSC3lFQSNT_cXcyuuPVi9/view,,2026-05-15T07:36:29.351507Z,1e928dc806,25,class_i_3910ecab,sample_1e928dc806.npz,i,vn/bang-chu-cai/i
fdd68f8b45,3910ecab-6306-4d26-a9ff-e7e923f7ad9f,i,I,vn,bang-chu-cai,camera,Trân,1778824957715,,,60,0,,dataset/features/vn/bang-chu-cai/class_i_3910ecab/sample_fdd68f8b45.npz,features/vn/bang-chu-cai/class_i_3910ecab/sample_fdd68f8b45.npz,https://drive.google.com/file/d/1xRy0KysjS3PpCoQ9KLTKosAXibDU2HKN/view,,2026-05-15T07:34:41.896520Z,fdd68f8b45,25,class_i_3910ecab,sample_fdd68f8b45.npz,i,vn/bang-chu-cai/i
a7754c3181,d97fc7fd-0b6a-4feb-a857-d33ca6b9c12e,k,K,vn,bang-chu-cai,camera,Trân,1778824957715,,,60,0,,dataset/features/vn/bang-chu-cai/class_k_d97fc7fd/sample_a7754c3181.npz,features/vn/bang-chu-cai/class_k_d97fc7fd/sample_a7754c3181.npz,https://drive.google.com/file/d/1OOtw_0ovu8yw4XCSZ6DIR6emLgfA9q-C/view,,2026-05-15T07:40:01.383459Z,a7754c3181,26,class_k_d97fc7fd,sample_a7754c3181.npz,k,vn/bang-chu-cai/k
95e746db1d,d97fc7fd-0b6a-4feb-a857-d33ca6b9c12e,k,K,vn,bang-chu-cai,camera,Trân,1778824957715,,,60,0,,dataset/features/vn/bang-chu-cai/class_k_d97fc7fd/sample_95e746db1d.npz,features/vn/bang-chu-cai/class_k_d97fc7fd/sample_95e746db1d.npz,https://drive.google.com/file/d/1Sj53Eq1j502ZxrQZPcS45MF-cR3zSK3I/view,,2026-05-15T07:41:30.718788Z,95e746db1d,26,class_k_d97fc7fd,sample_95e746db1d.npz,k,vn/bang-chu-cai/k
8bd6c3d043,d97fc7fd-0b6a-4feb-a857-d33ca6b9c12e,k,K,vn,bang-chu-cai,camera,Trân,1778824957715,,,60,0,,dataset/features/vn/bang-chu-cai/class_k_d97fc7fd/sample_8bd6c3d043.npz,features/vn/bang-chu-cai/class_k_d97fc7fd/sample_8bd6c3d043.npz,https://drive.google.com/file/d/1Zhid6UA89CO8odkkowTGHFHLZLk7CRx-/view,,2026-05-15T07:41:07.920942Z,8bd6c3d043,26,class_k_d97fc7fd,sample_8bd6c3d043.npz,k,vn/bang-chu-cai/k
b6122aac47,d97fc7fd-0b6a-4feb-a857-d33ca6b9c12e,k,K,vn,bang-chu-cai,camera,Minh,1778824957715,,,60,0,,dataset/features/vn/bang-chu-cai/class_k_d97fc7fd/sample_b6122aac47.npz,features/vn/bang-chu-cai/class_k_d97fc7fd/sample_b6122aac47.npz,https://drive.google.com/file/d/1cs0P-WD9idYvKCkCLM4dKRqEseVdmLSB/view,,2026-05-15T07:42:14.859077Z,b6122aac47,26,class_k_d97fc7fd,sample_b6122aac47.npz,k,vn/bang-chu-cai/k
b4fdb61f33,d97fc7fd-0b6a-4feb-a857-d33ca6b9c12e,k,K,vn,bang-chu-cai,camera,Minh,1778824957715,,,60,0,,dataset/features/vn/bang-chu-cai/class_k_d97fc7fd/sample_b4fdb61f33.npz,features/vn/bang-chu-cai/class_k_d97fc7fd/sample_b4fdb61f33.npz,https://drive.google.com/file/d/1ZqCfQ5uWdjVfwja0VAIBFxj94YByqmTk/view,,2026-05-15T07:42:26.440221Z,b4fdb61f33,26,class_k_d97fc7fd,sample_b4fdb61f33.npz,k,vn/bang-chu-cai/k
60c1024cba,d97fc7fd-0b6a-4feb-a857-d33ca6b9c12e,k,K,vn,bang-chu-cai,camera,Minh,1778824957715,,,60,0,,dataset/features/vn/bang-chu-cai/class_k_d97fc7fd/sample_60c1024cba.npz,features/vn/bang-chu-cai/class_k_d97fc7fd/sample_60c1024cba.npz,https://drive.google.com/file/d/1fg7HKydQwOHbm3pg9wWz8HcsCuSHHfNG/view,,2026-05-15T07:42:48.890524Z,60c1024cba,26,class_k_d97fc7fd,sample_60c1024cba.npz,k,vn/bang-chu-cai/k
5f2ad24957,d97fc7fd-0b6a-4feb-a857-d33ca6b9c12e,k,K,vn,bang-chu-cai,camera,Trân,1778824957715,,,60,0,,dataset/features/vn/bang-chu-cai/class_k_d97fc7fd/sample_5f2ad24957.npz,features/vn/bang-chu-cai/class_k_d97fc7fd/sample_5f2ad24957.npz,https://drive.google.com/file/d/1D6cEIo_wnZ4gzZF9HL2Y1aP1pEKPRik2/view,,2026-05-15T07:41:42.058961Z,5f2ad24957,26,class_k_d97fc7fd,sample_5f2ad24957.npz,k,vn/bang-chu-cai/k
8ca29b78f2,d97fc7fd-0b6a-4feb-a857-d33ca6b9c12e,k,K,vn,bang-chu-cai,camera,Minh,1778824957715,,,60,0,,dataset/features/vn/bang-chu-cai/class_k_d97fc7fd/sample_8ca29b78f2.npz,features/vn/bang-chu-cai/class_k_d97fc7fd/sample_8ca29b78f2.npz,https://drive.google.com/file/d/1PxTVr_650V9GRGl4WfdApS_L902HJYxu/view,,2026-05-15T07:43:43.090237Z,8ca29b78f2,26,class_k_d97fc7fd,sample_8ca29b78f2.npz,k,vn/bang-chu-cai/k
a190867867,d97fc7fd-0b6a-4feb-a857-d33ca6b9c12e,k,K,vn,bang-chu-cai,camera,Minh,1778824957715,,,60,0,,dataset/features/vn/bang-chu-cai/class_k_d97fc7fd/sample_a190867867.npz,features/vn/bang-chu-cai/class_k_d97fc7fd/sample_a190867867.npz,https://drive.google.com/file/d/10TPTKjzWkQhJdDYTbKIn6UID59EG4xjg/view,,2026-05-15T07:43:54.363759Z,a190867867,26,class_k_d97fc7fd,sample_a190867867.npz,k,vn/bang-chu-cai/k
ceb39b000a,d97fc7fd-0b6a-4feb-a857-d33ca6b9c12e,k,K,vn,bang-chu-cai,camera,Trân,1778824957715,,,60,0,,dataset/features/vn/bang-chu-cai/class_k_d97fc7fd/sample_ceb39b000a.npz,features/vn/bang-chu-cai/class_k_d97fc7fd/sample_ceb39b000a.npz,https://drive.google.com/file/d/1ZMxn6sc_zrbEIYb_CarMp2hng7EKJLDr/view,,2026-05-15T07:38:01.145274Z,ceb39b000a,26,class_k_d97fc7fd,sample_ceb39b000a.npz,k,vn/bang-chu-cai/k
8f66bca65f,d97fc7fd-0b6a-4feb-a857-d33ca6b9c12e,k,K,vn,bang-chu-cai,camera,Minh,1778824957715,,,60,0,,dataset/features/vn/bang-chu-cai/class_k_d97fc7fd/sample_8f66bca65f.npz,features/vn/bang-chu-cai/class_k_d97fc7fd/sample_8f66bca65f.npz,https://drive.google.com/file/d/1pcwPp3xGWpaw7LnOx8DfkzN8pBF1V5_F/view,,2026-05-15T07:43:31.547716Z,8f66bca65f,26,class_k_d97fc7fd,sample_8f66bca65f.npz,k,vn/bang-chu-cai/k
ab04c8668a,d97fc7fd-0b6a-4feb-a857-d33ca6b9c12e,k,K,vn,bang-chu-cai,camera,Trân,1778824957715,,,60,0,,dataset/features/vn/bang-chu-cai/class_k_d97fc7fd/sample_ab04c8668a.npz,features/vn/bang-chu-cai/class_k_d97fc7fd/sample_ab04c8668a.npz,https://drive.google.com/file/d/1KEwj_bvMUDqRR2-UWUkQZ04Dk84IP1GC/view,,2026-05-15T07:37:37.571186Z,ab04c8668a,26,class_k_d97fc7fd,sample_ab04c8668a.npz,k,vn/bang-chu-cai/k
077262ba98,d97fc7fd-0b6a-4feb-a857-d33ca6b9c12e,k,K,vn,bang-chu-cai,camera,Trân,1778824957715,,,60,0,,dataset/features/vn/bang-chu-cai/class_k_d97fc7fd/sample_077262ba98.npz,features/vn/bang-chu-cai/class_k_d97fc7fd/sample_077262ba98.npz,https://drive.google.com/file/d/1Xd7_d3jyOBYH3LGFhNH9pWp2BXoFtAB3/view,,2026-05-15T07:40:47.798987Z,077262ba98,26,class_k_d97fc7fd,sample_077262ba98.npz,k,vn/bang-chu-cai/k
a11a313d17,d97fc7fd-0b6a-4feb-a857-d33ca6b9c12e,k,K,vn,bang-chu-cai,camera,Minh,1778824957715,,,60,0,,dataset/features/vn/bang-chu-cai/class_k_d97fc7fd/sample_a11a313d17.npz,features/vn/bang-chu-cai/class_k_d97fc7fd/sample_a11a313d17.npz,https://drive.google.com/file/d/1AK2l2Ya5v99E6GyS0lf4x09rVg29qtEI/view,,2026-05-15T07:43:00.165414Z,a11a313d17,26,class_k_d97fc7fd,sample_a11a313d17.npz,k,vn/bang-chu-cai/k
d0231463a9,d97fc7fd-0b6a-4feb-a857-d33ca6b9c12e,k,K,vn,bang-chu-cai,camera,Trân,1778824957715,,,60,0,,dataset/features/vn/bang-chu-cai/class_k_d97fc7fd/sample_d0231463a9.npz,features/vn/bang-chu-cai/class_k_d97fc7fd/sample_d0231463a9.npz,https://drive.google.com/file/d/1oibv8H1kEY9jiwwWHudYtaiYVk_Xt8BK/view,,2026-05-15T07:38:12.598996Z,d0231463a9,26,class_k_d97fc7fd,sample_d0231463a9.npz,k,vn/bang-chu-cai/k
984d7e0c28,d97fc7fd-0b6a-4feb-a857-d33ca6b9c12e,k,K,vn,bang-chu-cai,camera,Trân,1778824957715,,,60,0,,dataset/features/vn/bang-chu-cai/class_k_d97fc7fd/sample_984d7e0c28.npz,features/vn/bang-chu-cai/class_k_d97fc7fd/sample_984d7e0c28.npz,https://drive.google.com/file/d/1U8CWaOXZVrKb-4CU8hNFzgURzQ91hELA/view,,2026-05-15T07:41:53.699908Z,984d7e0c28,26,class_k_d97fc7fd,sample_984d7e0c28.npz,k,vn/bang-chu-cai/k
20995c500f,d97fc7fd-0b6a-4feb-a857-d33ca6b9c12e,k,K,vn,bang-chu-cai,camera,Minh,1778824957715,,,60,0,,dataset/features/vn/bang-chu-cai/class_k_d97fc7fd/sample_20995c500f.npz,features/vn/bang-chu-cai/class_k_d97fc7fd/sample_20995c500f.npz,https://drive.google.com/file/d/18JNxJLKmDL6NDcYzCD75ZSU4T1SbTDNe/view,,2026-05-15T07:43:19.861283Z,20995c500f,26,class_k_d97fc7fd,sample_20995c500f.npz,k,vn/bang-chu-cai/k
d5c579b314,d97fc7fd-0b6a-4feb-a857-d33ca6b9c12e,k,K,vn,bang-chu-cai,camera,Trân,1778824957715,,,60,0,,dataset/features/vn/bang-chu-cai/class_k_d97fc7fd/sample_d5c579b314.npz,features/vn/bang-chu-cai/class_k_d97fc7fd/sample_d5c579b314.npz,https://drive.google.com/file/d/1p49i8FCpfyD9SlMlh5To0H-LPjoXaLiQ/view,,2026-05-15T07:37:49.352196Z,d5c579b314,26,class_k_d97fc7fd,sample_d5c579b314.npz,k,vn/bang-chu-cai/k
acf919e1ed,905a0da2-0e92-4d75-8253-45dc79d0f44d,l,L,vn,bang-chu-cai,camera,Trân,1778824957715,,,60,0,,dataset/features/vn/bang-chu-cai/class_l_905a0da2/sample_acf919e1ed.npz,features/vn/bang-chu-cai/class_l_905a0da2/sample_acf919e1ed.npz,https://drive.google.com/file/d/11JFcZIpZho6rUMkZL-yZSkKfPlJjddCE/view,,2026-05-15T07:48:48.340274Z,acf919e1ed,27,class_l_905a0da2,sample_acf919e1ed.npz,l,vn/bang-chu-cai/l
83d7b53c18,905a0da2-0e92-4d75-8253-45dc79d0f44d,l,L,vn,bang-chu-cai,camera,Trân,1778824957715,,,60,0,,dataset/features/vn/bang-chu-cai/class_l_905a0da2/sample_83d7b53c18.npz,features/vn/bang-chu-cai/class_l_905a0da2/sample_83d7b53c18.npz,https://drive.google.com/file/d/1TpMVbonW74cvjG8PaIyYv_m4EkAtIntB/view,,2026-05-15T07:47:11.054745Z,83d7b53c18,27,class_l_905a0da2,sample_83d7b53c18.npz,l,vn/bang-chu-cai/l
736a836333,905a0da2-0e92-4d75-8253-45dc79d0f44d,l,L,vn,bang-chu-cai,camera,Minh,1778824957715,,,60,0,,dataset/features/vn/bang-chu-cai/class_l_905a0da2/sample_736a836333.npz,features/vn/bang-chu-cai/class_l_905a0da2/sample_736a836333.npz,https://drive.google.com/file/d/1XlIrLRzLRpKnhViOfTUNFFN1LR27bhlN/view,,2026-05-15T07:49:29.550947Z,736a836333,27,class_l_905a0da2,sample_736a836333.npz,l,vn/bang-chu-cai/l
d3230ab98c,905a0da2-0e92-4d75-8253-45dc79d0f44d,l,L,vn,bang-chu-cai,camera,Minh,1778824957715,,,60,0,,dataset/features/vn/bang-chu-cai/class_l_905a0da2/sample_d3230ab98c.npz,features/vn/bang-chu-cai/class_l_905a0da2/sample_d3230ab98c.npz,https://drive.google.com/file/d/1qoVknoSrxPVVlMj8pZFD3KNKENm6oQYc/view,,2026-05-15T07:50:53.247436Z,d3230ab98c,27,class_l_905a0da2,sample_d3230ab98c.npz,l,vn/bang-chu-cai/l
c464df3e76,905a0da2-0e92-4d75-8253-45dc79d0f44d,l,L,vn,bang-chu-cai,camera,Trân,1778824957715,,,60,0,,dataset/features/vn/bang-chu-cai/class_l_905a0da2/sample_c464df3e76.npz,features/vn/bang-chu-cai/class_l_905a0da2/sample_c464df3e76.npz,https://drive.google.com/file/d/1Q_CB0uZczTxaWD4CriUEcBncCgoY2IR6/view,,2026-05-15T07:48:02.726267Z,c464df3e76,27,class_l_905a0da2,sample_c464df3e76.npz,l,vn/bang-chu-cai/l
415acef280,905a0da2-0e92-4d75-8253-45dc79d0f44d,l,L,vn,bang-chu-cai,camera,Minh,1778824957715,,,60,0,,dataset/features/vn/bang-chu-cai/class_l_905a0da2/sample_415acef280.npz,features/vn/bang-chu-cai/class_l_905a0da2/sample_415acef280.npz,https://drive.google.com/file/d/1XD-9THgSSn15lSHYYI6l1HX9nVgROnOA/view,,2026-05-15T07:50:41.799155Z,415acef280,27,class_l_905a0da2,sample_415acef280.npz,l,vn/bang-chu-cai/l
33d586b314,905a0da2-0e92-4d75-8253-45dc79d0f44d,l,L,vn,bang-chu-cai,camera,Trân,1778824957715,,,60,0,,dataset/features/vn/bang-chu-cai/class_l_905a0da2/sample_33d586b314.npz,features/vn/bang-chu-cai/class_l_905a0da2/sample_33d586b314.npz,https://drive.google.com/file/d/1sVgeYqO6lSDbtRyZPj-OIMkozUN-0lSk/view,,2026-05-15T07:47:34.593408Z,33d586b314,27,class_l_905a0da2,sample_33d586b314.npz,l,vn/bang-chu-cai/l
824d4da14a,905a0da2-0e92-4d75-8253-45dc79d0f44d,l,L,vn,bang-chu-cai,camera,Minh,1778824957715,,,60,0,,dataset/features/vn/bang-chu-cai/class_l_905a0da2/sample_824d4da14a.npz,features/vn/bang-chu-cai/class_l_905a0da2/sample_824d4da14a.npz,https://drive.google.com/file/d/1MMdR5D079TnkyvIyxNIpgoQomy2rrfqF/view,,2026-05-15T07:49:52.849654Z,824d4da14a,27,class_l_905a0da2,sample_824d4da14a.npz,l,vn/bang-chu-cai/l
abb4053ad3,905a0da2-0e92-4d75-8253-45dc79d0f44d,l,L,vn,bang-chu-cai,camera,Trân,1778824957715,,,60,0,,dataset/features/vn/bang-chu-cai/class_l_905a0da2/sample_abb4053ad3.npz,features/vn/bang-chu-cai/class_l_905a0da2/sample_abb4053ad3.npz,https://drive.google.com/file/d/19qg86DkEW9pEK3pdp3M2Lm9-JljhxJxd/view,,2026-05-15T07:47:46.254506Z,abb4053ad3,27,class_l_905a0da2,sample_abb4053ad3.npz,l,vn/bang-chu-cai/l
e76f2608d7,905a0da2-0e92-4d75-8253-45dc79d0f44d,l,L,vn,bang-chu-cai,camera,Minh,1778824957715,,,60,0,,dataset/features/vn/bang-chu-cai/class_l_905a0da2/sample_e76f2608d7.npz,features/vn/bang-chu-cai/class_l_905a0da2/sample_e76f2608d7.npz,https://drive.google.com/file/d/1CSJBk79fBSdDhfLZZtqfFNvkKNsCjjlS/view,,2026-05-15T07:50:30.181709Z,e76f2608d7,27,class_l_905a0da2,sample_e76f2608d7.npz,l,vn/bang-chu-cai/l
82eb720926,905a0da2-0e92-4d75-8253-45dc79d0f44d,l,L,vn,bang-chu-cai,camera,Trân,1778824957715,,,60,0,,dataset/features/vn/bang-chu-cai/class_l_905a0da2/sample_82eb720926.npz,features/vn/bang-chu-cai/class_l_905a0da2/sample_82eb720926.npz,https://drive.google.com/file/d/1PHy1ro9L519dEYJaLE2brKqicFJPqxE0/view,,2026-05-15T07:48:13.958194Z,82eb720926,27,class_l_905a0da2,sample_82eb720926.npz,l,vn/bang-chu-cai/l
beb6994495,905a0da2-0e92-4d75-8253-45dc79d0f44d,l,L,vn,bang-chu-cai,camera,Trân,1778824957715,,,60,0,,dataset/features/vn/bang-chu-cai/class_l_905a0da2/sample_beb6994495.npz,features/vn/bang-chu-cai/class_l_905a0da2/sample_beb6994495.npz,https://drive.google.com/file/d/1o71vZBejAtK7vPYRkol_Zgwkg-r6hnCI/view,,2026-05-15T07:46:59.664892Z,beb6994495,27,class_l_905a0da2,sample_beb6994495.npz,l,vn/bang-chu-cai/l
0b521e0145,905a0da2-0e92-4d75-8253-45dc79d0f44d,l,L,vn,bang-chu-cai,camera,Minh,1778824957715,,,60,0,,dataset/features/vn/bang-chu-cai/class_l_905a0da2/sample_0b521e0145.npz,features/vn/bang-chu-cai/class_l_905a0da2/sample_0b521e0145.npz,https://drive.google.com/file/d/1GJFGTMLxIiLtyYA269ddYEIuvbEH4up-/view,,2026-05-15T07:49:06.553195Z,0b521e0145,27,class_l_905a0da2,sample_0b521e0145.npz,l,vn/bang-chu-cai/l
a7fa84a035,905a0da2-0e92-4d75-8253-45dc79d0f44d,l,L,vn,bang-chu-cai,camera,Trân,1778824957715,,,60,0,,dataset/features/vn/bang-chu-cai/class_l_905a0da2/sample_a7fa84a035.npz,features/vn/bang-chu-cai/class_l_905a0da2/sample_a7fa84a035.npz,https://drive.google.com/file/d/1cC53JKJfO1pFGsF5OUM4UrxaQJ5JKM0t/view,,2026-05-15T07:48:37.024998Z,a7fa84a035,27,class_l_905a0da2,sample_a7fa84a035.npz,l,vn/bang-chu-cai/l
f11decdcc9,905a0da2-0e92-4d75-8253-45dc79d0f44d,l,L,vn,bang-chu-cai,camera,Minh,1778824957715,,,60,0,,dataset/features/vn/bang-chu-cai/class_l_905a0da2/sample_f11decdcc9.npz,features/vn/bang-chu-cai/class_l_905a0da2/sample_f11decdcc9.npz,https://drive.google.com/file/d/1KO-GxuuoOs4-e2rMlN4Sx31wTn5klW7X/view,,2026-05-15T07:50:18.561827Z,f11decdcc9,27,class_l_905a0da2,sample_f11decdcc9.npz,l,vn/bang-chu-cai/l
943151475a,905a0da2-0e92-4d75-8253-45dc79d0f44d,l,L,vn,bang-chu-cai,camera,Minh,1778824957715,,,60,0,,dataset/features/vn/bang-chu-cai/class_l_905a0da2/sample_943151475a.npz,features/vn/bang-chu-cai/class_l_905a0da2/sample_943151475a.npz,https://drive.google.com/file/d/1q5jVe7UDGPNQ_ekL8uQKFIOqcqDR-9Vi/view,,2026-05-15T07:49:41.338380Z,943151475a,27,class_l_905a0da2,sample_943151475a.npz,l,vn/bang-chu-cai/l
17454644fc,905a0da2-0e92-4d75-8253-45dc79d0f44d,l,L,vn,bang-chu-cai,camera,Trân,1778824957715,,,60,0,,dataset/features/vn/bang-chu-cai/class_l_905a0da2/sample_17454644fc.npz,features/vn/bang-chu-cai/class_l_905a0da2/sample_17454644fc.npz,https://drive.google.com/file/d/10GOuvWuaYZHNJZRYiGXuPwv6W5psSuAT/view,,2026-05-15T07:45:25.413160Z,17454644fc,27,class_l_905a0da2,sample_17454644fc.npz,l,vn/bang-chu-cai/l
f4cc357b8e,905a0da2-0e92-4d75-8253-45dc79d0f44d,l,L,vn,bang-chu-cai,camera,Trân,1778824957715,,,60,0,,dataset/features/vn/bang-chu-cai/class_l_905a0da2/sample_f4cc357b8e.npz,features/vn/bang-chu-cai/class_l_905a0da2/sample_f4cc357b8e.npz,https://drive.google.com/file/d/1oCxWq30H9DnbqwmGIhASx2-cJkk8JIwN/view,,2026-05-15T07:44:39.298065Z,f4cc357b8e,27,class_l_905a0da2,sample_f4cc357b8e.npz,l,vn/bang-chu-cai/l
a812dca96b,f759ae47-ef10-40aa-9503-e9e259267a1e,x,X,vn,bang-chu-cai,camera,Trân,1778824957715,,,60,0,,dataset/features/vn/bang-chu-cai/class_x_f759ae47/sample_a812dca96b.npz,features/vn/bang-chu-cai/class_x_f759ae47/sample_a812dca96b.npz,https://drive.google.com/file/d/1LlJy2B39FlIDQ7DBuLXQtQnJS8Hit6qB/view,,2026-05-15T08:09:58.882169Z,a812dca96b,28,class_x_f759ae47,sample_a812dca96b.npz,x,vn/bang-chu-cai/x
6ee3cec2fb,f759ae47-ef10-40aa-9503-e9e259267a1e,x,X,vn,bang-chu-cai,camera,Trân,1778824957715,,,60,0,,dataset/features/vn/bang-chu-cai/class_x_f759ae47/sample_6ee3cec2fb.npz,features/vn/bang-chu-cai/class_x_f759ae47/sample_6ee3cec2fb.npz,https://drive.google.com/file/d/1Y2BRH15XNnbTK5arFBDXaqHum5bTa_R6/view,,2026-05-15T08:11:27.092133Z,6ee3cec2fb,28,class_x_f759ae47,sample_6ee3cec2fb.npz,x,vn/bang-chu-cai/x
5e5d6aba50,f759ae47-ef10-40aa-9503-e9e259267a1e,x,X,vn,bang-chu-cai,camera,Trân,1778824957715,,,60,0,,dataset/features/vn/bang-chu-cai/class_x_f759ae47/sample_5e5d6aba50.npz,features/vn/bang-chu-cai/class_x_f759ae47/sample_5e5d6aba50.npz,https://drive.google.com/file/d/1A9_-tBEDfHLSOsLD_gx2HYwrhCQmV8xl/view,,2026-05-15T08:09:47.655359Z,5e5d6aba50,28,class_x_f759ae47,sample_5e5d6aba50.npz,x,vn/bang-chu-cai/x
eb2d1773f6,f759ae47-ef10-40aa-9503-e9e259267a1e,x,X,vn,bang-chu-cai,camera,Trân,1778824957715,,,60,0,,dataset/features/vn/bang-chu-cai/class_x_f759ae47/sample_eb2d1773f6.npz,features/vn/bang-chu-cai/class_x_f759ae47/sample_eb2d1773f6.npz,https://drive.google.com/file/d/1UCS4GVnYmHl9RzGnoBqAp9I7Ez3aWZ5V/view,,2026-05-15T08:10:16.002893Z,eb2d1773f6,28,class_x_f759ae47,sample_eb2d1773f6.npz,x,vn/bang-chu-cai/x
c8d64aef9f,f759ae47-ef10-40aa-9503-e9e259267a1e,x,X,vn,bang-chu-cai,camera,Trân,1778824957715,,,60,0,,dataset/features/vn/bang-chu-cai/class_x_f759ae47/sample_c8d64aef9f.npz,features/vn/bang-chu-cai/class_x_f759ae47/sample_c8d64aef9f.npz,https://drive.google.com/file/d/1O05TyfadrpcWrlZPdu9zKc8Lap8lfwI5/view,,2026-05-15T08:08:18.065046Z,c8d64aef9f,28,class_x_f759ae47,sample_c8d64aef9f.npz,x,vn/bang-chu-cai/x
4e97470fe4,f759ae47-ef10-40aa-9503-e9e259267a1e,x,X,vn,bang-chu-cai,camera,Trân,1778824957715,,,60,0,,dataset/features/vn/bang-chu-cai/class_x_f759ae47/sample_4e97470fe4.npz,features/vn/bang-chu-cai/class_x_f759ae47/sample_4e97470fe4.npz,https://drive.google.com/file/d/1_gltJTHP42QNE_iBAx0vTTGESIPtP1Xq/view,,2026-05-15T08:10:38.425712Z,4e97470fe4,28,class_x_f759ae47,sample_4e97470fe4.npz,x,vn/bang-chu-cai/x
4e7515273d,f759ae47-ef10-40aa-9503-e9e259267a1e,x,X,vn,bang-chu-cai,camera,Trân,1778824957715,,,60,0,,dataset/features/vn/bang-chu-cai/class_x_f759ae47/sample_4e7515273d.npz,features/vn/bang-chu-cai/class_x_f759ae47/sample_4e7515273d.npz,https://drive.google.com/file/d/10_dUXp01sGIHxwkZ_MNaHiGPrVACUjso/view,,2026-05-15T08:11:38.677482Z,4e7515273d,28,class_x_f759ae47,sample_4e7515273d.npz,x,vn/bang-chu-cai/x
65c862f459,f759ae47-ef10-40aa-9503-e9e259267a1e,x,X,vn,bang-chu-cai,camera,Trân,1778824957715,,,60,0,,dataset/features/vn/bang-chu-cai/class_x_f759ae47/sample_65c862f459.npz,features/vn/bang-chu-cai/class_x_f759ae47/sample_65c862f459.npz,https://drive.google.com/file/d/1DA9QwEkbTbVRDfNUtBg9aefDz-_2SVOK/view,,2026-05-15T08:20:53.926738Z,65c862f459,28,class_x_f759ae47,sample_65c862f459.npz,x,vn/bang-chu-cai/x
617a6fd489,f759ae47-ef10-40aa-9503-e9e259267a1e,x,X,vn,bang-chu-cai,camera,Minh,1778824957715,,,60,0,,dataset/features/vn/bang-chu-cai/class_x_f759ae47/sample_617a6fd489.npz,features/vn/bang-chu-cai/class_x_f759ae47/sample_617a6fd489.npz,https://drive.google.com/file/d/1HdcC7TkJ6P3gebunFJ2IOxLOCZgKIiAW/view,,2026-05-15T08:22:31.026531Z,617a6fd489,28,class_x_f759ae47,sample_617a6fd489.npz,x,vn/bang-chu-cai/x
6fbd62f54e,f759ae47-ef10-40aa-9503-e9e259267a1e,x,X,vn,bang-chu-cai,camera,Trân,1778824957715,,,60,0,,dataset/features/vn/bang-chu-cai/class_x_f759ae47/sample_6fbd62f54e.npz,features/vn/bang-chu-cai/class_x_f759ae47/sample_6fbd62f54e.npz,https://drive.google.com/file/d/1-f0TEzW8UAEE5SroGV6bp5ET5fjM84ck/view,,2026-05-15T08:21:41.589174Z,6fbd62f54e,28,class_x_f759ae47,sample_6fbd62f54e.npz,x,vn/bang-chu-cai/x
5992dcc6d5,f759ae47-ef10-40aa-9503-e9e259267a1e,x,X,vn,bang-chu-cai,camera,Trân,1778824957715,,,60,0,,dataset/features/vn/bang-chu-cai/class_x_f759ae47/sample_5992dcc6d5.npz,features/vn/bang-chu-cai/class_x_f759ae47/sample_5992dcc6d5.npz,https://drive.google.com/file/d/1pQh_6hYRJ5sWXoZ8JuoVSETLrvJyFUSV/view,,2026-05-15T08:11:01.288335Z,5992dcc6d5,28,class_x_f759ae47,sample_5992dcc6d5.npz,x,vn/bang-chu-cai/x
d85a2f5d97,f759ae47-ef10-40aa-9503-e9e259267a1e,x,X,vn,bang-chu-cai,camera,Minh,1778824957715,,,60,0,,dataset/features/vn/bang-chu-cai/class_x_f759ae47/sample_d85a2f5d97.npz,features/vn/bang-chu-cai/class_x_f759ae47/sample_d85a2f5d97.npz,https://drive.google.com/file/d/1Mzerh360c3NPsD8l3LZiBxE98EKJXEr8/view,,2026-05-15T08:22:42.843181Z,d85a2f5d97,28,class_x_f759ae47,sample_d85a2f5d97.npz,x,vn/bang-chu-cai/x
f4aa411c6f,f759ae47-ef10-40aa-9503-e9e259267a1e,x,X,vn,bang-chu-cai,camera,Trân,1778824957715,,,60,0,,dataset/features/vn/bang-chu-cai/class_x_f759ae47/sample_f4aa411c6f.npz,features/vn/bang-chu-cai/class_x_f759ae47/sample_f4aa411c6f.npz,https://drive.google.com/file/d/1UoQCH8Y6mxDatMXnAjT6SHQgwsN0BVt4/view,,2026-05-15T08:21:29.749837Z,f4aa411c6f,28,class_x_f759ae47,sample_f4aa411c6f.npz,x,vn/bang-chu-cai/x
b28ee7714b,f759ae47-ef10-40aa-9503-e9e259267a1e,x,X,vn,bang-chu-cai,camera,Trân,1778824957715,,,60,0,,dataset/features/vn/bang-chu-cai/class_x_f759ae47/sample_b28ee7714b.npz,features/vn/bang-chu-cai/class_x_f759ae47/sample_b28ee7714b.npz,https://drive.google.com/file/d/116fDc833RZatz4EJ78mbnEP3ehnqxFGG/view,,2026-05-15T08:21:17.956650Z,b28ee7714b,28,class_x_f759ae47,sample_b28ee7714b.npz,x,vn/bang-chu-cai/x
7ff4ded205,f759ae47-ef10-40aa-9503-e9e259267a1e,x,X,vn,bang-chu-cai,camera,Minh,1778824957715,,,60,0,,dataset/features/vn/bang-chu-cai/class_x_f759ae47/sample_7ff4ded205.npz,features/vn/bang-chu-cai/class_x_f759ae47/sample_7ff4ded205.npz,https://drive.google.com/file/d/1rnhm52HsQsPfG3S6Zg_wGFTfiVqz6dkp/view,,2026-05-15T08:22:54.537557Z,7ff4ded205,28,class_x_f759ae47,sample_7ff4ded205.npz,x,vn/bang-chu-cai/x
efe6bfa225,f759ae47-ef10-40aa-9503-e9e259267a1e,x,X,vn,bang-chu-cai,camera,Minh,1778824957715,,,60,0,,dataset/features/vn/bang-chu-cai/class_x_f759ae47/sample_efe6bfa225.npz,features/vn/bang-chu-cai/class_x_f759ae47/sample_efe6bfa225.npz,https://drive.google.com/file/d/1qRZgMNVIepy67appLKvi-5tUSQNUDxRD/view,,2026-05-15T08:22:08.019787Z,efe6bfa225,28,class_x_f759ae47,sample_efe6bfa225.npz,x,vn/bang-chu-cai/x
3012dd4876,f759ae47-ef10-40aa-9503-e9e259267a1e,x,X,vn,bang-chu-cai,camera,Trân,1778824957715,,,60,0,,dataset/features/vn/bang-chu-cai/class_x_f759ae47/sample_3012dd4876.npz,features/vn/bang-chu-cai/class_x_f759ae47/sample_3012dd4876.npz,https://drive.google.com/file/d/1-F5q75WxvN-r2FQgZYqxo73Gbp2M6Eov/view,,2026-05-15T08:21:05.829230Z,3012dd4876,28,class_x_f759ae47,sample_3012dd4876.npz,x,vn/bang-chu-cai/x
6c0547fd5f,f759ae47-ef10-40aa-9503-e9e259267a1e,x,X,vn,bang-chu-cai,camera,Trân,1778824957715,,,60,0,,dataset/features/vn/bang-chu-cai/class_x_f759ae47/sample_6c0547fd5f.npz,features/vn/bang-chu-cai/class_x_f759ae47/sample_6c0547fd5f.npz,https://drive.google.com/file/d/1HNIUfOvTiutDmsiKnVMEQA-wpr-2Eivx/view,,2026-05-15T08:08:06.623518Z,6c0547fd5f,28,class_x_f759ae47,sample_6c0547fd5f.npz,x,vn/bang-chu-cai/x
9a7026f5ae,f759ae47-ef10-40aa-9503-e9e259267a1e,x,X,vn,bang-chu-cai,camera,Trân,1778824957715,,,60,0,,dataset/features/vn/bang-chu-cai/class_x_f759ae47/sample_9a7026f5ae.npz,features/vn/bang-chu-cai/class_x_f759ae47/sample_9a7026f5ae.npz,https://drive.google.com/file/d/10qmNBc7dtt7K1ydVOIS8dMpPj7Al_Hfi/view,,2026-05-15T08:09:13.622502Z,9a7026f5ae,28,class_x_f759ae47,sample_9a7026f5ae.npz,x,vn/bang-chu-cai/x
393e1f79b6,f759ae47-ef10-40aa-9503-e9e259267a1e,x,X,vn,bang-chu-cai,camera,Trân,1778824957715,,,60,0,,dataset/features/vn/bang-chu-cai/class_x_f759ae47/sample_393e1f79b6.npz,features/vn/bang-chu-cai/class_x_f759ae47/sample_393e1f79b6.npz,https://drive.google.com/file/d/1bbDkMQg53SHny1b6F4ZAD99nSsSHUfps/view,,2026-05-15T08:08:40.839825Z,393e1f79b6,28,class_x_f759ae47,sample_393e1f79b6.npz,x,vn/bang-chu-cai/x
81ec4a99e0,f759ae47-ef10-40aa-9503-e9e259267a1e,x,X,vn,bang-chu-cai,camera,Trân,1778824957715,,,60,0,,dataset/features/vn/bang-chu-cai/class_x_f759ae47/sample_81ec4a99e0.npz,features/vn/bang-chu-cai/class_x_f759ae47/sample_81ec4a99e0.npz,https://drive.google.com/file/d/1v13xJFTPopjO2R8b7aLTrgnnCq0agaL_/view,,2026-05-15T08:11:16.041080Z,81ec4a99e0,28,class_x_f759ae47,sample_81ec4a99e0.npz,x,vn/bang-chu-cai/x
ab63dad347,ba9d934f-9836-4da5-946a-f6b5193a3cc8,y,Y,vn,bang-chu-cai,camera,Trân,1778824957715,,,60,0,,dataset/features/vn/bang-chu-cai/class_y_ba9d934f/sample_ab63dad347.npz,features/vn/bang-chu-cai/class_y_ba9d934f/sample_ab63dad347.npz,https://drive.google.com/file/d/1HVUJoL786upRhk6zBbQepDn8H_3pKy1Z/view,,2026-05-15T08:26:06.956253Z,ab63dad347,29,class_y_ba9d934f,sample_ab63dad347.npz,y,vn/bang-chu-cai/y
927b53383b,ba9d934f-9836-4da5-946a-f6b5193a3cc8,y,Y,vn,bang-chu-cai,camera,Minh,1778824957715,,,60,0,,dataset/features/vn/bang-chu-cai/class_y_ba9d934f/sample_927b53383b.npz,features/vn/bang-chu-cai/class_y_ba9d934f/sample_927b53383b.npz,https://drive.google.com/file/d/1C24B8zYan-5aXthsQPZph-eWULPa8e9N/view,,2026-05-15T08:28:09.787726Z,927b53383b,29,class_y_ba9d934f,sample_927b53383b.npz,y,vn/bang-chu-cai/y
56f9ec1464,ba9d934f-9836-4da5-946a-f6b5193a3cc8,y,Y,vn,bang-chu-cai,camera,Minh,1778824957715,,,60,0,,dataset/features/vn/bang-chu-cai/class_y_ba9d934f/sample_56f9ec1464.npz,features/vn/bang-chu-cai/class_y_ba9d934f/sample_56f9ec1464.npz,https://drive.google.com/file/d/1rQI2diknYzlc4JFW54H1O9LqldbfFndZ/view,,2026-05-15T08:30:12.175303Z,56f9ec1464,29,class_y_ba9d934f,sample_56f9ec1464.npz,y,vn/bang-chu-cai/y
c90a174e89,ba9d934f-9836-4da5-946a-f6b5193a3cc8,y,Y,vn,bang-chu-cai,camera,Trân,1778824957715,,,60,0,,dataset/features/vn/bang-chu-cai/class_y_ba9d934f/sample_c90a174e89.npz,features/vn/bang-chu-cai/class_y_ba9d934f/sample_c90a174e89.npz,https://drive.google.com/file/d/1CTrhhnHFWu0iKuiSKmCTmQrqCzVsFTRH/view,,2026-05-15T08:26:18.291690Z,c90a174e89,29,class_y_ba9d934f,sample_c90a174e89.npz,y,vn/bang-chu-cai/y
c4629692ff,ba9d934f-9836-4da5-946a-f6b5193a3cc8,y,Y,vn,bang-chu-cai,camera,Minh,1778824957715,,,60,0,,dataset/features/vn/bang-chu-cai/class_y_ba9d934f/sample_c4629692ff.npz,features/vn/bang-chu-cai/class_y_ba9d934f/sample_c4629692ff.npz,https://drive.google.com/file/d/1qhz_ETq5I-H-G4Dc2YDU78lGQt4MKteZ/view,,2026-05-15T08:29:36.841172Z,c4629692ff,29,class_y_ba9d934f,sample_c4629692ff.npz,y,vn/bang-chu-cai/y
478c23688c,ba9d934f-9836-4da5-946a-f6b5193a3cc8,y,Y,vn,bang-chu-cai,camera,Minh,1778824957715,,,60,0,,dataset/features/vn/bang-chu-cai/class_y_ba9d934f/sample_478c23688c.npz,features/vn/bang-chu-cai/class_y_ba9d934f/sample_478c23688c.npz,https://drive.google.com/file/d/19EzJ7ydrxattWrG_os8PpRSJcH0xwsDx/view,,2026-05-15T08:28:33.567151Z,478c23688c,29,class_y_ba9d934f,sample_478c23688c.npz,y,vn/bang-chu-cai/y
403b333a4f,ba9d934f-9836-4da5-946a-f6b5193a3cc8,y,Y,vn,bang-chu-cai,camera,Trân,1778824957715,,,60,0,,dataset/features/vn/bang-chu-cai/class_y_ba9d934f/sample_403b333a4f.npz,features/vn/bang-chu-cai/class_y_ba9d934f/sample_403b333a4f.npz,https://drive.google.com/file/d/1hOxHJ779lA9nKYEhXqow3T5Q-W8OSUYY/view,,2026-05-15T08:25:01.855414Z,403b333a4f,29,class_y_ba9d934f,sample_403b333a4f.npz,y,vn/bang-chu-cai/y
5a8de8c04e,ba9d934f-9836-4da5-946a-f6b5193a3cc8,y,Y,vn,bang-chu-cai,camera,Trân,1778824957715,,,60,0,,dataset/features/vn/bang-chu-cai/class_y_ba9d934f/sample_5a8de8c04e.npz,features/vn/bang-chu-cai/class_y_ba9d934f/sample_5a8de8c04e.npz,https://drive.google.com/file/d/1kZzcKwJKyeavUyN0Sm77mHV-3eGCRaeQ/view,,2026-05-15T08:25:54.829179Z,5a8de8c04e,29,class_y_ba9d934f,sample_5a8de8c04e.npz,y,vn/bang-chu-cai/y
a6d6262a08,ba9d934f-9836-4da5-946a-f6b5193a3cc8,y,Y,vn,bang-chu-cai,camera,Trân,1778824957715,,,60,0,,dataset/features/vn/bang-chu-cai/class_y_ba9d934f/sample_a6d6262a08.npz,features/vn/bang-chu-cai/class_y_ba9d934f/sample_a6d6262a08.npz,https://drive.google.com/file/d/16aiWhE3A46WLj5Gbz80zseUVwoBtqsyQ/view,,2026-05-15T08:25:37.776979Z,a6d6262a08,29,class_y_ba9d934f,sample_a6d6262a08.npz,y,vn/bang-chu-cai/y
eae488ea70,ba9d934f-9836-4da5-946a-f6b5193a3cc8,y,Y,vn,bang-chu-cai,camera,Trân,1778824957715,,,60,0,,dataset/features/vn/bang-chu-cai/class_y_ba9d934f/sample_eae488ea70.npz,features/vn/bang-chu-cai/class_y_ba9d934f/sample_eae488ea70.npz,https://drive.google.com/file/d/1H3R5eCdgLg5_ldelrtGNJm0aUuJ1BVxH/view,,2026-05-15T08:26:30.696243Z,eae488ea70,29,class_y_ba9d934f,sample_eae488ea70.npz,y,vn/bang-chu-cai/y
87c877cec3,ba9d934f-9836-4da5-946a-f6b5193a3cc8,y,Y,vn,bang-chu-cai,camera,Minh,1778824957715,,,60,0,,dataset/features/vn/bang-chu-cai/class_y_ba9d934f/sample_87c877cec3.npz,features/vn/bang-chu-cai/class_y_ba9d934f/sample_87c877cec3.npz,https://drive.google.com/file/d/1ZePYCfEI0wn2ToQD1y_21JISpkxxga6V/view,,2026-05-15T08:29:48.203323Z,87c877cec3,29,class_y_ba9d934f,sample_87c877cec3.npz,y,vn/bang-chu-cai/y
b4baf747a5,ba9d934f-9836-4da5-946a-f6b5193a3cc8,y,Y,vn,bang-chu-cai,camera,Trân,1778824957715,,,60,0,,dataset/features/vn/bang-chu-cai/class_y_ba9d934f/sample_b4baf747a5.npz,features/vn/bang-chu-cai/class_y_ba9d934f/sample_b4baf747a5.npz,https://drive.google.com/file/d/1hs2Cw_-V15JFgHJhquCwgAz5BdbGcynx/view,,2026-05-15T08:27:40.022752Z,b4baf747a5,29,class_y_ba9d934f,sample_b4baf747a5.npz,y,vn/bang-chu-cai/y
1106f2d982,ba9d934f-9836-4da5-946a-f6b5193a3cc8,y,Y,vn,bang-chu-cai,camera,Trân,1778824957715,,,60,0,,dataset/features/vn/bang-chu-cai/class_y_ba9d934f/sample_1106f2d982.npz,features/vn/bang-chu-cai/class_y_ba9d934f/sample_1106f2d982.npz,https://drive.google.com/file/d/1AarpW-avnhrJdl-g2AGSjyi8T0Y5apRQ/view,,2026-05-15T08:25:24.783294Z,1106f2d982,29,class_y_ba9d934f,sample_1106f2d982.npz,y,vn/bang-chu-cai/y
9f04c69b45,ba9d934f-9836-4da5-946a-f6b5193a3cc8,y,Y,vn,bang-chu-cai,camera,Minh,1778824957715,,,60,0,,dataset/features/vn/bang-chu-cai/class_y_ba9d934f/sample_9f04c69b45.npz,features/vn/bang-chu-cai/class_y_ba9d934f/sample_9f04c69b45.npz,https://drive.google.com/file/d/173r8EcPc-cWURZc2Nz9bI8DZAlD83aYK/view,,2026-05-15T08:29:24.553444Z,9f04c69b45,29,class_y_ba9d934f,sample_9f04c69b45.npz,y,vn/bang-chu-cai/y
f4c206881d,ba9d934f-9836-4da5-946a-f6b5193a3cc8,y,Y,vn,bang-chu-cai,camera,Minh,1778824957715,,,60,0,,dataset/features/vn/bang-chu-cai/class_y_ba9d934f/sample_f4c206881d.npz,features/vn/bang-chu-cai/class_y_ba9d934f/sample_f4c206881d.npz,https://drive.google.com/file/d/1VzW_QI8vphcq8rHAAG1pdvnHvMuRJCqP/view,,2026-05-15T08:28:21.474510Z,f4c206881d,29,class_y_ba9d934f,sample_f4c206881d.npz,y,vn/bang-chu-cai/y
98df2556ee,ba9d934f-9836-4da5-946a-f6b5193a3cc8,y,Y,vn,bang-chu-cai,camera,Trân,1778824957715,,,60,0,,dataset/features/vn/bang-chu-cai/class_y_ba9d934f/sample_98df2556ee.npz,features/vn/bang-chu-cai/class_y_ba9d934f/sample_98df2556ee.npz,https://drive.google.com/file/d/1Zho36Fj1JPp6zVEDouuRtSR1kEmUxxKW/view,,2026-05-15T08:27:28.476979Z,98df2556ee,29,class_y_ba9d934f,sample_98df2556ee.npz,y,vn/bang-chu-cai/y
1e690271a6,ba9d934f-9836-4da5-946a-f6b5193a3cc8,y,Y,vn,bang-chu-cai,camera,Minh,1778824957715,,,60,0,,dataset/features/vn/bang-chu-cai/class_y_ba9d934f/sample_1e690271a6.npz,features/vn/bang-chu-cai/class_y_ba9d934f/sample_1e690271a6.npz,https://drive.google.com/file/d/1C1OEUq087VgsYXIbRYkiTs-ZIw3_oeZA/view,,2026-05-15T08:30:00.597336Z,1e690271a6,29,class_y_ba9d934f,sample_1e690271a6.npz,y,vn/bang-chu-cai/y
fd549032ac,ba9d934f-9836-4da5-946a-f6b5193a3cc8,y,Y,vn,bang-chu-cai,camera,Trân,1778824957715,,,60,0,,dataset/features/vn/bang-chu-cai/class_y_ba9d934f/sample_fd549032ac.npz,features/vn/bang-chu-cai/class_y_ba9d934f/sample_fd549032ac.npz,https://drive.google.com/file/d/19mOQI7XOKf4gXoFf71U4QJyBsu82cWnv/view,,2026-05-15T08:24:50.548124Z,fd549032ac,29,class_y_ba9d934f,sample_fd549032ac.npz,y,vn/bang-chu-cai/y
affb45d210,ec69ab15-ccd3-4fbe-bbd8-ae1594b209b5,cat-dau-ca,cắt đầu cá,vn,hoa-de,camera,Trân,1778862884506,,,60,0,,dataset/features/vn/hoa-de/class_cat-dau-ca_ec69ab15/sample_affb45d210.npz,features/vn/hoa-de/class_cat-dau-ca_ec69ab15/sample_affb45d210.npz,https://drive.google.com/file/d/1CYpVuJdtDqAaa90QTM4XWgVF5g4922xv/view,,2026-05-15T08:32:26.147869Z,affb45d210,30,class_cat-dau-ca_ec69ab15,sample_affb45d210.npz,cat-dau-ca,vn/hoa-de/cat-dau-ca
8b5ee3c10b,ec69ab15-ccd3-4fbe-bbd8-ae1594b209b5,cat-dau-ca,cắt đầu cá,vn,hoa-de,camera,Trân,1778862884506,,,60,0,,dataset/features/vn/hoa-de/class_cat-dau-ca_ec69ab15/sample_8b5ee3c10b.npz,features/vn/hoa-de/class_cat-dau-ca_ec69ab15/sample_8b5ee3c10b.npz,https://drive.google.com/file/d/1OVH0U5ooFrBHliPTwubf16uE7AqLlPuE/view,,2026-05-15T08:31:41.412311Z,8b5ee3c10b,30,class_cat-dau-ca_ec69ab15,sample_8b5ee3c10b.npz,cat-dau-ca,vn/hoa-de/cat-dau-ca
4a0be32132,ec69ab15-ccd3-4fbe-bbd8-ae1594b209b5,cat-dau-ca,cắt đầu cá,vn,hoa-de,camera,Minh,1778862884506,,,60,0,,dataset/features/vn/hoa-de/class_cat-dau-ca_ec69ab15/sample_4a0be32132.npz,features/vn/hoa-de/class_cat-dau-ca_ec69ab15/sample_4a0be32132.npz,https://drive.google.com/file/d/1bG-V32q-VNc4fyKrfsX8qxuejdAR0JZM/view,,2026-05-15T08:34:27.069576Z,4a0be32132,30,class_cat-dau-ca_ec69ab15,sample_4a0be32132.npz,cat-dau-ca,vn/hoa-de/cat-dau-ca
c9b2fbb4d2,ec69ab15-ccd3-4fbe-bbd8-ae1594b209b5,cat-dau-ca,cắt đầu cá,vn,hoa-de,camera,Trân,1778862884506,,,60,0,,dataset/features/vn/hoa-de/class_cat-dau-ca_ec69ab15/sample_c9b2fbb4d2.npz,features/vn/hoa-de/class_cat-dau-ca_ec69ab15/sample_c9b2fbb4d2.npz,https://drive.google.com/file/d/1EGCTFdT9XZlt2f1fF-5AlSXquVKrk7n7/view,,2026-05-15T08:30:50.389810Z,c9b2fbb4d2,30,class_cat-dau-ca_ec69ab15,sample_c9b2fbb4d2.npz,cat-dau-ca,vn/hoa-de/cat-dau-ca
c564c1bc2b,ec69ab15-ccd3-4fbe-bbd8-ae1594b209b5,cat-dau-ca,cắt đầu cá,vn,hoa-de,camera,Minh,1778862884506,,,60,0,,dataset/features/vn/hoa-de/class_cat-dau-ca_ec69ab15/sample_c564c1bc2b.npz,features/vn/hoa-de/class_cat-dau-ca_ec69ab15/sample_c564c1bc2b.npz,https://drive.google.com/file/d/1b2zLIuwiijjjThgkK4xQpO9C1syUQ1JT/view,,2026-05-15T08:34:54.242612Z,c564c1bc2b,30,class_cat-dau-ca_ec69ab15,sample_c564c1bc2b.npz,cat-dau-ca,vn/hoa-de/cat-dau-ca
30c2004f0d,ec69ab15-ccd3-4fbe-bbd8-ae1594b209b5,cat-dau-ca,cắt đầu cá,vn,hoa-de,camera,Trân,1778862884506,,,60,0,,dataset/features/vn/hoa-de/class_cat-dau-ca_ec69ab15/sample_30c2004f0d.npz,features/vn/hoa-de/class_cat-dau-ca_ec69ab15/sample_30c2004f0d.npz,https://drive.google.com/file/d/1iLEEVvVcF6OeHroMlfhFmkGQy6Z7xkyK/view,,2026-05-15T08:33:14.972228Z,30c2004f0d,30,class_cat-dau-ca_ec69ab15,sample_30c2004f0d.npz,cat-dau-ca,vn/hoa-de/cat-dau-ca
23b3d1720b,ec69ab15-ccd3-4fbe-bbd8-ae1594b209b5,cat-dau-ca,cắt đầu cá,vn,hoa-de,camera,Trân,1778862884506,,,60,0,,dataset/features/vn/hoa-de/class_cat-dau-ca_ec69ab15/sample_23b3d1720b.npz,features/vn/hoa-de/class_cat-dau-ca_ec69ab15/sample_23b3d1720b.npz,https://drive.google.com/file/d/1AuRAbdvbTiw_7UaEJEsos2DbP9eoOlOp/view,,2026-05-15T08:32:14.895736Z,23b3d1720b,30,class_cat-dau-ca_ec69ab15,sample_23b3d1720b.npz,cat-dau-ca,vn/hoa-de/cat-dau-ca
58061184db,ec69ab15-ccd3-4fbe-bbd8-ae1594b209b5,cat-dau-ca,cắt đầu cá,vn,hoa-de,camera,Minh,1778862884506,,,60,0,,dataset/features/vn/hoa-de/class_cat-dau-ca_ec69ab15/sample_58061184db.npz,features/vn/hoa-de/class_cat-dau-ca_ec69ab15/sample_58061184db.npz,https://drive.google.com/file/d/1yS8w0EMniuZfPppEDlQfiiQIWMJUK2AD/view,,2026-05-15T08:34:42.847988Z,58061184db,30,class_cat-dau-ca_ec69ab15,sample_58061184db.npz,cat-dau-ca,vn/hoa-de/cat-dau-ca
abb17ae2db,ec69ab15-ccd3-4fbe-bbd8-ae1594b209b5,cat-dau-ca,cắt đầu cá,vn,hoa-de,camera,Minh,1778862884506,,,60,0,,dataset/features/vn/hoa-de/class_cat-dau-ca_ec69ab15/sample_abb17ae2db.npz,features/vn/hoa-de/class_cat-dau-ca_ec69ab15/sample_abb17ae2db.npz,https://drive.google.com/file/d/1E4sTqiJVZTsvc7uU0E1cSwIJubfGS8ML/view,,2026-05-15T08:33:41.284321Z,abb17ae2db,30,class_cat-dau-ca_ec69ab15,sample_abb17ae2db.npz,cat-dau-ca,vn/hoa-de/cat-dau-ca
e6db08decc,ec69ab15-ccd3-4fbe-bbd8-ae1594b209b5,cat-dau-ca,cắt đầu cá,vn,hoa-de,camera,Trân,1778862884506,,,60,0,,dataset/features/vn/hoa-de/class_cat-dau-ca_ec69ab15/sample_e6db08decc.npz,features/vn/hoa-de/class_cat-dau-ca_ec69ab15/sample_e6db08decc.npz,https://drive.google.com/file/d/1zPiJCTJ06sSfv_dNvbBpwytLRMLqiL0u/view,,2026-05-15T08:31:13.138442Z,e6db08decc,30,class_cat-dau-ca_ec69ab15,sample_e6db08decc.npz,cat-dau-ca,vn/hoa-de/cat-dau-ca
5ec43fae66,ec69ab15-ccd3-4fbe-bbd8-ae1594b209b5,cat-dau-ca,cắt đầu cá,vn,hoa-de,camera,Minh,1778862884506,,,60,0,,dataset/features/vn/hoa-de/class_cat-dau-ca_ec69ab15/sample_5ec43fae66.npz,features/vn/hoa-de/class_cat-dau-ca_ec69ab15/sample_5ec43fae66.npz,https://drive.google.com/file/d/1WYJTgWg35HbuqS1qpHdFC2ajMSzv5Zqr/view,,2026-05-15T08:34:15.267808Z,5ec43fae66,30,class_cat-dau-ca_ec69ab15,sample_5ec43fae66.npz,cat-dau-ca,vn/hoa-de/cat-dau-ca
b153ee8f89,ec69ab15-ccd3-4fbe-bbd8-ae1594b209b5,cat-dau-ca,cắt đầu cá,vn,hoa-de,camera,Trân,1778862884506,,,60,0,,dataset/features/vn/hoa-de/class_cat-dau-ca_ec69ab15/sample_b153ee8f89.npz,features/vn/hoa-de/class_cat-dau-ca_ec69ab15/sample_b153ee8f89.npz,https://drive.google.com/file/d/1-tbX228SLY-sv8l6WLfBOvItIa9RQ4vB/view,,2026-05-15T08:30:38.066841Z,b153ee8f89,30,class_cat-dau-ca_ec69ab15,sample_b153ee8f89.npz,cat-dau-ca,vn/hoa-de/cat-dau-ca
02faa65203,ec69ab15-ccd3-4fbe-bbd8-ae1594b209b5,cat-dau-ca,cắt đầu cá,vn,hoa-de,camera,Trân,1778862884506,,,60,0,,dataset/features/vn/hoa-de/class_cat-dau-ca_ec69ab15/sample_02faa65203.npz,features/vn/hoa-de/class_cat-dau-ca_ec69ab15/sample_02faa65203.npz,https://drive.google.com/file/d/1JPyazbCSNLENVeAVtmK0QVf7Y3To5ZU8/view,,2026-05-15T08:31:24.505300Z,02faa65203,30,class_cat-dau-ca_ec69ab15,sample_02faa65203.npz,cat-dau-ca,vn/hoa-de/cat-dau-ca
91c661ee70,ec69ab15-ccd3-4fbe-bbd8-ae1594b209b5,cat-dau-ca,cắt đầu cá,vn,hoa-de,camera,Trân,1778862884506,,,60,0,,dataset/features/vn/hoa-de/class_cat-dau-ca_ec69ab15/sample_91c661ee70.npz,features/vn/hoa-de/class_cat-dau-ca_ec69ab15/sample_91c661ee70.npz,https://drive.google.com/file/d/1hqqc_oH1zb4ilHHZ9sOApzlzJeDjnhsh/view,,2026-05-15T08:33:03.457367Z,91c661ee70,30,class_cat-dau-ca_ec69ab15,sample_91c661ee70.npz,cat-dau-ca,vn/hoa-de/cat-dau-ca
eddbef3197,ec69ab15-ccd3-4fbe-bbd8-ae1594b209b5,cat-dau-ca,cắt đầu cá,vn,hoa-de,camera,Trân,1778862884506,,,60,0,,dataset/features/vn/hoa-de/class_cat-dau-ca_ec69ab15/sample_eddbef3197.npz,features/vn/hoa-de/class_cat-dau-ca_ec69ab15/sample_eddbef3197.npz,https://drive.google.com/file/d/1oXU9eTF0pM1aaXpYqeDKYcI5W6x9l5eM/view,,2026-05-15T08:32:03.978545Z,eddbef3197,30,class_cat-dau-ca_ec69ab15,sample_eddbef3197.npz,cat-dau-ca,vn/hoa-de/cat-dau-ca
8ce983a954,ec69ab15-ccd3-4fbe-bbd8-ae1594b209b5,cat-dau-ca,cắt đầu cá,vn,hoa-de,camera,Trân,1778862884506,,,60,0,,dataset/features/vn/hoa-de/class_cat-dau-ca_ec69ab15/sample_8ce983a954.npz,features/vn/hoa-de/class_cat-dau-ca_ec69ab15/sample_8ce983a954.npz,https://drive.google.com/file/d/1rFAsij3l0vMZKokOorB6PqK3gRDBVPTV/view,,2026-05-15T08:32:51.989474Z,8ce983a954,30,class_cat-dau-ca_ec69ab15,sample_8ce983a954.npz,cat-dau-ca,vn/hoa-de/cat-dau-ca
085cddd819,ec69ab15-ccd3-4fbe-bbd8-ae1594b209b5,cat-dau-ca,cắt đầu cá,vn,hoa-de,camera,Trân,1778862884506,,,60,0,,dataset/features/vn/hoa-de/class_cat-dau-ca_ec69ab15/sample_085cddd819.npz,features/vn/hoa-de/class_cat-dau-ca_ec69ab15/sample_085cddd819.npz,https://drive.google.com/file/d/1TGXjXWK774ymdEvCc-5Ebloh9Yl6jbh6/view,,2026-05-15T08:33:26.281865Z,085cddd819,30,class_cat-dau-ca_ec69ab15,sample_085cddd819.npz,cat-dau-ca,vn/hoa-de/cat-dau-ca
eede2bb78a,ec69ab15-ccd3-4fbe-bbd8-ae1594b209b5,cat-dau-ca,cắt đầu cá,vn,hoa-de,camera,Minh,1778862884506,,,60,0,,dataset/features/vn/hoa-de/class_cat-dau-ca_ec69ab15/sample_eede2bb78a.npz,features/vn/hoa-de/class_cat-dau-ca_ec69ab15/sample_eede2bb78a.npz,https://drive.google.com/file/d/1u68rl5exHgLGqGctyg2qK6sG2klJ-c0O/view,,2026-05-15T08:33:52.661488Z,eede2bb78a,30,class_cat-dau-ca_ec69ab15,sample_eede2bb78a.npz,cat-dau-ca,vn/hoa-de/cat-dau-ca
8009c47d99,6df3b6d1-fa0c-4435-87ca-91e2cea78d13,z,Z,vn,bang-chu-cai,camera,Minh,1780244022241,,,60,0,,dataset/features/vn/bang-chu-cai/class_z_6df3b6d1/sample_8009c47d99.npz,features/vn/bang-chu-cai/class_z_6df3b6d1/sample_8009c47d99.npz,https://drive.google.com/file/d/1JD0chOhYGJqzRsWsegMv-1SJkL2VdWuR/view,,2026-05-15T16:45:33.869828Z,8009c47d99,32,class_z_6df3b6d1,sample_8009c47d99.npz,z,vn/bang-chu-cai/z
334a950960,6df3b6d1-fa0c-4435-87ca-91e2cea78d13,z,Z,vn,bang-chu-cai,camera,Minh,1780244022241,,,60,0,,dataset/features/vn/bang-chu-cai/class_z_6df3b6d1/sample_334a950960.npz,features/vn/bang-chu-cai/class_z_6df3b6d1/sample_334a950960.npz,https://drive.google.com/file/d/1rnZ9BRpUua5at9O7xlfGk1KdZ8YQdhi5/view,,2026-05-15T16:46:00.443640Z,334a950960,32,class_z_6df3b6d1,sample_334a950960.npz,z,vn/bang-chu-cai/z
